scenario_name,particle_energy,barrier_height,barrier_width,transmission_probability,reflection_probability,position,potential_energy,wavefunction_real,wavefunction_imag,wavefunction_amplitude,probability_density,wavefunction_phase_rad,spatial_region
"Deep Tunneling (E=1.5, V0=5.0)",1.5,5.0,1.5,0.0012,0.9988,-4.0,0.0,1.03059,-1.573431,1.880904,3.5378,-0.9909,Region I (Incident/Reflected)
"Deep Tunneling (E=1.5, V0=5.0)",1.5,5.0,1.5,0.0012,0.9988,-3.9598,0.0,1.002311,-1.530176,1.829225,3.346066,-0.9909,Region I (Incident/Reflected)
"Deep Tunneling (E=1.5, V0=5.0)",1.5,5.0,1.5,0.0012,0.9988,-3.9197,0.0,0.969184,-1.47952,1.7687,3.128298,-0.9909,Region I (Incident/Reflected)
"Deep Tunneling (E=1.5, V0=5.0)",1.5,5.0,1.5,0.0012,0.9988,-3.8795,0.0,0.93137,-1.421708,1.699619,2.888705,-0.9908,Region I (Incident/Reflected)
"Deep Tunneling (E=1.5, V0=5.0)",1.5,5.0,1.5,0.0012,0.9988,-3.8394,0.0,0.889051,-1.35702,1.622318,2.631916,-0.9908,Region I (Incident/Reflected)
"Deep Tunneling (E=1.5, V0=5.0)",1.5,5.0,1.5,0.0012,0.9988,-3.7992,0.0,0.842432,-1.285769,1.53717,2.362893,-0.9908,Region I (Incident/Reflected)
"Deep Tunneling (E=1.5, V0=5.0)",1.5,5.0,1.5,0.0012,0.9988,-3.759,0.0,0.791739,-1.208298,1.444588,2.086834,-0.9907,Region I (Incident/Reflected)
"Deep Tunneling (E=1.5, V0=5.0)",1.5,5.0,1.5,0.0012,0.9988,-3.7189,0.0,0.737216,-1.124983,1.345018,1.809075,-0.9907,Region I (Incident/Reflected)
"Deep Tunneling (E=1.5, V0=5.0)",1.5,5.0,1.5,0.0012,0.9988,-3.6787,0.0,0.679127,-1.036228,1.238944,1.534981,-0.9906,Region I (Incident/Reflected)
"Deep Tunneling (E=1.5, V0=5.0)",1.5,5.0,1.5,0.0012,0.9988,-3.6386,0.0,0.617754,-0.94246,1.126876,1.26985,-0.9906,Region I (Incident/Reflected)
"Deep Tunneling (E=1.5, V0=5.0)",1.5,5.0,1.5,0.0012,0.9988,-3.5984,0.0,0.553392,-0.844134,1.009359,1.018805,-0.9905,Region I (Incident/Reflected)
"Deep Tunneling (E=1.5, V0=5.0)",1.5,5.0,1.5,0.0012,0.9988,-3.5582,0.0,0.486354,-0.741725,0.886959,0.786697,-0.9904,Region I (Incident/Reflected)
"Deep Tunneling (E=1.5, V0=5.0)",1.5,5.0,1.5,0.0012,0.9988,-3.5181,0.0,0.416964,-0.635729,0.76027,0.57801,-0.9903,Region I (Incident/Reflected)
"Deep Tunneling (E=1.5, V0=5.0)",1.5,5.0,1.5,0.0012,0.9988,-3.4779,0.0,0.345557,-0.526657,0.629903,0.396778,-0.9901,Region I (Incident/Reflected)
"Deep Tunneling (E=1.5, V0=5.0)",1.5,5.0,1.5,0.0012,0.9988,-3.4378,0.0,0.272479,-0.415039,0.49649,0.246502,-0.9899,Region I (Incident/Reflected)
"Deep Tunneling (E=1.5, V0=5.0)",1.5,5.0,1.5,0.0012,0.9988,-3.3976,0.0,0.198083,-0.301413,0.360675,0.130087,-0.9894,Region I (Incident/Reflected)
"Deep Tunneling (E=1.5, V0=5.0)",1.5,5.0,1.5,0.0012,0.9988,-3.3574,0.0,0.122729,-0.186329,0.223116,0.049781,-0.9884,Region I (Incident/Reflected)
"Deep Tunneling (E=1.5, V0=5.0)",1.5,5.0,1.5,0.0012,0.9988,-3.3173,0.0,0.046781,-0.070344,0.084479,0.007137,-0.9839,Region I (Incident/Reflected)
"Deep Tunneling (E=1.5, V0=5.0)",1.5,5.0,1.5,0.0012,0.9988,-3.2771,0.0,-0.029393,0.045981,0.054573,0.002978,2.1396,Region I (Incident/Reflected)
"Deep Tunneling (E=1.5, V0=5.0)",1.5,5.0,1.5,0.0012,0.9988,-3.2369,0.0,-0.105425,0.162084,0.193353,0.037386,2.1475,Region I (Incident/Reflected)
"Deep Tunneling (E=1.5, V0=5.0)",1.5,5.0,1.5,0.0012,0.9988,-3.1968,0.0,-0.180947,0.277402,0.331201,0.109694,2.1488,Region I (Incident/Reflected)
"Deep Tunneling (E=1.5, V0=5.0)",1.5,5.0,1.5,0.0012,0.9988,-3.1566,0.0,-0.255594,0.39138,0.467446,0.218506,2.1493,Region I (Incident/Reflected)
"Deep Tunneling (E=1.5, V0=5.0)",1.5,5.0,1.5,0.0012,0.9988,-3.1165,0.0,-0.329005,0.503464,0.601431,0.36172,2.1496,Region I (Incident/Reflected)
"Deep Tunneling (E=1.5, V0=5.0)",1.5,5.0,1.5,0.0012,0.9988,-3.0763,0.0,-0.400824,0.613113,0.732507,0.536567,2.1498,Region I (Incident/Reflected)
"Deep Tunneling (E=1.5, V0=5.0)",1.5,5.0,1.5,0.0012,0.9988,-3.0361,0.0,-0.470705,0.719796,0.86004,0.739669,2.1499,Region I (Incident/Reflected)
"Deep Tunneling (E=1.5, V0=5.0)",1.5,5.0,1.5,0.0012,0.9988,-2.996,0.0,-0.538309,0.822999,0.983414,0.967103,2.15,Region I (Incident/Reflected)
"Deep Tunneling (E=1.5, V0=5.0)",1.5,5.0,1.5,0.0012,0.9988,-2.9558,0.0,-0.603309,0.92222,1.102031,1.214472,2.1501,Region I (Incident/Reflected)
"Deep Tunneling (E=1.5, V0=5.0)",1.5,5.0,1.5,0.0012,0.9988,-2.9157,0.0,-0.665391,1.016981,1.215317,1.476996,2.1502,Region I (Incident/Reflected)
"Deep Tunneling (E=1.5, V0=5.0)",1.5,5.0,1.5,0.0012,0.9988,-2.8755,0.0,-0.724255,1.106824,1.322726,1.749604,2.1502,Region I (Incident/Reflected)
"Deep Tunneling (E=1.5, V0=5.0)",1.5,5.0,1.5,0.0012,0.9988,-2.8353,0.0,-0.779616,1.191313,1.423737,2.027027,2.1503,Region I (Incident/Reflected)
"Deep Tunneling (E=1.5, V0=5.0)",1.5,5.0,1.5,0.0012,0.9988,-2.7952,0.0,-0.831207,1.270039,1.517862,2.303905,2.1503,Region I (Incident/Reflected)
"Deep Tunneling (E=1.5, V0=5.0)",1.5,5.0,1.5,0.0012,0.9988,-2.755,0.0,-0.878777,1.342624,1.604645,2.574887,2.1503,Region I (Incident/Reflected)
"Deep Tunneling (E=1.5, V0=5.0)",1.5,5.0,1.5,0.0012,0.9988,-2.7149,0.0,-0.922096,1.408714,1.683668,2.834737,2.1504,Region I (Incident/Reflected)
"Deep Tunneling (E=1.5, V0=5.0)",1.5,5.0,1.5,0.0012,0.9988,-2.6747,0.0,-0.960956,1.467991,1.754547,3.078434,2.1504,Region I (Incident/Reflected)
"Deep Tunneling (E=1.5, V0=5.0)",1.5,5.0,1.5,0.0012,0.9988,-2.6345,0.0,-0.995168,1.520168,1.816939,3.301269,2.1504,Region I (Incident/Reflected)
"Deep Tunneling (E=1.5, V0=5.0)",1.5,5.0,1.5,0.0012,0.9988,-2.5944,0.0,-1.024567,1.564992,1.870544,3.498936,2.1505,Region I (Incident/Reflected)
"Deep Tunneling (E=1.5, V0=5.0)",1.5,5.0,1.5,0.0012,0.9988,-2.5542,0.0,-1.04901,1.602246,1.915102,3.667615,2.1505,Region I (Incident/Reflected)
"Deep Tunneling (E=1.5, V0=5.0)",1.5,5.0,1.5,0.0012,0.9988,-2.5141,0.0,-1.068379,1.631751,1.950397,3.804047,2.1505,Region I (Incident/Reflected)
"Deep Tunneling (E=1.5, V0=5.0)",1.5,5.0,1.5,0.0012,0.9988,-2.4739,0.0,-1.082581,1.653364,1.976258,3.905596,2.1505,Region I (Incident/Reflected)
"Deep Tunneling (E=1.5, V0=5.0)",1.5,5.0,1.5,0.0012,0.9988,-2.4337,0.0,-1.091547,1.66698,1.992561,3.970299,2.1505,Region I (Incident/Reflected)
"Deep Tunneling (E=1.5, V0=5.0)",1.5,5.0,1.5,0.0012,0.9988,-2.3936,0.0,-1.095234,1.672534,1.999227,3.996907,2.1506,Region I (Incident/Reflected)
"Deep Tunneling (E=1.5, V0=5.0)",1.5,5.0,1.5,0.0012,0.9988,-2.3534,0.0,-1.093623,1.669998,1.996222,3.984904,2.1506,Region I (Incident/Reflected)
"Deep Tunneling (E=1.5, V0=5.0)",1.5,5.0,1.5,0.0012,0.9988,-2.3133,0.0,-1.086723,1.659385,1.983563,3.934523,2.1506,Region I (Incident/Reflected)
"Deep Tunneling (E=1.5, V0=5.0)",1.5,5.0,1.5,0.0012,0.9988,-2.2731,0.0,-1.074566,1.640745,1.96131,3.846737,2.1506,Region I (Incident/Reflected)
"Deep Tunneling (E=1.5, V0=5.0)",1.5,5.0,1.5,0.0012,0.9988,-2.2329,0.0,-1.057212,1.61417,1.929571,3.723244,2.1506,Region I (Incident/Reflected)
"Deep Tunneling (E=1.5, V0=5.0)",1.5,5.0,1.5,0.0012,0.9988,-2.1928,0.0,-1.034745,1.579788,1.888499,3.566428,2.1507,Region I (Incident/Reflected)
"Deep Tunneling (E=1.5, V0=5.0)",1.5,5.0,1.5,0.0012,0.9988,-2.1526,0.0,-1.007273,1.537765,1.838293,3.37932,2.1507,Region I (Incident/Reflected)
"Deep Tunneling (E=1.5, V0=5.0)",1.5,5.0,1.5,0.0012,0.9988,-2.1124,0.0,-0.974929,1.488304,1.779195,3.165536,2.1507,Region I (Incident/Reflected)
"Deep Tunneling (E=1.5, V0=5.0)",1.5,5.0,1.5,0.0012,0.9988,-2.0723,0.0,-0.93787,1.431645,1.711493,2.929207,2.1507,Region I (Incident/Reflected)
"Deep Tunneling (E=1.5, V0=5.0)",1.5,5.0,1.5,0.0012,0.9988,-2.0321,0.0,-0.896275,1.368061,1.635512,2.6749,2.1508,Region I (Incident/Reflected)
"Deep Tunneling (E=1.5, V0=5.0)",1.5,5.0,1.5,0.0012,0.9988,-1.992,0.0,-0.850344,1.297861,1.551621,2.407527,2.1508,Region I (Incident/Reflected)
"Deep Tunneling (E=1.5, V0=5.0)",1.5,5.0,1.5,0.0012,0.9988,-1.9518,0.0,-0.800301,1.221383,1.460225,2.132257,2.1508,Region I (Incident/Reflected)
"Deep Tunneling (E=1.5, V0=5.0)",1.5,5.0,1.5,0.0012,0.9988,-1.9116,0.0,-0.746387,1.138997,1.361767,1.854408,2.1509,Region I (Incident/Reflected)
"Deep Tunneling (E=1.5, V0=5.0)",1.5,5.0,1.5,0.0012,0.9988,-1.8715,0.0,-0.688863,1.051103,1.256722,1.57935,2.1509,Region I (Incident/Reflected)
"Deep Tunneling (E=1.5, V0=5.0)",1.5,5.0,1.5,0.0012,0.9988,-1.8313,0.0,-0.628007,0.958125,1.145599,1.312396,2.151,Region I (Incident/Reflected)
"Deep Tunneling (E=1.5, V0=5.0)",1.5,5.0,1.5,0.0012,0.9988,-1.7912,0.0,-0.564114,0.860513,1.028934,1.058706,2.1511,Region I (Incident/Reflected)
"Deep Tunneling (E=1.5, V0=5.0)",1.5,5.0,1.5,0.0012,0.9988,-1.751,0.0,-0.497492,0.758738,0.907294,0.823182,2.1512,Region I (Incident/Reflected)
"Deep Tunneling (E=1.5, V0=5.0)",1.5,5.0,1.5,0.0012,0.9988,-1.7108,0.0,-0.428464,0.653294,0.781265,0.610375,2.1513,Region I (Incident/Reflected)
"Deep Tunneling (E=1.5, V0=5.0)",1.5,5.0,1.5,0.0012,0.9988,-1.6707,0.0,-0.357363,0.54469,0.651457,0.424396,2.1514,Region I (Incident/Reflected)
"Deep Tunneling (E=1.5, V0=5.0)",1.5,5.0,1.5,0.0012,0.9988,-1.6305,0.0,-0.284535,0.433452,0.518498,0.268841,2.1517,Region I (Incident/Reflected)
"Deep Tunneling (E=1.5, V0=5.0)",1.5,5.0,1.5,0.0012,0.9988,-1.5904,0.0,-0.21033,0.320117,0.383032,0.146714,2.1521,Region I (Incident/Reflected)
"Deep Tunneling (E=1.5, V0=5.0)",1.5,5.0,1.5,0.0012,0.9988,-1.5502,0.0,-0.135107,0.205234,0.245713,0.060375,2.153,Region I (Incident/Reflected)
"Deep Tunneling (E=1.5, V0=5.0)",1.5,5.0,1.5,0.0012,0.9988,-1.51,0.0,-0.059232,0.089358,0.107207,0.011493,2.1562,Region I (Incident/Reflected)
"Deep Tunneling (E=1.5, V0=5.0)",1.5,5.0,1.5,0.0012,0.9988,-1.4699,0.0,0.016931,-0.02695,0.031827,0.001013,-1.0099,Region I (Incident/Reflected)
"Deep Tunneling (E=1.5, V0=5.0)",1.5,5.0,1.5,0.0012,0.9988,-1.4297,0.0,0.093011,-0.143127,0.170694,0.029137,-0.9945,Region I (Incident/Reflected)
"Deep Tunneling (E=1.5, V0=5.0)",1.5,5.0,1.5,0.0012,0.9988,-1.3896,0.0,0.168642,-0.258613,0.30874,0.095321,-0.9929,Region I (Incident/Reflected)
"Deep Tunneling (E=1.5, V0=5.0)",1.5,5.0,1.5,0.0012,0.9988,-1.3494,0.0,0.243456,-0.372847,0.445293,0.198286,-0.9923,Region I (Incident/Reflected)
"Deep Tunneling (E=1.5, V0=5.0)",1.5,5.0,1.5,0.0012,0.9988,-1.3092,0.0,0.317094,-0.485279,0.579693,0.336044,-0.992,Region I (Incident/Reflected)
"Deep Tunneling (E=1.5, V0=5.0)",1.5,5.0,1.5,0.0012,0.9988,-1.2691,0.0,0.389197,-0.595363,0.711288,0.505931,-0.9918,Region I (Incident/Reflected)
"Deep Tunneling (E=1.5, V0=5.0)",1.5,5.0,1.5,0.0012,0.9988,-1.2289,0.0,0.459419,-0.702567,0.839444,0.704666,-0.9917,Region I (Incident/Reflected)
"Deep Tunneling (E=1.5, V0=5.0)",1.5,5.0,1.5,0.0012,0.9988,-1.1888,0.0,0.527418,-0.806374,0.963539,0.928408,-0.9916,Region I (Incident/Reflected)
"Deep Tunneling (E=1.5, V0=5.0)",1.5,5.0,1.5,0.0012,0.9988,-1.1486,0.0,0.592866,-0.90628,1.082974,1.172833,-0.9915,Region I (Incident/Reflected)
"Deep Tunneling (E=1.5, V0=5.0)",1.5,5.0,1.5,0.0012,0.9988,-1.1084,0.0,0.655447,-1.001803,1.197171,1.433219,-0.9914,Region I (Incident/Reflected)
"Deep Tunneling (E=1.5, V0=5.0)",1.5,5.0,1.5,0.0012,0.9988,-1.0683,0.0,0.714857,-1.09248,1.305578,1.704533,-0.9914,Region I (Incident/Reflected)
"Deep Tunneling (E=1.5, V0=5.0)",1.5,5.0,1.5,0.0012,0.9988,-1.0281,0.0,0.77081,-1.177873,1.40767,1.981534,-0.9913,Region I (Incident/Reflected)
"Deep Tunneling (E=1.5, V0=5.0)",1.5,5.0,1.5,0.0012,0.9988,-0.988,0.0,0.823035,-1.25757,1.502953,2.258869,-0.9913,Region I (Incident/Reflected)
"Deep Tunneling (E=1.5, V0=5.0)",1.5,5.0,1.5,0.0012,0.9988,-0.9478,0.0,0.871279,-1.331184,1.590968,2.531178,-0.9913,Region I (Incident/Reflected)
"Deep Tunneling (E=1.5, V0=5.0)",1.5,5.0,1.5,0.0012,0.9988,-0.9076,0.0,0.915309,-1.398359,1.671287,2.7932,-0.9912,Region I (Incident/Reflected)
"Deep Tunneling (E=1.5, V0=5.0)",1.5,5.0,1.5,0.0012,0.9988,-0.8675,0.0,0.954912,-1.458772,1.743523,3.039871,-0.9912,Region I (Incident/Reflected)
"Deep Tunneling (E=1.5, V0=5.0)",1.5,5.0,1.5,0.0012,0.9988,-0.8273,0.0,0.989896,-1.512128,1.807326,3.266426,-0.9912,Region I (Incident/Reflected)
"Deep Tunneling (E=1.5, V0=5.0)",1.5,5.0,1.5,0.0012,0.9988,-0.7871,0.0,1.020093,-1.558171,1.862387,3.468485,-0.9911,Region I (Incident/Reflected)
"Deep Tunneling (E=1.5, V0=5.0)",1.5,5.0,1.5,0.0012,0.9988,-0.747,0.0,1.045355,-1.596677,1.908441,3.642146,-0.9911,Region I (Incident/Reflected)
"Deep Tunneling (E=1.5, V0=5.0)",1.5,5.0,1.5,0.0012,0.9988,-0.7068,0.0,1.065562,-1.627461,1.945264,3.784051,-0.9911,Region I (Incident/Reflected)
"Deep Tunneling (E=1.5, V0=5.0)",1.5,5.0,1.5,0.0012,0.9988,-0.6667,0.0,1.080615,-1.650373,1.972678,3.89146,-0.9911,Region I (Incident/Reflected)
"Deep Tunneling (E=1.5, V0=5.0)",1.5,5.0,1.5,0.0012,0.9988,-0.6265,0.0,1.090441,-1.665303,1.990552,3.962296,-0.9911,Region I (Incident/Reflected)
"Deep Tunneling (E=1.5, V0=5.0)",1.5,5.0,1.5,0.0012,0.9988,-0.5863,0.0,1.094993,-1.672179,1.998797,3.995191,-0.991,Region I (Incident/Reflected)
"Deep Tunneling (E=1.5, V0=5.0)",1.5,5.0,1.5,0.0012,0.9988,-0.5462,0.0,1.094249,-1.670966,1.997375,3.989509,-0.991,Region I (Incident/Reflected)
"Deep Tunneling (E=1.5, V0=5.0)",1.5,5.0,1.5,0.0012,0.9988,-0.506,0.0,1.088212,-1.661672,1.986293,3.945359,-0.991,Region I (Incident/Reflected)
"Deep Tunneling (E=1.5, V0=5.0)",1.5,5.0,1.5,0.0012,0.9988,-0.4659,0.0,1.076912,-1.644341,1.965603,3.863596,-0.991,Region I (Incident/Reflected)
"Deep Tunneling (E=1.5, V0=5.0)",1.5,5.0,1.5,0.0012,0.9988,-0.4257,0.0,1.060404,-1.619056,1.935407,3.745799,-0.9909,Region I (Incident/Reflected)
"Deep Tunneling (E=1.5, V0=5.0)",1.5,5.0,1.5,0.0012,0.9988,-0.3855,0.0,1.038766,-1.585941,1.895849,3.594244,-0.9909,Region I (Incident/Reflected)
"Deep Tunneling (E=1.5, V0=5.0)",1.5,5.0,1.5,0.0012,0.9988,-0.3454,0.0,1.012105,-1.545155,1.847122,3.41186,-0.9909,Region I (Incident/Reflected)
"Deep Tunneling (E=1.5, V0=5.0)",1.5,5.0,1.5,0.0012,0.9988,-0.3052,0.0,0.980548,-1.496895,1.789461,3.20217,-0.9909,Region I (Incident/Reflected)
"Deep Tunneling (E=1.5, V0=5.0)",1.5,5.0,1.5,0.0012,0.9988,-0.2651,0.0,0.944249,-1.441396,1.723145,2.969228,-0.9908,Region I (Incident/Reflected)
"Deep Tunneling (E=1.5, V0=5.0)",1.5,5.0,1.5,0.0012,0.9988,-0.2249,0.0,0.903382,-1.378925,1.648494,2.717533,-0.9908,Region I (Incident/Reflected)
"Deep Tunneling (E=1.5, V0=5.0)",1.5,5.0,1.5,0.0012,0.9988,-0.1847,0.0,0.858146,-1.309785,1.565871,2.451951,-0.9908,Region I (Incident/Reflected)
"Deep Tunneling (E=1.5, V0=5.0)",1.5,5.0,1.5,0.0012,0.9988,-0.1446,0.0,0.80876,-1.234309,1.475673,2.177611,-0.9908,Region I (Incident/Reflected)
"Deep Tunneling (E=1.5, V0=5.0)",1.5,5.0,1.5,0.0012,0.9988,-0.1044,0.0,0.755462,-1.152864,1.378339,1.899817,-0.9907,Region I (Incident/Reflected)
"Deep Tunneling (E=1.5, V0=5.0)",1.5,5.0,1.5,0.0012,0.9988,-0.0643,0.0,0.69851,-1.065842,1.274337,1.623936,-0.9907,Region I (Incident/Reflected)
"Deep Tunneling (E=1.5, V0=5.0)",1.5,5.0,1.5,0.0012,0.9988,-0.0241,0.0,0.638179,-0.973666,1.164173,1.355298,-0.9906,Region I (Incident/Reflected)
"Deep Tunneling (E=1.5, V0=5.0)",1.5,5.0,1.5,0.0012,0.9988,0.0161,5.0,0.575526,-0.877945,1.04977,1.102018,-0.9905,Region II (Barrier)
"Deep Tunneling (E=1.5, V0=5.0)",1.5,5.0,1.5,0.0012,0.9988,0.0562,5.0,0.517596,-0.78943,0.943983,0.891105,-0.9905,Region II (Barrier)
"Deep Tunneling (E=1.5, V0=5.0)",1.5,5.0,1.5,0.0012,0.9988,0.0964,5.0,0.465515,-0.709835,0.848864,0.72057,-0.9903,Region II (Barrier)
"Deep Tunneling (E=1.5, V0=5.0)",1.5,5.0,1.5,0.0012,0.9988,0.1365,5.0,0.418695,-0.638262,0.763338,0.582684,-0.9902,Region II (Barrier)
"Deep Tunneling (E=1.5, V0=5.0)",1.5,5.0,1.5,0.0012,0.9988,0.1767,5.0,0.376606,-0.573903,0.686437,0.471196,-0.9901,Region II (Barrier)
"Deep Tunneling (E=1.5, V0=5.0)",1.5,5.0,1.5,0.0012,0.9988,0.2169,5.0,0.338774,-0.516028,0.617295,0.381053,-0.9899,Region II (Barrier)
"Deep Tunneling (E=1.5, V0=5.0)",1.5,5.0,1.5,0.0012,0.9988,0.257,5.0,0.304769,-0.463985,0.555128,0.308167,-0.9896,Region II (Barrier)
"Deep Tunneling (E=1.5, V0=5.0)",1.5,5.0,1.5,0.0012,0.9988,0.2972,5.0,0.274209,-0.417186,0.499234,0.249235,-0.9893,Region II (Barrier)
"Deep Tunneling (E=1.5, V0=5.0)",1.5,5.0,1.5,0.0012,0.9988,0.3373,5.0,0.246748,-0.375101,0.448982,0.201585,-0.9889,Region II (Barrier)
"Deep Tunneling (E=1.5, V0=5.0)",1.5,5.0,1.5,0.0012,0.9988,0.3775,5.0,0.222075,-0.337255,0.403805,0.163058,-0.9885,Region II (Barrier)
"Deep Tunneling (E=1.5, V0=5.0)",1.5,5.0,1.5,0.0012,0.9988,0.4177,5.0,0.199912,-0.30322,0.36319,0.131907,-0.9879,Region II (Barrier)
"Deep Tunneling (E=1.5, V0=5.0)",1.5,5.0,1.5,0.0012,0.9988,0.4578,5.0,0.180008,-0.272612,0.32668,0.10672,-0.9872,Region II (Barrier)
"Deep Tunneling (E=1.5, V0=5.0)",1.5,5.0,1.5,0.0012,0.9988,0.498,5.0,0.162138,-0.245084,0.293862,0.086355,-0.9863,Region II (Barrier)
"Deep Tunneling (E=1.5, V0=5.0)",1.5,5.0,1.5,0.0012,0.9988,0.5382,5.0,0.1461,-0.220327,0.264365,0.069889,-0.9853,Region II (Barrier)
"Deep Tunneling (E=1.5, V0=5.0)",1.5,5.0,1.5,0.0012,0.9988,0.5783,5.0,0.131713,-0.198059,0.237856,0.056576,-0.9839,Region II (Barrier)
"Deep Tunneling (E=1.5, V0=5.0)",1.5,5.0,1.5,0.0012,0.9988,0.6185,5.0,0.118815,-0.178029,0.214036,0.045811,-0.9823,Region II (Barrier)
"Deep Tunneling (E=1.5, V0=5.0)",1.5,5.0,1.5,0.0012,0.9988,0.6586,5.0,0.10726,-0.160011,0.192635,0.037108,-0.9803,Region II (Barrier)
"Deep Tunneling (E=1.5, V0=5.0)",1.5,5.0,1.5,0.0012,0.9988,0.6988,5.0,0.096917,-0.143802,0.173412,0.030072,-0.9778,Region II (Barrier)
"Deep Tunneling (E=1.5, V0=5.0)",1.5,5.0,1.5,0.0012,0.9988,0.739,5.0,0.087669,-0.129217,0.15615,0.024383,-0.9747,Region II (Barrier)
"Deep Tunneling (E=1.5, V0=5.0)",1.5,5.0,1.5,0.0012,0.9988,0.7791,5.0,0.079411,-0.116093,0.140654,0.019784,-0.9709,Region II (Barrier)
"Deep Tunneling (E=1.5, V0=5.0)",1.5,5.0,1.5,0.0012,0.9988,0.8193,5.0,0.072051,-0.10428,0.126751,0.016066,-0.9662,Region II (Barrier)
"Deep Tunneling (E=1.5, V0=5.0)",1.5,5.0,1.5,0.0012,0.9988,0.8594,5.0,0.065506,-0.093646,0.114283,0.013061,-0.9604,Region II (Barrier)
"Deep Tunneling (E=1.5, V0=5.0)",1.5,5.0,1.5,0.0012,0.9988,0.8996,5.0,0.0597,-0.084071,0.103112,0.010632,-0.9533,Region II (Barrier)
"Deep Tunneling (E=1.5, V0=5.0)",1.5,5.0,1.5,0.0012,0.9988,0.9398,5.0,0.054569,-0.075445,0.093112,0.00867,-0.9446,Region II (Barrier)
"Deep Tunneling (E=1.5, V0=5.0)",1.5,5.0,1.5,0.0012,0.9988,0.9799,5.0,0.050055,-0.067672,0.084173,0.007085,-0.9339,Region II (Barrier)
"Deep Tunneling (E=1.5, V0=5.0)",1.5,5.0,1.5,0.0012,0.9988,1.0201,5.0,0.046107,-0.060664,0.076197,0.005806,-0.9209,Region II (Barrier)
"Deep Tunneling (E=1.5, V0=5.0)",1.5,5.0,1.5,0.0012,0.9988,1.0602,5.0,0.042679,-0.054341,0.069098,0.004775,-0.905,Region II (Barrier)
"Deep Tunneling (E=1.5, V0=5.0)",1.5,5.0,1.5,0.0012,0.9988,1.1004,5.0,0.039734,-0.048633,0.062801,0.003944,-0.8858,Region II (Barrier)
"Deep Tunneling (E=1.5, V0=5.0)",1.5,5.0,1.5,0.0012,0.9988,1.1406,5.0,0.037238,-0.043474,0.057242,0.003277,-0.8625,Region II (Barrier)
"Deep Tunneling (E=1.5, V0=5.0)",1.5,5.0,1.5,0.0012,0.9988,1.1807,5.0,0.035163,-0.038806,0.052367,0.002742,-0.8346,Region II (Barrier)
"Deep Tunneling (E=1.5, V0=5.0)",1.5,5.0,1.5,0.0012,0.9988,1.2209,5.0,0.033485,-0.034577,0.048133,0.002317,-0.8014,Region II (Barrier)
"Deep Tunneling (E=1.5, V0=5.0)",1.5,5.0,1.5,0.0012,0.9988,1.261,5.0,0.032186,-0.030738,0.044506,0.001981,-0.7624,Region II (Barrier)
"Deep Tunneling (E=1.5, V0=5.0)",1.5,5.0,1.5,0.0012,0.9988,1.3012,5.0,0.03125,-0.027247,0.041461,0.001719,-0.7171,Region II (Barrier)
"Deep Tunneling (E=1.5, V0=5.0)",1.5,5.0,1.5,0.0012,0.9988,1.3414,5.0,0.030667,-0.024064,0.038982,0.00152,-0.6653,Region II (Barrier)
"Deep Tunneling (E=1.5, V0=5.0)",1.5,5.0,1.5,0.0012,0.9988,1.3815,5.0,0.030431,-0.021153,0.037061,0.001374,-0.6074,Region II (Barrier)
"Deep Tunneling (E=1.5, V0=5.0)",1.5,5.0,1.5,0.0012,0.9988,1.4217,5.0,0.030539,-0.018481,0.035696,0.001274,-0.5442,Region II (Barrier)
"Deep Tunneling (E=1.5, V0=5.0)",1.5,5.0,1.5,0.0012,0.9988,1.4618,5.0,0.030992,-0.016018,0.034887,0.001217,-0.477,Region II (Barrier)
"Deep Tunneling (E=1.5, V0=5.0)",1.5,5.0,1.5,0.0012,0.9988,1.502,0.0,0.031795,-0.013735,0.034635,0.0012,-0.4078,Region III (Transmitted)
"Deep Tunneling (E=1.5, V0=5.0)",1.5,5.0,1.5,0.0012,0.9988,1.5422,0.0,0.032673,-0.011492,0.034635,0.0012,-0.3382,Region III (Transmitted)
"Deep Tunneling (E=1.5, V0=5.0)",1.5,5.0,1.5,0.0012,0.9988,1.5823,0.0,0.033392,-0.009193,0.034635,0.0012,-0.2687,Region III (Transmitted)
"Deep Tunneling (E=1.5, V0=5.0)",1.5,5.0,1.5,0.0012,0.9988,1.6225,0.0,0.033951,-0.00685,0.034635,0.0012,-0.1991,Region III (Transmitted)
"Deep Tunneling (E=1.5, V0=5.0)",1.5,5.0,1.5,0.0012,0.9988,1.6627,0.0,0.034345,-0.004474,0.034635,0.0012,-0.1295,Region III (Transmitted)
"Deep Tunneling (E=1.5, V0=5.0)",1.5,5.0,1.5,0.0012,0.9988,1.7028,0.0,0.034572,-0.002076,0.034635,0.0012,-0.06,Region III (Transmitted)
"Deep Tunneling (E=1.5, V0=5.0)",1.5,5.0,1.5,0.0012,0.9988,1.743,0.0,0.034633,0.000332,0.034635,0.0012,0.0096,Region III (Transmitted)
"Deep Tunneling (E=1.5, V0=5.0)",1.5,5.0,1.5,0.0012,0.9988,1.7831,0.0,0.034526,0.002738,0.034635,0.0012,0.0791,Region III (Transmitted)
"Deep Tunneling (E=1.5, V0=5.0)",1.5,5.0,1.5,0.0012,0.9988,1.8233,0.0,0.034252,0.005131,0.034635,0.0012,0.1487,Region III (Transmitted)
"Deep Tunneling (E=1.5, V0=5.0)",1.5,5.0,1.5,0.0012,0.9988,1.8635,0.0,0.033813,0.0075,0.034635,0.0012,0.2183,Region III (Transmitted)
"Deep Tunneling (E=1.5, V0=5.0)",1.5,5.0,1.5,0.0012,0.9988,1.9036,0.0,0.03321,0.009832,0.034635,0.0012,0.2878,Region III (Transmitted)
"Deep Tunneling (E=1.5, V0=5.0)",1.5,5.0,1.5,0.0012,0.9988,1.9438,0.0,0.032446,0.012116,0.034635,0.0012,0.3574,Region III (Transmitted)
"Deep Tunneling (E=1.5, V0=5.0)",1.5,5.0,1.5,0.0012,0.9988,1.9839,0.0,0.031526,0.014342,0.034635,0.0012,0.4269,Region III (Transmitted)
"Deep Tunneling (E=1.5, V0=5.0)",1.5,5.0,1.5,0.0012,0.9988,2.0241,0.0,0.030453,0.016498,0.034635,0.0012,0.4965,Region III (Transmitted)
"Deep Tunneling (E=1.5, V0=5.0)",1.5,5.0,1.5,0.0012,0.9988,2.0643,0.0,0.029232,0.018575,0.034635,0.0012,0.5661,Region III (Transmitted)
"Deep Tunneling (E=1.5, V0=5.0)",1.5,5.0,1.5,0.0012,0.9988,2.1044,0.0,0.027871,0.020562,0.034635,0.0012,0.6356,Region III (Transmitted)
"Deep Tunneling (E=1.5, V0=5.0)",1.5,5.0,1.5,0.0012,0.9988,2.1446,0.0,0.026374,0.022449,0.034635,0.0012,0.7052,Region III (Transmitted)
"Deep Tunneling (E=1.5, V0=5.0)",1.5,5.0,1.5,0.0012,0.9988,2.1847,0.0,0.02475,0.024228,0.034635,0.0012,0.7747,Region III (Transmitted)
"Deep Tunneling (E=1.5, V0=5.0)",1.5,5.0,1.5,0.0012,0.9988,2.2249,0.0,0.023006,0.02589,0.034635,0.0012,0.8443,Region III (Transmitted)
"Deep Tunneling (E=1.5, V0=5.0)",1.5,5.0,1.5,0.0012,0.9988,2.2651,0.0,0.021151,0.027426,0.034635,0.0012,0.9139,Region III (Transmitted)
"Deep Tunneling (E=1.5, V0=5.0)",1.5,5.0,1.5,0.0012,0.9988,2.3052,0.0,0.019194,0.02883,0.034635,0.0012,0.9834,Region III (Transmitted)
"Deep Tunneling (E=1.5, V0=5.0)",1.5,5.0,1.5,0.0012,0.9988,2.3454,0.0,0.017143,0.030094,0.034635,0.0012,1.053,Region III (Transmitted)
"Deep Tunneling (E=1.5, V0=5.0)",1.5,5.0,1.5,0.0012,0.9988,2.3855,0.0,0.01501,0.031213,0.034635,0.0012,1.1225,Region III (Transmitted)
"Deep Tunneling (E=1.5, V0=5.0)",1.5,5.0,1.5,0.0012,0.9988,2.4257,0.0,0.012804,0.032181,0.034635,0.0012,1.1921,Region III (Transmitted)
"Deep Tunneling (E=1.5, V0=5.0)",1.5,5.0,1.5,0.0012,0.9988,2.4659,0.0,0.010537,0.032993,0.034635,0.0012,1.2617,Region III (Transmitted)
"Deep Tunneling (E=1.5, V0=5.0)",1.5,5.0,1.5,0.0012,0.9988,2.506,0.0,0.008218,0.033646,0.034635,0.0012,1.3312,Region III (Transmitted)
"Deep Tunneling (E=1.5, V0=5.0)",1.5,5.0,1.5,0.0012,0.9988,2.5462,0.0,0.00586,0.034135,0.034635,0.0012,1.4008,Region III (Transmitted)
"Deep Tunneling (E=1.5, V0=5.0)",1.5,5.0,1.5,0.0012,0.9988,2.5863,0.0,0.003473,0.03446,0.034635,0.0012,1.4704,Region III (Transmitted)
"Deep Tunneling (E=1.5, V0=5.0)",1.5,5.0,1.5,0.0012,0.9988,2.6265,0.0,0.00107,0.034618,0.034635,0.0012,1.5399,Region III (Transmitted)
"Deep Tunneling (E=1.5, V0=5.0)",1.5,5.0,1.5,0.0012,0.9988,2.6667,0.0,-0.001339,0.034609,0.034635,0.0012,1.6095,Region III (Transmitted)
"Deep Tunneling (E=1.5, V0=5.0)",1.5,5.0,1.5,0.0012,0.9988,2.7068,0.0,-0.003741,0.034432,0.034635,0.0012,1.679,Region III (Transmitted)
"Deep Tunneling (E=1.5, V0=5.0)",1.5,5.0,1.5,0.0012,0.9988,2.747,0.0,-0.006125,0.034089,0.034635,0.0012,1.7486,Region III (Transmitted)
"Deep Tunneling (E=1.5, V0=5.0)",1.5,5.0,1.5,0.0012,0.9988,2.7871,0.0,-0.00848,0.033581,0.034635,0.0012,1.8182,Region III (Transmitted)
"Deep Tunneling (E=1.5, V0=5.0)",1.5,5.0,1.5,0.0012,0.9988,2.8273,0.0,-0.010793,0.03291,0.034635,0.0012,1.8877,Region III (Transmitted)
"Deep Tunneling (E=1.5, V0=5.0)",1.5,5.0,1.5,0.0012,0.9988,2.8675,0.0,-0.013055,0.03208,0.034635,0.0012,1.9573,Region III (Transmitted)
"Deep Tunneling (E=1.5, V0=5.0)",1.5,5.0,1.5,0.0012,0.9988,2.9076,0.0,-0.015253,0.031095,0.034635,0.0012,2.0268,Region III (Transmitted)
"Deep Tunneling (E=1.5, V0=5.0)",1.5,5.0,1.5,0.0012,0.9988,2.9478,0.0,-0.017377,0.02996,0.034635,0.0012,2.0964,Region III (Transmitted)
"Deep Tunneling (E=1.5, V0=5.0)",1.5,5.0,1.5,0.0012,0.9988,2.988,0.0,-0.019418,0.02868,0.034635,0.0012,2.166,Region III (Transmitted)
"Deep Tunneling (E=1.5, V0=5.0)",1.5,5.0,1.5,0.0012,0.9988,3.0281,0.0,-0.021364,0.027261,0.034635,0.0012,2.2355,Region III (Transmitted)
"Deep Tunneling (E=1.5, V0=5.0)",1.5,5.0,1.5,0.0012,0.9988,3.0683,0.0,-0.023207,0.02571,0.034635,0.0012,2.3051,Region III (Transmitted)
"Deep Tunneling (E=1.5, V0=5.0)",1.5,5.0,1.5,0.0012,0.9988,3.1084,0.0,-0.024938,0.024035,0.034635,0.0012,2.3746,Region III (Transmitted)
"Deep Tunneling (E=1.5, V0=5.0)",1.5,5.0,1.5,0.0012,0.9988,3.1486,0.0,-0.026548,0.022243,0.034635,0.0012,2.4442,Region III (Transmitted)
"Deep Tunneling (E=1.5, V0=5.0)",1.5,5.0,1.5,0.0012,0.9988,3.1888,0.0,-0.02803,0.020344,0.034635,0.0012,2.5138,Region III (Transmitted)
"Deep Tunneling (E=1.5, V0=5.0)",1.5,5.0,1.5,0.0012,0.9988,3.2289,0.0,-0.029376,0.018347,0.034635,0.0012,2.5833,Region III (Transmitted)
"Deep Tunneling (E=1.5, V0=5.0)",1.5,5.0,1.5,0.0012,0.9988,3.2691,0.0,-0.03058,0.016261,0.034635,0.0012,2.6529,Region III (Transmitted)
"Deep Tunneling (E=1.5, V0=5.0)",1.5,5.0,1.5,0.0012,0.9988,3.3092,0.0,-0.031636,0.014096,0.034635,0.0012,2.7224,Region III (Transmitted)
"Deep Tunneling (E=1.5, V0=5.0)",1.5,5.0,1.5,0.0012,0.9988,3.3494,0.0,-0.03254,0.011863,0.034635,0.0012,2.792,Region III (Transmitted)
"Deep Tunneling (E=1.5, V0=5.0)",1.5,5.0,1.5,0.0012,0.9988,3.3896,0.0,-0.033286,0.009573,0.034635,0.0012,2.8616,Region III (Transmitted)
"Deep Tunneling (E=1.5, V0=5.0)",1.5,5.0,1.5,0.0012,0.9988,3.4297,0.0,-0.03387,0.007236,0.034635,0.0012,2.9311,Region III (Transmitted)
"Deep Tunneling (E=1.5, V0=5.0)",1.5,5.0,1.5,0.0012,0.9988,3.4699,0.0,-0.034291,0.004864,0.034635,0.0012,3.0007,Region III (Transmitted)
"Deep Tunneling (E=1.5, V0=5.0)",1.5,5.0,1.5,0.0012,0.9988,3.51,0.0,-0.034547,0.002469,0.034635,0.0012,3.0702,Region III (Transmitted)
"Deep Tunneling (E=1.5, V0=5.0)",1.5,5.0,1.5,0.0012,0.9988,3.5502,0.0,-0.034635,6.2e-05,0.034635,0.0012,3.1398,Region III (Transmitted)
"Deep Tunneling (E=1.5, V0=5.0)",1.5,5.0,1.5,0.0012,0.9988,3.5904,0.0,-0.034555,-0.002345,0.034635,0.0012,-3.0738,Region III (Transmitted)
"Deep Tunneling (E=1.5, V0=5.0)",1.5,5.0,1.5,0.0012,0.9988,3.6305,0.0,-0.034309,-0.004741,0.034635,0.0012,-3.0043,Region III (Transmitted)
"Deep Tunneling (E=1.5, V0=5.0)",1.5,5.0,1.5,0.0012,0.9988,3.6707,0.0,-0.033896,-0.007114,0.034635,0.0012,-2.9347,Region III (Transmitted)
"Deep Tunneling (E=1.5, V0=5.0)",1.5,5.0,1.5,0.0012,0.9988,3.7108,0.0,-0.03332,-0.009453,0.034635,0.0012,-2.8651,Region III (Transmitted)
"Deep Tunneling (E=1.5, V0=5.0)",1.5,5.0,1.5,0.0012,0.9988,3.751,0.0,-0.032582,-0.011746,0.034635,0.0012,-2.7956,Region III (Transmitted)
"Deep Tunneling (E=1.5, V0=5.0)",1.5,5.0,1.5,0.0012,0.9988,3.7912,0.0,-0.031687,-0.013982,0.034635,0.0012,-2.726,Region III (Transmitted)
"Deep Tunneling (E=1.5, V0=5.0)",1.5,5.0,1.5,0.0012,0.9988,3.8313,0.0,-0.030638,-0.016151,0.034635,0.0012,-2.6565,Region III (Transmitted)
"Deep Tunneling (E=1.5, V0=5.0)",1.5,5.0,1.5,0.0012,0.9988,3.8715,0.0,-0.029442,-0.018241,0.034635,0.0012,-2.5869,Region III (Transmitted)
"Deep Tunneling (E=1.5, V0=5.0)",1.5,5.0,1.5,0.0012,0.9988,3.9116,0.0,-0.028103,-0.020244,0.034635,0.0012,-2.5173,Region III (Transmitted)
"Deep Tunneling (E=1.5, V0=5.0)",1.5,5.0,1.5,0.0012,0.9988,3.9518,0.0,-0.026628,-0.022148,0.034635,0.0012,-2.4478,Region III (Transmitted)
"Deep Tunneling (E=1.5, V0=5.0)",1.5,5.0,1.5,0.0012,0.9988,3.992,0.0,-0.025024,-0.023945,0.034635,0.0012,-2.3782,Region III (Transmitted)
"Deep Tunneling (E=1.5, V0=5.0)",1.5,5.0,1.5,0.0012,0.9988,4.0321,0.0,-0.023299,-0.025626,0.034635,0.0012,-2.3087,Region III (Transmitted)
"Deep Tunneling (E=1.5, V0=5.0)",1.5,5.0,1.5,0.0012,0.9988,4.0723,0.0,-0.021462,-0.027184,0.034635,0.0012,-2.2391,Region III (Transmitted)
"Deep Tunneling (E=1.5, V0=5.0)",1.5,5.0,1.5,0.0012,0.9988,4.1124,0.0,-0.01952,-0.02861,0.034635,0.0012,-2.1695,Region III (Transmitted)
"Deep Tunneling (E=1.5, V0=5.0)",1.5,5.0,1.5,0.0012,0.9988,4.1526,0.0,-0.017485,-0.029897,0.034635,0.0012,-2.1,Region III (Transmitted)
"Deep Tunneling (E=1.5, V0=5.0)",1.5,5.0,1.5,0.0012,0.9988,4.1928,0.0,-0.015364,-0.03104,0.034635,0.0012,-2.0304,Region III (Transmitted)
"Deep Tunneling (E=1.5, V0=5.0)",1.5,5.0,1.5,0.0012,0.9988,4.2329,0.0,-0.01317,-0.032033,0.034635,0.0012,-1.9609,Region III (Transmitted)
"Deep Tunneling (E=1.5, V0=5.0)",1.5,5.0,1.5,0.0012,0.9988,4.2731,0.0,-0.010912,-0.032871,0.034635,0.0012,-1.8913,Region III (Transmitted)
"Deep Tunneling (E=1.5, V0=5.0)",1.5,5.0,1.5,0.0012,0.9988,4.3133,0.0,-0.008601,-0.03355,0.034635,0.0012,-1.8217,Region III (Transmitted)
"Deep Tunneling (E=1.5, V0=5.0)",1.5,5.0,1.5,0.0012,0.9988,4.3534,0.0,-0.006248,-0.034066,0.034635,0.0012,-1.7522,Region III (Transmitted)
"Deep Tunneling (E=1.5, V0=5.0)",1.5,5.0,1.5,0.0012,0.9988,4.3936,0.0,-0.003865,-0.034418,0.034635,0.0012,-1.6826,Region III (Transmitted)
"Deep Tunneling (E=1.5, V0=5.0)",1.5,5.0,1.5,0.0012,0.9988,4.4337,0.0,-0.001463,-0.034604,0.034635,0.0012,-1.6131,Region III (Transmitted)
"Deep Tunneling (E=1.5, V0=5.0)",1.5,5.0,1.5,0.0012,0.9988,4.4739,0.0,0.000945,-0.034622,0.034635,0.0012,-1.5435,Region III (Transmitted)
"Deep Tunneling (E=1.5, V0=5.0)",1.5,5.0,1.5,0.0012,0.9988,4.5141,0.0,0.003349,-0.034472,0.034635,0.0012,-1.4739,Region III (Transmitted)
"Deep Tunneling (E=1.5, V0=5.0)",1.5,5.0,1.5,0.0012,0.9988,4.5542,0.0,0.005737,-0.034156,0.034635,0.0012,-1.4044,Region III (Transmitted)
"Deep Tunneling (E=1.5, V0=5.0)",1.5,5.0,1.5,0.0012,0.9988,4.5944,0.0,0.008097,-0.033675,0.034635,0.0012,-1.3348,Region III (Transmitted)
"Deep Tunneling (E=1.5, V0=5.0)",1.5,5.0,1.5,0.0012,0.9988,4.6345,0.0,0.010418,-0.033031,0.034635,0.0012,-1.2653,Region III (Transmitted)
"Deep Tunneling (E=1.5, V0=5.0)",1.5,5.0,1.5,0.0012,0.9988,4.6747,0.0,0.012689,-0.032227,0.034635,0.0012,-1.1957,Region III (Transmitted)
"Deep Tunneling (E=1.5, V0=5.0)",1.5,5.0,1.5,0.0012,0.9988,4.7149,0.0,0.014898,-0.031267,0.034635,0.0012,-1.1261,Region III (Transmitted)
"Deep Tunneling (E=1.5, V0=5.0)",1.5,5.0,1.5,0.0012,0.9988,4.755,0.0,0.017035,-0.030156,0.034635,0.0012,-1.0566,Region III (Transmitted)
"Deep Tunneling (E=1.5, V0=5.0)",1.5,5.0,1.5,0.0012,0.9988,4.7952,0.0,0.01909,-0.028899,0.034635,0.0012,-0.987,Region III (Transmitted)
"Deep Tunneling (E=1.5, V0=5.0)",1.5,5.0,1.5,0.0012,0.9988,4.8353,0.0,0.021052,-0.027502,0.034635,0.0012,-0.9175,Region III (Transmitted)
"Deep Tunneling (E=1.5, V0=5.0)",1.5,5.0,1.5,0.0012,0.9988,4.8755,0.0,0.022913,-0.025972,0.034635,0.0012,-0.8479,Region III (Transmitted)
"Deep Tunneling (E=1.5, V0=5.0)",1.5,5.0,1.5,0.0012,0.9988,4.9157,0.0,0.024663,-0.024317,0.034635,0.0012,-0.7783,Region III (Transmitted)
"Deep Tunneling (E=1.5, V0=5.0)",1.5,5.0,1.5,0.0012,0.9988,4.9558,0.0,0.026293,-0.022544,0.034635,0.0012,-0.7088,Region III (Transmitted)
"Deep Tunneling (E=1.5, V0=5.0)",1.5,5.0,1.5,0.0012,0.9988,4.996,0.0,0.027796,-0.020662,0.034635,0.0012,-0.6392,Region III (Transmitted)
"Deep Tunneling (E=1.5, V0=5.0)",1.5,5.0,1.5,0.0012,0.9988,5.0361,0.0,0.029165,-0.01868,0.034635,0.0012,-0.5697,Region III (Transmitted)
"Deep Tunneling (E=1.5, V0=5.0)",1.5,5.0,1.5,0.0012,0.9988,5.0763,0.0,0.030393,-0.016608,0.034635,0.0012,-0.5001,Region III (Transmitted)
"Deep Tunneling (E=1.5, V0=5.0)",1.5,5.0,1.5,0.0012,0.9988,5.1165,0.0,0.031474,-0.014455,0.034635,0.0012,-0.4305,Region III (Transmitted)
"Deep Tunneling (E=1.5, V0=5.0)",1.5,5.0,1.5,0.0012,0.9988,5.1566,0.0,0.032403,-0.012233,0.034635,0.0012,-0.361,Region III (Transmitted)
"Deep Tunneling (E=1.5, V0=5.0)",1.5,5.0,1.5,0.0012,0.9988,5.1968,0.0,0.033174,-0.009951,0.034635,0.0012,-0.2914,Region III (Transmitted)
"Deep Tunneling (E=1.5, V0=5.0)",1.5,5.0,1.5,0.0012,0.9988,5.2369,0.0,0.033786,-0.007621,0.034635,0.0012,-0.2219,Region III (Transmitted)
"Deep Tunneling (E=1.5, V0=5.0)",1.5,5.0,1.5,0.0012,0.9988,5.2771,0.0,0.034234,-0.005254,0.034635,0.0012,-0.1523,Region III (Transmitted)
"Deep Tunneling (E=1.5, V0=5.0)",1.5,5.0,1.5,0.0012,0.9988,5.3173,0.0,0.034516,-0.002862,0.034635,0.0012,-0.0827,Region III (Transmitted)
"Deep Tunneling (E=1.5, V0=5.0)",1.5,5.0,1.5,0.0012,0.9988,5.3574,0.0,0.034632,-0.000456,0.034635,0.0012,-0.0132,Region III (Transmitted)
"Deep Tunneling (E=1.5, V0=5.0)",1.5,5.0,1.5,0.0012,0.9988,5.3976,0.0,0.03458,0.001952,0.034635,0.0012,0.0564,Region III (Transmitted)
"Deep Tunneling (E=1.5, V0=5.0)",1.5,5.0,1.5,0.0012,0.9988,5.4378,0.0,0.03436,0.004351,0.034635,0.0012,0.1259,Region III (Transmitted)
"Deep Tunneling (E=1.5, V0=5.0)",1.5,5.0,1.5,0.0012,0.9988,5.4779,0.0,0.033975,0.006728,0.034635,0.0012,0.1955,Region III (Transmitted)
"Deep Tunneling (E=1.5, V0=5.0)",1.5,5.0,1.5,0.0012,0.9988,5.5181,0.0,0.033425,0.009073,0.034635,0.0012,0.2651,Region III (Transmitted)
"Deep Tunneling (E=1.5, V0=5.0)",1.5,5.0,1.5,0.0012,0.9988,5.5582,0.0,0.032714,0.011375,0.034635,0.0012,0.3346,Region III (Transmitted)
"Deep Tunneling (E=1.5, V0=5.0)",1.5,5.0,1.5,0.0012,0.9988,5.5984,0.0,0.031844,0.013621,0.034635,0.0012,0.4042,Region III (Transmitted)
"Deep Tunneling (E=1.5, V0=5.0)",1.5,5.0,1.5,0.0012,0.9988,5.6386,0.0,0.03082,0.015801,0.034635,0.0012,0.4737,Region III (Transmitted)
"Deep Tunneling (E=1.5, V0=5.0)",1.5,5.0,1.5,0.0012,0.9988,5.6787,0.0,0.029647,0.017905,0.034635,0.0012,0.5433,Region III (Transmitted)
"Deep Tunneling (E=1.5, V0=5.0)",1.5,5.0,1.5,0.0012,0.9988,5.7189,0.0,0.028331,0.019922,0.034635,0.0012,0.6129,Region III (Transmitted)
"Deep Tunneling (E=1.5, V0=5.0)",1.5,5.0,1.5,0.0012,0.9988,5.759,0.0,0.026878,0.021843,0.034635,0.0012,0.6824,Region III (Transmitted)
"Deep Tunneling (E=1.5, V0=5.0)",1.5,5.0,1.5,0.0012,0.9988,5.7992,0.0,0.025295,0.023659,0.034635,0.0012,0.752,Region III (Transmitted)
"Deep Tunneling (E=1.5, V0=5.0)",1.5,5.0,1.5,0.0012,0.9988,5.8394,0.0,0.023589,0.02536,0.034635,0.0012,0.8215,Region III (Transmitted)
"Deep Tunneling (E=1.5, V0=5.0)",1.5,5.0,1.5,0.0012,0.9988,5.8795,0.0,0.02177,0.026938,0.034635,0.0012,0.8911,Region III (Transmitted)
"Deep Tunneling (E=1.5, V0=5.0)",1.5,5.0,1.5,0.0012,0.9988,5.9197,0.0,0.019845,0.028386,0.034635,0.0012,0.9607,Region III (Transmitted)
"Deep Tunneling (E=1.5, V0=5.0)",1.5,5.0,1.5,0.0012,0.9988,5.9598,0.0,0.017824,0.029696,0.034635,0.0012,1.0302,Region III (Transmitted)
"Deep Tunneling (E=1.5, V0=5.0)",1.5,5.0,1.5,0.0012,0.9988,6.0,0.0,0.015717,0.030863,0.034635,0.0012,1.0998,Region III (Transmitted)
"Moderate Tunneling (E=3.5, V0=5.0)",3.5,5.0,1.5,0.018467,0.981533,-4.0,0.0,-1.391675,0.921144,1.668911,2.785264,2.5569,Region I (Incident/Reflected)
"Moderate Tunneling (E=3.5, V0=5.0)",3.5,5.0,1.5,0.018467,0.981533,-3.9598,0.0,-1.480447,0.978494,1.774591,3.149174,2.5576,Region I (Incident/Reflected)
"Moderate Tunneling (E=3.5, V0=5.0)",3.5,5.0,1.5,0.018467,0.981533,-3.9197,0.0,-1.55252,1.024808,1.860256,3.460551,2.5582,Region I (Incident/Reflected)
"Moderate Tunneling (E=3.5, V0=5.0)",3.5,5.0,1.5,0.018467,0.981533,-3.8795,0.0,-1.607082,1.059563,1.924938,3.705386,2.5587,Region I (Incident/Reflected)
"Moderate Tunneling (E=3.5, V0=5.0)",3.5,5.0,1.5,0.018467,0.981533,-3.8394,0.0,-1.643517,1.082365,1.967908,3.872663,2.5592,Region I (Incident/Reflected)
"Moderate Tunneling (E=3.5, V0=5.0)",3.5,5.0,1.5,0.018467,0.981533,-3.7992,0.0,-1.661413,1.09296,1.988682,3.954856,2.5597,Region I (Incident/Reflected)
"Moderate Tunneling (E=3.5, V0=5.0)",3.5,5.0,1.5,0.018467,0.981533,-3.759,0.0,-1.66057,1.091226,1.987025,3.948268,2.5602,Region I (Incident/Reflected)
"Moderate Tunneling (E=3.5, V0=5.0)",3.5,5.0,1.5,0.018467,0.981533,-3.7189,0.0,-1.640996,1.077184,1.962956,3.853195,2.5607,Region I (Incident/Reflected)
"Moderate Tunneling (E=3.5, V0=5.0)",3.5,5.0,1.5,0.018467,0.981533,-3.6787,0.0,-1.602913,1.050992,1.916746,3.673914,2.5612,Region I (Incident/Reflected)
"Moderate Tunneling (E=3.5, V0=5.0)",3.5,5.0,1.5,0.018467,0.981533,-3.6386,0.0,-1.546749,1.012945,1.848916,3.418491,2.5618,Region I (Incident/Reflected)
"Moderate Tunneling (E=3.5, V0=5.0)",3.5,5.0,1.5,0.018467,0.981533,-3.5984,0.0,-1.473139,0.963472,1.760233,3.098419,2.5624,Region I (Incident/Reflected)
"Moderate Tunneling (E=3.5, V0=5.0)",3.5,5.0,1.5,0.018467,0.981533,-3.5582,0.0,-1.382913,0.903132,1.651695,2.728096,2.5631,Region I (Incident/Reflected)
"Moderate Tunneling (E=3.5, V0=5.0)",3.5,5.0,1.5,0.018467,0.981533,-3.5181,0.0,-1.277088,0.832606,1.524528,2.324186,2.5638,Region I (Incident/Reflected)
"Moderate Tunneling (E=3.5, V0=5.0)",3.5,5.0,1.5,0.018467,0.981533,-3.4779,0.0,-1.156858,0.752687,1.380166,1.904859,2.5648,Region I (Incident/Reflected)
"Moderate Tunneling (E=3.5, V0=5.0)",3.5,5.0,1.5,0.018467,0.981533,-3.4378,0.0,-1.023579,0.664279,1.220238,1.488981,2.5659,Region I (Incident/Reflected)
"Moderate Tunneling (E=3.5, V0=5.0)",3.5,5.0,1.5,0.018467,0.981533,-3.3976,0.0,-0.878755,0.568378,1.046549,1.095264,2.5675,Region I (Incident/Reflected)
"Moderate Tunneling (E=3.5, V0=5.0)",3.5,5.0,1.5,0.018467,0.981533,-3.3574,0.0,-0.724019,0.466066,0.861058,0.741421,2.5696,Region I (Incident/Reflected)
"Moderate Tunneling (E=3.5, V0=5.0)",3.5,5.0,1.5,0.018467,0.981533,-3.3173,0.0,-0.561116,0.358497,0.665861,0.443371,2.5731,Region I (Incident/Reflected)
"Moderate Tunneling (E=3.5, V0=5.0)",3.5,5.0,1.5,0.018467,0.981533,-3.2771,0.0,-0.391884,0.246884,0.463169,0.214525,2.5794,Region I (Incident/Reflected)
"Moderate Tunneling (E=3.5, V0=5.0)",3.5,5.0,1.5,0.018467,0.981533,-3.2369,0.0,-0.218232,0.132487,0.2553,0.065178,2.596,Region I (Incident/Reflected)
"Moderate Tunneling (E=3.5, V0=5.0)",3.5,5.0,1.5,0.018467,0.981533,-3.1968,0.0,-0.042118,0.016595,0.04527,0.002049,2.7663,Region I (Incident/Reflected)
"Moderate Tunneling (E=3.5, V0=5.0)",3.5,5.0,1.5,0.018467,0.981533,-3.1566,0.0,0.13447,-0.099484,0.16727,0.027979,-0.637,Region I (Incident/Reflected)
"Moderate Tunneling (E=3.5, V0=5.0)",3.5,5.0,1.5,0.018467,0.981533,-3.1165,0.0,0.309542,-0.214441,0.376565,0.141801,-0.6059,Region I (Incident/Reflected)
"Moderate Tunneling (E=3.5, V0=5.0)",3.5,5.0,1.5,0.018467,0.981533,-3.0763,0.0,0.481123,-0.326979,0.581717,0.338395,-0.5969,Region I (Incident/Reflected)
"Moderate Tunneling (E=3.5, V0=5.0)",3.5,5.0,1.5,0.018467,0.981533,-3.0361,0.0,0.647277,-0.435829,0.780329,0.608914,-0.5926,Region I (Incident/Reflected)
"Moderate Tunneling (E=3.5, V0=5.0)",3.5,5.0,1.5,0.018467,0.981533,-2.996,0.0,0.806129,-0.539763,0.970149,0.941189,-0.59,Region I (Incident/Reflected)
"Moderate Tunneling (E=3.5, V0=5.0)",3.5,5.0,1.5,0.018467,0.981533,-2.9558,0.0,0.955889,-0.637609,1.14903,1.320269,-0.5883,Region I (Incident/Reflected)
"Moderate Tunneling (E=3.5, V0=5.0)",3.5,5.0,1.5,0.018467,0.981533,-2.9157,0.0,1.094867,-0.728262,1.314953,1.729101,-0.587,Region I (Incident/Reflected)
"Moderate Tunneling (E=3.5, V0=5.0)",3.5,5.0,1.5,0.018467,0.981533,-2.8755,0.0,1.221496,-0.810702,1.466045,2.149289,-0.5859,Region I (Incident/Reflected)
"Moderate Tunneling (E=3.5, V0=5.0)",3.5,5.0,1.5,0.018467,0.981533,-2.8353,0.0,1.334346,-0.883997,1.600603,2.56193,-0.5851,Region I (Incident/Reflected)
"Moderate Tunneling (E=3.5, V0=5.0)",3.5,5.0,1.5,0.018467,0.981533,-2.7952,0.0,1.432146,-0.947321,1.717108,2.948459,-0.5844,Region I (Incident/Reflected)
"Moderate Tunneling (E=3.5, V0=5.0)",3.5,5.0,1.5,0.018467,0.981533,-2.755,0.0,1.513792,-0.999959,1.814245,3.291484,-0.5838,Region I (Incident/Reflected)
"Moderate Tunneling (E=3.5, V0=5.0)",3.5,5.0,1.5,0.018467,0.981533,-2.7149,0.0,1.578363,-1.041319,1.890919,3.575574,-0.5832,Region I (Incident/Reflected)
"Moderate Tunneling (E=3.5, V0=5.0)",3.5,5.0,1.5,0.018467,0.981533,-2.6747,0.0,1.625131,-1.070933,1.946265,3.787946,-0.5827,Region I (Incident/Reflected)
"Moderate Tunneling (E=3.5, V0=5.0)",3.5,5.0,1.5,0.018467,0.981533,-2.6345,0.0,1.653568,-1.088467,1.979658,3.919047,-0.5822,Region I (Incident/Reflected)
"Moderate Tunneling (E=3.5, V0=5.0)",3.5,5.0,1.5,0.018467,0.981533,-2.5944,0.0,1.663353,-1.093724,1.990723,3.962977,-0.5817,Region I (Incident/Reflected)
"Moderate Tunneling (E=3.5, V0=5.0)",3.5,5.0,1.5,0.018467,0.981533,-2.5542,0.0,1.654377,-1.086645,1.979333,3.91776,-0.5812,Region I (Incident/Reflected)
"Moderate Tunneling (E=3.5, V0=5.0)",3.5,5.0,1.5,0.018467,0.981533,-2.5141,0.0,1.62674,-1.067308,1.945618,3.78543,-0.5807,Region I (Incident/Reflected)
"Moderate Tunneling (E=3.5, V0=5.0)",3.5,5.0,1.5,0.018467,0.981533,-2.4739,0.0,1.580755,-1.035933,1.889958,3.571942,-0.5801,Region I (Incident/Reflected)
"Moderate Tunneling (E=3.5, V0=5.0)",3.5,5.0,1.5,0.018467,0.981533,-2.4337,0.0,1.516939,-0.992873,1.812981,3.2869,-0.5795,Region I (Incident/Reflected)
"Moderate Tunneling (E=3.5, V0=5.0)",3.5,5.0,1.5,0.018467,0.981533,-2.3936,0.0,1.436013,-0.938613,1.715555,2.943128,-0.5789,Region I (Incident/Reflected)
"Moderate Tunneling (E=3.5, V0=5.0)",3.5,5.0,1.5,0.018467,0.981533,-2.3534,0.0,1.338889,-0.873767,1.598779,2.556093,-0.5782,Region I (Incident/Reflected)
"Moderate Tunneling (E=3.5, V0=5.0)",3.5,5.0,1.5,0.018467,0.981533,-2.3133,0.0,1.226663,-0.799065,1.46397,2.143208,-0.5774,Region I (Incident/Reflected)
"Moderate Tunneling (E=3.5, V0=5.0)",3.5,5.0,1.5,0.018467,0.981533,-2.2731,0.0,1.100601,-0.71535,1.31265,1.723049,-0.5763,Region I (Incident/Reflected)
"Moderate Tunneling (E=3.5, V0=5.0)",3.5,5.0,1.5,0.018467,0.981533,-2.2329,0.0,0.962125,-0.623566,1.146525,1.31452,-0.575,Region I (Incident/Reflected)
"Moderate Tunneling (E=3.5, V0=5.0)",3.5,5.0,1.5,0.018467,0.981533,-2.1928,0.0,0.812797,-0.524749,0.967471,0.936,-0.5733,Region I (Incident/Reflected)
"Moderate Tunneling (E=3.5, V0=5.0)",3.5,5.0,1.5,0.018467,0.981533,-2.1526,0.0,0.6543,-0.420012,0.777509,0.60452,-0.5707,Region I (Incident/Reflected)
"Moderate Tunneling (E=3.5, V0=5.0)",3.5,5.0,1.5,0.018467,0.981533,-2.1124,0.0,0.488424,-0.310539,0.578785,0.334992,-0.5663,Region I (Incident/Reflected)
"Moderate Tunneling (E=3.5, V0=5.0)",3.5,5.0,1.5,0.018467,0.981533,-2.0723,0.0,0.317038,-0.197562,0.373556,0.139544,-0.5573,Region I (Incident/Reflected)
"Moderate Tunneling (E=3.5, V0=5.0)",3.5,5.0,1.5,0.018467,0.981533,-2.0321,0.0,0.142076,-0.082357,0.16422,0.026968,-0.5253,Region I (Incident/Reflected)
"Moderate Tunneling (E=3.5, V0=5.0)",3.5,5.0,1.5,0.018467,0.981533,-1.992,0.0,-0.034488,0.033777,0.048273,0.00233,2.3666,Region I (Incident/Reflected)
"Moderate Tunneling (E=3.5, V0=5.0)",3.5,5.0,1.5,0.018467,0.981533,-1.9518,0.0,-0.210664,0.14953,0.258338,0.066738,2.5243,Region I (Incident/Reflected)
"Moderate Tunneling (E=3.5, V0=5.0)",3.5,5.0,1.5,0.018467,0.981533,-1.9116,0.0,-0.384463,0.263596,0.466149,0.217295,2.5406,Region I (Incident/Reflected)
"Moderate Tunneling (E=3.5, V0=5.0)",3.5,5.0,1.5,0.018467,0.981533,-1.8715,0.0,-0.553925,0.374689,0.668749,0.447225,2.5469,Region I (Incident/Reflected)
"Moderate Tunneling (E=3.5, V0=5.0)",3.5,5.0,1.5,0.018467,0.981533,-1.8313,0.0,-0.71714,0.481556,0.863821,0.746186,2.5503,Region I (Incident/Reflected)
"Moderate Tunneling (E=3.5, V0=5.0)",3.5,5.0,1.5,0.018467,0.981533,-1.7912,0.0,-0.872266,0.582991,1.049155,1.100726,2.5524,Region I (Incident/Reflected)
"Moderate Tunneling (E=3.5, V0=5.0)",3.5,5.0,1.5,0.018467,0.981533,-1.751,0.0,-1.017552,0.67785,1.222659,1.494894,2.5539,Region I (Incident/Reflected)
"Moderate Tunneling (E=3.5, V0=5.0)",3.5,5.0,1.5,0.018467,0.981533,-1.7108,0.0,-1.151362,0.765064,1.382374,1.910957,2.5551,Region I (Incident/Reflected)
"Moderate Tunneling (E=3.5, V0=5.0)",3.5,5.0,1.5,0.018467,0.981533,-1.6707,0.0,-1.272184,0.843648,1.526497,2.330194,2.556,Region I (Incident/Reflected)
"Moderate Tunneling (E=3.5, V0=5.0)",3.5,5.0,1.5,0.018467,0.981533,-1.6305,0.0,-1.378657,0.912715,1.653404,2.733745,2.5568,Region I (Incident/Reflected)
"Moderate Tunneling (E=3.5, V0=5.0)",3.5,5.0,1.5,0.018467,0.981533,-1.5904,0.0,-1.46958,0.971488,1.761662,3.103454,2.5575,Region I (Incident/Reflected)
"Moderate Tunneling (E=3.5, V0=5.0)",3.5,5.0,1.5,0.018467,0.981533,-1.5502,0.0,-1.543926,1.019303,1.85005,3.422686,2.5581,Region I (Incident/Reflected)
"Moderate Tunneling (E=3.5, V0=5.0)",3.5,5.0,1.5,0.018467,0.981533,-1.51,0.0,-1.600857,1.055621,1.917571,3.67708,2.5586,Region I (Incident/Reflected)
"Moderate Tunneling (E=3.5, V0=5.0)",3.5,5.0,1.5,0.018467,0.981533,-1.4699,0.0,-1.639732,1.080032,1.963464,3.855189,2.5592,Region I (Incident/Reflected)
"Moderate Tunneling (E=3.5, V0=5.0)",3.5,5.0,1.5,0.018467,0.981533,-1.4297,0.0,-1.660111,1.09226,1.987209,3.949001,2.5597,Region I (Incident/Reflected)
"Moderate Tunneling (E=3.5, V0=5.0)",3.5,5.0,1.5,0.018467,0.981533,-1.3896,0.0,-1.661765,1.092169,1.988541,3.954295,2.5601,Region I (Incident/Reflected)
"Moderate Tunneling (E=3.5, V0=5.0)",3.5,5.0,1.5,0.018467,0.981533,-1.3494,0.0,-1.644675,1.079758,1.967443,3.870832,2.5606,Region I (Incident/Reflected)
"Moderate Tunneling (E=3.5, V0=5.0)",3.5,5.0,1.5,0.018467,0.981533,-1.3092,0.0,-1.609034,1.055168,1.924154,3.702369,2.5612,Region I (Incident/Reflected)
"Moderate Tunneling (E=3.5, V0=5.0)",3.5,5.0,1.5,0.018467,0.981533,-1.2691,0.0,-1.555243,1.018676,1.859162,3.456483,2.5617,Region I (Incident/Reflected)
"Moderate Tunneling (E=3.5, V0=5.0)",3.5,5.0,1.5,0.018467,0.981533,-1.2289,0.0,-1.483911,0.970694,1.7732,3.144238,2.5623,Region I (Incident/Reflected)
"Moderate Tunneling (E=3.5, V0=5.0)",3.5,5.0,1.5,0.018467,0.981533,-1.1888,0.0,-1.39584,0.911763,1.667238,2.779682,2.563,Region I (Incident/Reflected)
"Moderate Tunneling (E=3.5, V0=5.0)",3.5,5.0,1.5,0.018467,0.981533,-1.1486,0.0,-1.292025,0.842548,1.542471,2.379217,2.5637,Region I (Incident/Reflected)
"Moderate Tunneling (E=3.5, V0=5.0)",3.5,5.0,1.5,0.018467,0.981533,-1.1084,0.0,-1.173637,0.76383,1.400307,1.960859,2.5646,Region I (Incident/Reflected)
"Moderate Tunneling (E=3.5, V0=5.0)",3.5,5.0,1.5,0.018467,0.981533,-1.0683,0.0,-1.04201,0.676495,1.242349,1.543432,2.5658,Region I (Incident/Reflected)
"Moderate Tunneling (E=3.5, V0=5.0)",3.5,5.0,1.5,0.018467,0.981533,-1.0281,0.0,-0.898631,0.581531,1.070381,1.145715,2.5672,Region I (Incident/Reflected)
"Moderate Tunneling (E=3.5, V0=5.0)",3.5,5.0,1.5,0.018467,0.981533,-0.988,0.0,-0.745115,0.480006,0.886342,0.785602,2.5693,Region I (Incident/Reflected)
"Moderate Tunneling (E=3.5, V0=5.0)",3.5,5.0,1.5,0.018467,0.981533,-0.9478,0.0,-0.583194,0.373068,0.692312,0.479295,2.5725,Region I (Incident/Reflected)
"Moderate Tunneling (E=3.5, V0=5.0)",3.5,5.0,1.5,0.018467,0.981533,-0.9076,0.0,-0.414696,0.261921,0.490485,0.240575,2.5783,Region I (Incident/Reflected)
"Moderate Tunneling (E=3.5, V0=5.0)",3.5,5.0,1.5,0.018467,0.981533,-0.8675,0.0,-0.241519,0.147821,0.283165,0.080183,2.5924,Region I (Incident/Reflected)
"Moderate Tunneling (E=3.5, V0=5.0)",3.5,5.0,1.5,0.018467,0.981533,-0.8273,0.0,-0.065619,0.032052,0.073029,0.005333,2.6872,Region I (Incident/Reflected)
"Moderate Tunneling (E=3.5, V0=5.0)",3.5,5.0,1.5,0.018467,0.981533,-0.7871,0.0,0.111021,-0.084077,0.139265,0.019395,-0.6482,Region I (Incident/Reflected)
"Moderate Tunneling (E=3.5, V0=5.0)",3.5,5.0,1.5,0.018467,0.981533,-0.747,0.0,0.28641,-0.199259,0.348905,0.121735,-0.6078,Region I (Incident/Reflected)
"Moderate Tunneling (E=3.5, V0=5.0)",3.5,5.0,1.5,0.018467,0.981533,-0.7068,0.0,0.458567,-0.312193,0.554751,0.307748,-0.5977,Region I (Incident/Reflected)
"Moderate Tunneling (E=3.5, V0=5.0)",3.5,5.0,1.5,0.018467,0.981533,-0.6667,0.0,0.625553,-0.421605,0.754365,0.569067,-0.593,Region I (Incident/Reflected)
"Moderate Tunneling (E=3.5, V0=5.0)",3.5,5.0,1.5,0.018467,0.981533,-0.6265,0.0,0.785482,-0.526262,0.945481,0.893934,-0.5903,Region I (Incident/Reflected)
"Moderate Tunneling (E=3.5, V0=5.0)",3.5,5.0,1.5,0.018467,0.981533,-0.5863,0.0,0.936552,-0.624983,1.125936,1.267733,-0.5885,Region I (Incident/Reflected)
"Moderate Tunneling (E=3.5, V0=5.0)",3.5,5.0,1.5,0.018467,0.981533,-0.5462,0.0,1.077057,-0.716654,1.293695,1.673646,-0.5871,Region I (Incident/Reflected)
"Moderate Tunneling (E=3.5, V0=5.0)",3.5,5.0,1.5,0.018467,0.981533,-0.506,0.0,1.205414,-0.800242,1.446863,2.093411,-0.5861,Region I (Incident/Reflected)
"Moderate Tunneling (E=3.5, V0=5.0)",3.5,5.0,1.5,0.018467,0.981533,-0.4659,0.0,1.320175,-0.874804,1.583712,2.508143,-0.5852,Region I (Incident/Reflected)
"Moderate Tunneling (E=3.5, V0=5.0)",3.5,5.0,1.5,0.018467,0.981533,-0.4257,0.0,1.420044,-0.939498,1.702698,2.899182,-0.5845,Region I (Incident/Reflected)
"Moderate Tunneling (E=3.5, V0=5.0)",3.5,5.0,1.5,0.018467,0.981533,-0.3855,0.0,1.503896,-0.993595,1.80248,3.248935,-0.5838,Region I (Incident/Reflected)
"Moderate Tunneling (E=3.5, V0=5.0)",3.5,5.0,1.5,0.018467,0.981533,-0.3454,0.0,1.570785,-1.036485,1.881932,3.541667,-0.5833,Region I (Incident/Reflected)
"Moderate Tunneling (E=3.5, V0=5.0)",3.5,5.0,1.5,0.018467,0.981533,-0.3052,0.0,1.619956,-1.067684,1.940156,3.764207,-0.5827,Region I (Incident/Reflected)
"Moderate Tunneling (E=3.5, V0=5.0)",3.5,5.0,1.5,0.018467,0.981533,-0.2651,0.0,1.650855,-1.08684,1.976498,3.906543,-0.5822,Region I (Incident/Reflected)
"Moderate Tunneling (E=3.5, V0=5.0)",3.5,5.0,1.5,0.018467,0.981533,-0.2249,0.0,1.663133,-1.093736,1.990545,3.962271,-0.5817,Region I (Incident/Reflected)
"Moderate Tunneling (E=3.5, V0=5.0)",3.5,5.0,1.5,0.018467,0.981533,-0.1847,0.0,1.656652,-1.088296,1.982141,3.928884,-0.5812,Region I (Incident/Reflected)
"Moderate Tunneling (E=3.5, V0=5.0)",3.5,5.0,1.5,0.018467,0.981533,-0.1446,0.0,1.631484,-1.070581,1.95138,3.807884,-0.5807,Region I (Incident/Reflected)
"Moderate Tunneling (E=3.5, V0=5.0)",3.5,5.0,1.5,0.018467,0.981533,-0.1044,0.0,1.587914,-1.04079,1.898609,3.604715,-0.5802,Region I (Incident/Reflected)
"Moderate Tunneling (E=3.5, V0=5.0)",3.5,5.0,1.5,0.018467,0.981533,-0.0643,0.0,1.526433,-0.999259,1.824422,3.328517,-0.5796,Region I (Incident/Reflected)
"Moderate Tunneling (E=3.5, V0=5.0)",3.5,5.0,1.5,0.018467,0.981533,-0.0241,0.0,1.447735,-0.946457,1.729658,2.991717,-0.579,Region I (Incident/Reflected)
"Moderate Tunneling (E=3.5, V0=5.0)",3.5,5.0,1.5,0.018467,0.981533,0.0161,5.0,1.354487,-0.884142,1.617511,2.616342,-0.5783,Region II (Barrier)
"Moderate Tunneling (E=3.5, V0=5.0)",3.5,5.0,1.5,0.018467,0.981533,0.0562,5.0,1.263697,-0.823429,1.508299,2.274966,-0.5775,Region II (Barrier)
"Moderate Tunneling (E=3.5, V0=5.0)",3.5,5.0,1.5,0.018467,0.981533,0.0964,5.0,1.179024,-0.766702,1.406389,1.97793,-0.5766,Region II (Barrier)
"Moderate Tunneling (E=3.5, V0=5.0)",3.5,5.0,1.5,0.018467,0.981533,0.1365,5.0,1.100059,-0.713686,1.311288,1.719477,-0.5755,Region II (Barrier)
"Moderate Tunneling (E=3.5, V0=5.0)",3.5,5.0,1.5,0.018467,0.981533,0.1767,5.0,1.026418,-0.664125,1.222537,1.494596,-0.5743,Region II (Barrier)
"Moderate Tunneling (E=3.5, V0=5.0)",3.5,5.0,1.5,0.018467,0.981533,0.2169,5.0,0.957746,-0.617779,1.139705,1.298927,-0.5729,Region II (Barrier)
"Moderate Tunneling (E=3.5, V0=5.0)",3.5,5.0,1.5,0.018467,0.981533,0.257,5.0,0.89371,-0.574423,1.062393,1.128678,-0.5713,Region II (Barrier)
"Moderate Tunneling (E=3.5, V0=5.0)",3.5,5.0,1.5,0.018467,0.981533,0.2972,5.0,0.834,-0.533847,0.990226,0.980548,-0.5694,Region II (Barrier)
"Moderate Tunneling (E=3.5, V0=5.0)",3.5,5.0,1.5,0.018467,0.981533,0.3373,5.0,0.778326,-0.495856,0.922857,0.851665,-0.5672,Region II (Barrier)
"Moderate Tunneling (E=3.5, V0=5.0)",3.5,5.0,1.5,0.018467,0.981533,0.3775,5.0,0.726421,-0.460265,0.85996,0.739531,-0.5648,Region II (Barrier)
"Moderate Tunneling (E=3.5, V0=5.0)",3.5,5.0,1.5,0.018467,0.981533,0.4177,5.0,0.678032,-0.426902,0.801232,0.641972,-0.5619,Region II (Barrier)
"Moderate Tunneling (E=3.5, V0=5.0)",3.5,5.0,1.5,0.018467,0.981533,0.4578,5.0,0.632925,-0.395605,0.746389,0.557097,-0.5586,Region II (Barrier)
"Moderate Tunneling (E=3.5, V0=5.0)",3.5,5.0,1.5,0.018467,0.981533,0.498,5.0,0.590881,-0.366223,0.695169,0.48326,-0.5548,Region II (Barrier)
"Moderate Tunneling (E=3.5, V0=5.0)",3.5,5.0,1.5,0.018467,0.981533,0.5382,5.0,0.551698,-0.338614,0.647325,0.41903,-0.5505,Region II (Barrier)
"Moderate Tunneling (E=3.5, V0=5.0)",3.5,5.0,1.5,0.018467,0.981533,0.5783,5.0,0.515185,-0.312644,0.60263,0.363162,-0.5454,Region II (Barrier)
"Moderate Tunneling (E=3.5, V0=5.0)",3.5,5.0,1.5,0.018467,0.981533,0.6185,5.0,0.481167,-0.288188,0.560868,0.314573,-0.5396,Region II (Barrier)
"Moderate Tunneling (E=3.5, V0=5.0)",3.5,5.0,1.5,0.018467,0.981533,0.6586,5.0,0.449477,-0.265126,0.521844,0.272321,-0.5329,Region II (Barrier)
"Moderate Tunneling (E=3.5, V0=5.0)",3.5,5.0,1.5,0.018467,0.981533,0.6988,5.0,0.419963,-0.243348,0.485373,0.235587,-0.5252,Region II (Barrier)
"Moderate Tunneling (E=3.5, V0=5.0)",3.5,5.0,1.5,0.018467,0.981533,0.739,5.0,0.392482,-0.222748,0.451285,0.203658,-0.5162,Region II (Barrier)
"Moderate Tunneling (E=3.5, V0=5.0)",3.5,5.0,1.5,0.018467,0.981533,0.7791,5.0,0.3669,-0.203226,0.419424,0.175917,-0.5058,Region II (Barrier)
"Moderate Tunneling (E=3.5, V0=5.0)",3.5,5.0,1.5,0.018467,0.981533,0.8193,5.0,0.343095,-0.184688,0.389646,0.151824,-0.4938,Region II (Barrier)
"Moderate Tunneling (E=3.5, V0=5.0)",3.5,5.0,1.5,0.018467,0.981533,0.8594,5.0,0.320951,-0.167043,0.361819,0.130913,-0.4799,Region II (Barrier)
"Moderate Tunneling (E=3.5, V0=5.0)",3.5,5.0,1.5,0.018467,0.981533,0.8996,5.0,0.30036,-0.150208,0.335825,0.112778,-0.4637,Region II (Barrier)
"Moderate Tunneling (E=3.5, V0=5.0)",3.5,5.0,1.5,0.018467,0.981533,0.9398,5.0,0.281223,-0.134099,0.311558,0.097069,-0.445,Region II (Barrier)
"Moderate Tunneling (E=3.5, V0=5.0)",3.5,5.0,1.5,0.018467,0.981533,0.9799,5.0,0.263447,-0.11864,0.288928,0.08348,-0.4231,Region II (Barrier)
"Moderate Tunneling (E=3.5, V0=5.0)",3.5,5.0,1.5,0.018467,0.981533,1.0201,5.0,0.246946,-0.103754,0.267857,0.071747,-0.3978,Region II (Barrier)
"Moderate Tunneling (E=3.5, V0=5.0)",3.5,5.0,1.5,0.018467,0.981533,1.0602,5.0,0.231641,-0.089371,0.248284,0.061645,-0.3682,Region II (Barrier)
"Moderate Tunneling (E=3.5, V0=5.0)",3.5,5.0,1.5,0.018467,0.981533,1.1004,5.0,0.217457,-0.075421,0.230165,0.052976,-0.3338,Region II (Barrier)
"Moderate Tunneling (E=3.5, V0=5.0)",3.5,5.0,1.5,0.018467,0.981533,1.1406,5.0,0.204326,-0.061836,0.213478,0.045573,-0.2939,Region II (Barrier)
"Moderate Tunneling (E=3.5, V0=5.0)",3.5,5.0,1.5,0.018467,0.981533,1.1807,5.0,0.192184,-0.04855,0.198222,0.039292,-0.2474,Region II (Barrier)
"Moderate Tunneling (E=3.5, V0=5.0)",3.5,5.0,1.5,0.018467,0.981533,1.2209,5.0,0.180972,-0.035499,0.184421,0.034011,-0.1937,Region II (Barrier)
"Moderate Tunneling (E=3.5, V0=5.0)",3.5,5.0,1.5,0.018467,0.981533,1.261,5.0,0.170636,-0.02262,0.172129,0.029628,-0.1318,Region II (Barrier)
"Moderate Tunneling (E=3.5, V0=5.0)",3.5,5.0,1.5,0.018467,0.981533,1.3012,5.0,0.161126,-0.00985,0.161427,0.026059,-0.0611,Region II (Barrier)
"Moderate Tunneling (E=3.5, V0=5.0)",3.5,5.0,1.5,0.018467,0.981533,1.3414,5.0,0.152396,0.002872,0.152423,0.023233,0.0188,Region II (Barrier)
"Moderate Tunneling (E=3.5, V0=5.0)",3.5,5.0,1.5,0.018467,0.981533,1.3815,5.0,0.144404,0.015607,0.145245,0.021096,0.1077,Region II (Barrier)
"Moderate Tunneling (E=3.5, V0=5.0)",3.5,5.0,1.5,0.018467,0.981533,1.4217,5.0,0.137111,0.028419,0.140025,0.019607,0.2044,Region II (Barrier)
"Moderate Tunneling (E=3.5, V0=5.0)",3.5,5.0,1.5,0.018467,0.981533,1.4618,5.0,0.130481,0.041368,0.136882,0.018737,0.307,Region II (Barrier)
"Moderate Tunneling (E=3.5, V0=5.0)",3.5,5.0,1.5,0.018467,0.981533,1.502,0.0,0.124481,0.054516,0.135895,0.018467,0.4128,Region III (Transmitted)
"Moderate Tunneling (E=3.5, V0=5.0)",3.5,5.0,1.5,0.018467,0.981533,1.5422,0.0,0.117997,0.06741,0.135895,0.018467,0.519,Region III (Transmitted)
"Moderate Tunneling (E=3.5, V0=5.0)",3.5,5.0,1.5,0.018467,0.981533,1.5823,0.0,0.110182,0.079544,0.135895,0.018467,0.6253,Region III (Transmitted)
"Moderate Tunneling (E=3.5, V0=5.0)",3.5,5.0,1.5,0.018467,0.981533,1.6225,0.0,0.101125,0.090781,0.135895,0.018467,0.7315,Region III (Transmitted)
"Moderate Tunneling (E=3.5, V0=5.0)",3.5,5.0,1.5,0.018467,0.981533,1.6627,0.0,0.090927,0.100994,0.135895,0.018467,0.8378,Region III (Transmitted)
"Moderate Tunneling (E=3.5, V0=5.0)",3.5,5.0,1.5,0.018467,0.981533,1.7028,0.0,0.079703,0.110068,0.135895,0.018467,0.9441,Region III (Transmitted)
"Moderate Tunneling (E=3.5, V0=5.0)",3.5,5.0,1.5,0.018467,0.981533,1.743,0.0,0.06758,0.1179,0.135895,0.018467,1.0503,Region III (Transmitted)
"Moderate Tunneling (E=3.5, V0=5.0)",3.5,5.0,1.5,0.018467,0.981533,1.7831,0.0,0.054695,0.124402,0.135895,0.018467,1.1566,Region III (Transmitted)
"Moderate Tunneling (E=3.5, V0=5.0)",3.5,5.0,1.5,0.018467,0.981533,1.8233,0.0,0.041193,0.129501,0.135895,0.018467,1.2628,Region III (Transmitted)
"Moderate Tunneling (E=3.5, V0=5.0)",3.5,5.0,1.5,0.018467,0.981533,1.8635,0.0,0.027227,0.13314,0.135895,0.018467,1.3691,Region III (Transmitted)
"Moderate Tunneling (E=3.5, V0=5.0)",3.5,5.0,1.5,0.018467,0.981533,1.9036,0.0,0.012953,0.135276,0.135895,0.018467,1.4753,Region III (Transmitted)
"Moderate Tunneling (E=3.5, V0=5.0)",3.5,5.0,1.5,0.018467,0.981533,1.9438,0.0,-0.001467,0.135887,0.135895,0.018467,1.5816,Region III (Transmitted)
"Moderate Tunneling (E=3.5, V0=5.0)",3.5,5.0,1.5,0.018467,0.981533,1.9839,0.0,-0.01587,0.134965,0.135895,0.018467,1.6878,Region III (Transmitted)
"Moderate Tunneling (E=3.5, V0=5.0)",3.5,5.0,1.5,0.018467,0.981533,2.0241,0.0,-0.030094,0.132521,0.135895,0.018467,1.7941,Region III (Transmitted)
"Moderate Tunneling (E=3.5, V0=5.0)",3.5,5.0,1.5,0.018467,0.981533,2.0643,0.0,-0.043979,0.128582,0.135895,0.018467,1.9004,Region III (Transmitted)
"Moderate Tunneling (E=3.5, V0=5.0)",3.5,5.0,1.5,0.018467,0.981533,2.1044,0.0,-0.057368,0.123192,0.135895,0.018467,2.0066,Region III (Transmitted)
"Moderate Tunneling (E=3.5, V0=5.0)",3.5,5.0,1.5,0.018467,0.981533,2.1446,0.0,-0.07011,0.116414,0.135895,0.018467,2.1129,Region III (Transmitted)
"Moderate Tunneling (E=3.5, V0=5.0)",3.5,5.0,1.5,0.018467,0.981533,2.1847,0.0,-0.08206,0.108321,0.135895,0.018467,2.2191,Region III (Transmitted)
"Moderate Tunneling (E=3.5, V0=5.0)",3.5,5.0,1.5,0.018467,0.981533,2.2249,0.0,-0.093086,0.099008,0.135895,0.018467,2.3254,Region III (Transmitted)
"Moderate Tunneling (E=3.5, V0=5.0)",3.5,5.0,1.5,0.018467,0.981533,2.2651,0.0,-0.103061,0.088577,0.135895,0.018467,2.4316,Region III (Transmitted)
"Moderate Tunneling (E=3.5, V0=5.0)",3.5,5.0,1.5,0.018467,0.981533,2.3052,0.0,-0.111874,0.077147,0.135895,0.018467,2.5379,Region III (Transmitted)
"Moderate Tunneling (E=3.5, V0=5.0)",3.5,5.0,1.5,0.018467,0.981533,2.3454,0.0,-0.119425,0.064847,0.135895,0.018467,2.6441,Region III (Transmitted)
"Moderate Tunneling (E=3.5, V0=5.0)",3.5,5.0,1.5,0.018467,0.981533,2.3855,0.0,-0.125629,0.051816,0.135895,0.018467,2.7504,Region III (Transmitted)
"Moderate Tunneling (E=3.5, V0=5.0)",3.5,5.0,1.5,0.018467,0.981533,2.4257,0.0,-0.130415,0.0382,0.135895,0.018467,2.8567,Region III (Transmitted)
"Moderate Tunneling (E=3.5, V0=5.0)",3.5,5.0,1.5,0.018467,0.981533,2.4659,0.0,-0.133731,0.024154,0.135895,0.018467,2.9629,Region III (Transmitted)
"Moderate Tunneling (E=3.5, V0=5.0)",3.5,5.0,1.5,0.018467,0.981533,2.506,0.0,-0.135539,0.009834,0.135895,0.018467,3.0692,Region III (Transmitted)
"Moderate Tunneling (E=3.5, V0=5.0)",3.5,5.0,1.5,0.018467,0.981533,2.5462,0.0,-0.135817,-0.004596,0.135895,0.018467,-3.1078,Region III (Transmitted)
"Moderate Tunneling (E=3.5, V0=5.0)",3.5,5.0,1.5,0.018467,0.981533,2.5863,0.0,-0.134564,-0.018974,0.135895,0.018467,-3.0015,Region III (Transmitted)
"Moderate Tunneling (E=3.5, V0=5.0)",3.5,5.0,1.5,0.018467,0.981533,2.6265,0.0,-0.131793,-0.033138,0.135895,0.018467,-2.8953,Region III (Transmitted)
"Moderate Tunneling (E=3.5, V0=5.0)",3.5,5.0,1.5,0.018467,0.981533,2.6667,0.0,-0.127535,-0.046928,0.135895,0.018467,-2.789,Region III (Transmitted)
"Moderate Tunneling (E=3.5, V0=5.0)",3.5,5.0,1.5,0.018467,0.981533,2.7068,0.0,-0.121839,-0.06019,0.135895,0.018467,-2.6827,Region III (Transmitted)
"Moderate Tunneling (E=3.5, V0=5.0)",3.5,5.0,1.5,0.018467,0.981533,2.747,0.0,-0.114768,-0.072772,0.135895,0.018467,-2.5765,Region III (Transmitted)
"Moderate Tunneling (E=3.5, V0=5.0)",3.5,5.0,1.5,0.018467,0.981533,2.7871,0.0,-0.106403,-0.084533,0.135895,0.018467,-2.4702,Region III (Transmitted)
"Moderate Tunneling (E=3.5, V0=5.0)",3.5,5.0,1.5,0.018467,0.981533,2.8273,0.0,-0.096838,-0.095341,0.135895,0.018467,-2.364,Region III (Transmitted)
"Moderate Tunneling (E=3.5, V0=5.0)",3.5,5.0,1.5,0.018467,0.981533,2.8675,0.0,-0.08618,-0.105073,0.135895,0.018467,-2.2577,Region III (Transmitted)
"Moderate Tunneling (E=3.5, V0=5.0)",3.5,5.0,1.5,0.018467,0.981533,2.9076,0.0,-0.074551,-0.113621,0.135895,0.018467,-2.1515,Region III (Transmitted)
"Moderate Tunneling (E=3.5, V0=5.0)",3.5,5.0,1.5,0.018467,0.981533,2.9478,0.0,-0.06208,-0.120886,0.135895,0.018467,-2.0452,Region III (Transmitted)
"Moderate Tunneling (E=3.5, V0=5.0)",3.5,5.0,1.5,0.018467,0.981533,2.988,0.0,-0.048909,-0.126789,0.135895,0.018467,-1.939,Region III (Transmitted)
"Moderate Tunneling (E=3.5, V0=5.0)",3.5,5.0,1.5,0.018467,0.981533,3.0281,0.0,-0.035187,-0.131261,0.135895,0.018467,-1.8327,Region III (Transmitted)
"Moderate Tunneling (E=3.5, V0=5.0)",3.5,5.0,1.5,0.018467,0.981533,3.0683,0.0,-0.021068,-0.134252,0.135895,0.018467,-1.7265,Region III (Transmitted)
"Moderate Tunneling (E=3.5, V0=5.0)",3.5,5.0,1.5,0.018467,0.981533,3.1084,0.0,-0.006711,-0.135729,0.135895,0.018467,-1.6202,Region III (Transmitted)
"Moderate Tunneling (E=3.5, V0=5.0)",3.5,5.0,1.5,0.018467,0.981533,3.1486,0.0,0.007722,-0.135675,0.135895,0.018467,-1.5139,Region III (Transmitted)
"Moderate Tunneling (E=3.5, V0=5.0)",3.5,5.0,1.5,0.018467,0.981533,3.1888,0.0,0.022067,-0.134091,0.135895,0.018467,-1.4077,Region III (Transmitted)
"Moderate Tunneling (E=3.5, V0=5.0)",3.5,5.0,1.5,0.018467,0.981533,3.2289,0.0,0.036164,-0.130995,0.135895,0.018467,-1.3014,Region III (Transmitted)
"Moderate Tunneling (E=3.5, V0=5.0)",3.5,5.0,1.5,0.018467,0.981533,3.2691,0.0,0.049853,-0.126421,0.135895,0.018467,-1.1952,Region III (Transmitted)
"Moderate Tunneling (E=3.5, V0=5.0)",3.5,5.0,1.5,0.018467,0.981533,3.3092,0.0,0.062979,-0.12042,0.135895,0.018467,-1.0889,Region III (Transmitted)
"Moderate Tunneling (E=3.5, V0=5.0)",3.5,5.0,1.5,0.018467,0.981533,3.3494,0.0,0.075395,-0.113062,0.135895,0.018467,-0.9827,Region III (Transmitted)
"Moderate Tunneling (E=3.5, V0=5.0)",3.5,5.0,1.5,0.018467,0.981533,3.3896,0.0,0.086961,-0.104428,0.135895,0.018467,-0.8764,Region III (Transmitted)
"Moderate Tunneling (E=3.5, V0=5.0)",3.5,5.0,1.5,0.018467,0.981533,3.4297,0.0,0.097546,-0.094617,0.135895,0.018467,-0.7702,Region III (Transmitted)
"Moderate Tunneling (E=3.5, V0=5.0)",3.5,5.0,1.5,0.018467,0.981533,3.4699,0.0,0.10703,-0.083738,0.135895,0.018467,-0.6639,Region III (Transmitted)
"Moderate Tunneling (E=3.5, V0=5.0)",3.5,5.0,1.5,0.018467,0.981533,3.51,0.0,0.115307,-0.071914,0.135895,0.018467,-0.5576,Region III (Transmitted)
"Moderate Tunneling (E=3.5, V0=5.0)",3.5,5.0,1.5,0.018467,0.981533,3.5502,0.0,0.122284,-0.05928,0.135895,0.018467,-0.4514,Region III (Transmitted)
"Moderate Tunneling (E=3.5, V0=5.0)",3.5,5.0,1.5,0.018467,0.981533,3.5904,0.0,0.127881,-0.045977,0.135895,0.018467,-0.3451,Region III (Transmitted)
"Moderate Tunneling (E=3.5, V0=5.0)",3.5,5.0,1.5,0.018467,0.981533,3.6305,0.0,0.132036,-0.032155,0.135895,0.018467,-0.2389,Region III (Transmitted)
"Moderate Tunneling (E=3.5, V0=5.0)",3.5,5.0,1.5,0.018467,0.981533,3.6707,0.0,0.134702,-0.017971,0.135895,0.018467,-0.1326,Region III (Transmitted)
"Moderate Tunneling (E=3.5, V0=5.0)",3.5,5.0,1.5,0.018467,0.981533,3.7108,0.0,0.135848,-0.003583,0.135895,0.018467,-0.0264,Region III (Transmitted)
"Moderate Tunneling (E=3.5, V0=5.0)",3.5,5.0,1.5,0.018467,0.981533,3.751,0.0,0.135462,0.010844,0.135895,0.018467,0.0799,Region III (Transmitted)
"Moderate Tunneling (E=3.5, V0=5.0)",3.5,5.0,1.5,0.018467,0.981533,3.7912,0.0,0.133548,0.025149,0.135895,0.018467,0.1861,Region III (Transmitted)
"Moderate Tunneling (E=3.5, V0=5.0)",3.5,5.0,1.5,0.018467,0.981533,3.8313,0.0,0.130127,0.039171,0.135895,0.018467,0.2924,Region III (Transmitted)
"Moderate Tunneling (E=3.5, V0=5.0)",3.5,5.0,1.5,0.018467,0.981533,3.8715,0.0,0.125239,0.052751,0.135895,0.018467,0.3986,Region III (Transmitted)
"Moderate Tunneling (E=3.5, V0=5.0)",3.5,5.0,1.5,0.018467,0.981533,3.9116,0.0,0.118938,0.065736,0.135895,0.018467,0.5049,Region III (Transmitted)
"Moderate Tunneling (E=3.5, V0=5.0)",3.5,5.0,1.5,0.018467,0.981533,3.9518,0.0,0.111296,0.077979,0.135895,0.018467,0.6112,Region III (Transmitted)
"Moderate Tunneling (E=3.5, V0=5.0)",3.5,5.0,1.5,0.018467,0.981533,3.992,0.0,0.102398,0.089343,0.135895,0.018467,0.7174,Region III (Transmitted)
"Moderate Tunneling (E=3.5, V0=5.0)",3.5,5.0,1.5,0.018467,0.981533,4.0321,0.0,0.092345,0.099699,0.135895,0.018467,0.8237,Region III (Transmitted)
"Moderate Tunneling (E=3.5, V0=5.0)",3.5,5.0,1.5,0.018467,0.981533,4.0723,0.0,0.081251,0.10893,0.135895,0.018467,0.9299,Region III (Transmitted)
"Moderate Tunneling (E=3.5, V0=5.0)",3.5,5.0,1.5,0.018467,0.981533,4.1124,0.0,0.06924,0.116933,0.135895,0.018467,1.0362,Region III (Transmitted)
"Moderate Tunneling (E=3.5, V0=5.0)",3.5,5.0,1.5,0.018467,0.981533,4.1526,0.0,0.056448,0.123617,0.135895,0.018467,1.1424,Region III (Transmitted)
"Moderate Tunneling (E=3.5, V0=5.0)",3.5,5.0,1.5,0.018467,0.981533,4.1928,0.0,0.04302,0.128906,0.135895,0.018467,1.2487,Region III (Transmitted)
"Moderate Tunneling (E=3.5, V0=5.0)",3.5,5.0,1.5,0.018467,0.981533,4.2329,0.0,0.029106,0.132741,0.135895,0.018467,1.3549,Region III (Transmitted)
"Moderate Tunneling (E=3.5, V0=5.0)",3.5,5.0,1.5,0.018467,0.981533,4.2731,0.0,0.014864,0.13508,0.135895,0.018467,1.4612,Region III (Transmitted)
"Moderate Tunneling (E=3.5, V0=5.0)",3.5,5.0,1.5,0.018467,0.981533,4.3133,0.0,0.000454,0.135894,0.135895,0.018467,1.5675,Region III (Transmitted)
"Moderate Tunneling (E=3.5, V0=5.0)",3.5,5.0,1.5,0.018467,0.981533,4.3534,0.0,-0.013961,0.135176,0.135895,0.018467,1.6737,Region III (Transmitted)
"Moderate Tunneling (E=3.5, V0=5.0)",3.5,5.0,1.5,0.018467,0.981533,4.3936,0.0,-0.028218,0.132933,0.135895,0.018467,1.78,Region III (Transmitted)
"Moderate Tunneling (E=3.5, V0=5.0)",3.5,5.0,1.5,0.018467,0.981533,4.4337,0.0,-0.042157,0.129191,0.135895,0.018467,1.8862,Region III (Transmitted)
"Moderate Tunneling (E=3.5, V0=5.0)",3.5,5.0,1.5,0.018467,0.981533,4.4739,0.0,-0.055621,0.123991,0.135895,0.018467,1.9925,Region III (Transmitted)
"Moderate Tunneling (E=3.5, V0=5.0)",3.5,5.0,1.5,0.018467,0.981533,4.5141,0.0,-0.068457,0.117393,0.135895,0.018467,2.0987,Region III (Transmitted)
"Moderate Tunneling (E=3.5, V0=5.0)",3.5,5.0,1.5,0.018467,0.981533,4.5542,0.0,-0.080521,0.109471,0.135895,0.018467,2.205,Region III (Transmitted)
"Moderate Tunneling (E=3.5, V0=5.0)",3.5,5.0,1.5,0.018467,0.981533,4.5944,0.0,-0.091677,0.100314,0.135895,0.018467,2.3112,Region III (Transmitted)
"Moderate Tunneling (E=3.5, V0=5.0)",3.5,5.0,1.5,0.018467,0.981533,4.6345,0.0,-0.101799,0.090025,0.135895,0.018467,2.4175,Region III (Transmitted)
"Moderate Tunneling (E=3.5, V0=5.0)",3.5,5.0,1.5,0.018467,0.981533,4.6747,0.0,-0.110772,0.078721,0.135895,0.018467,2.5237,Region III (Transmitted)
"Moderate Tunneling (E=3.5, V0=5.0)",3.5,5.0,1.5,0.018467,0.981533,4.7149,0.0,-0.118496,0.066529,0.135895,0.018467,2.63,Region III (Transmitted)
"Moderate Tunneling (E=3.5, V0=5.0)",3.5,5.0,1.5,0.018467,0.981533,4.755,0.0,-0.124884,0.053587,0.135895,0.018467,2.7363,Region III (Transmitted)
"Moderate Tunneling (E=3.5, V0=5.0)",3.5,5.0,1.5,0.018467,0.981533,4.7952,0.0,-0.129862,0.04004,0.135895,0.018467,2.8425,Region III (Transmitted)
"Moderate Tunneling (E=3.5, V0=5.0)",3.5,5.0,1.5,0.018467,0.981533,4.8353,0.0,-0.133377,0.026042,0.135895,0.018467,2.9488,Region III (Transmitted)
"Moderate Tunneling (E=3.5, V0=5.0)",3.5,5.0,1.5,0.018467,0.981533,4.8755,0.0,-0.135386,0.011749,0.135895,0.018467,3.055,Region III (Transmitted)
"Moderate Tunneling (E=3.5, V0=5.0)",3.5,5.0,1.5,0.018467,0.981533,4.9157,0.0,-0.135869,-0.002675,0.135895,0.018467,-3.1219,Region III (Transmitted)
"Moderate Tunneling (E=3.5, V0=5.0)",3.5,5.0,1.5,0.018467,0.981533,4.9558,0.0,-0.134819,-0.01707,0.135895,0.018467,-3.0156,Region III (Transmitted)
"Moderate Tunneling (E=3.5, V0=5.0)",3.5,5.0,1.5,0.018467,0.981533,4.996,0.0,-0.132248,-0.031272,0.135895,0.018467,-2.9094,Region III (Transmitted)
"Moderate Tunneling (E=3.5, V0=5.0)",3.5,5.0,1.5,0.018467,0.981533,5.0361,0.0,-0.128186,-0.045121,0.135895,0.018467,-2.8031,Region III (Transmitted)
"Moderate Tunneling (E=3.5, V0=5.0)",3.5,5.0,1.5,0.018467,0.981533,5.0763,0.0,-0.122677,-0.058461,0.135895,0.018467,-2.6969,Region III (Transmitted)
"Moderate Tunneling (E=3.5, V0=5.0)",3.5,5.0,1.5,0.018467,0.981533,5.1165,0.0,-0.115785,-0.071142,0.135895,0.018467,-2.5906,Region III (Transmitted)
"Moderate Tunneling (E=3.5, V0=5.0)",3.5,5.0,1.5,0.018467,0.981533,5.1566,0.0,-0.107587,-0.083021,0.135895,0.018467,-2.4844,Region III (Transmitted)
"Moderate Tunneling (E=3.5, V0=5.0)",3.5,5.0,1.5,0.018467,0.981533,5.1968,0.0,-0.098176,-0.093963,0.135895,0.018467,-2.3781,Region III (Transmitted)
"Moderate Tunneling (E=3.5, V0=5.0)",3.5,5.0,1.5,0.018467,0.981533,5.2369,0.0,-0.087657,-0.103845,0.135895,0.018467,-2.2719,Region III (Transmitted)
"Moderate Tunneling (E=3.5, V0=5.0)",3.5,5.0,1.5,0.018467,0.981533,5.2771,0.0,-0.076149,-0.112556,0.135895,0.018467,-2.1656,Region III (Transmitted)
"Moderate Tunneling (E=3.5, V0=5.0)",3.5,5.0,1.5,0.018467,0.981533,5.3173,0.0,-0.063783,-0.119997,0.135895,0.018467,-2.0594,Region III (Transmitted)
"Moderate Tunneling (E=3.5, V0=5.0)",3.5,5.0,1.5,0.018467,0.981533,5.3574,0.0,-0.050697,-0.126084,0.135895,0.018467,-1.9531,Region III (Transmitted)
"Moderate Tunneling (E=3.5, V0=5.0)",3.5,5.0,1.5,0.018467,0.981533,5.3976,0.0,-0.037039,-0.13075,0.135895,0.018467,-1.8468,Region III (Transmitted)
"Moderate Tunneling (E=3.5, V0=5.0)",3.5,5.0,1.5,0.018467,0.981533,5.4378,0.0,-0.022963,-0.133941,0.135895,0.018467,-1.7406,Region III (Transmitted)
"Moderate Tunneling (E=3.5, V0=5.0)",3.5,5.0,1.5,0.018467,0.981533,5.4779,0.0,-0.008629,-0.135621,0.135895,0.018467,-1.6343,Region III (Transmitted)
"Moderate Tunneling (E=3.5, V0=5.0)",3.5,5.0,1.5,0.018467,0.981533,5.5181,0.0,0.005803,-0.135771,0.135895,0.018467,-1.5281,Region III (Transmitted)
"Moderate Tunneling (E=3.5, V0=5.0)",3.5,5.0,1.5,0.018467,0.981533,5.5582,0.0,0.02017,-0.13439,0.135895,0.018467,-1.4218,Region III (Transmitted)
"Moderate Tunneling (E=3.5, V0=5.0)",3.5,5.0,1.5,0.018467,0.981533,5.5984,0.0,0.034309,-0.131493,0.135895,0.018467,-1.3156,Region III (Transmitted)
"Moderate Tunneling (E=3.5, V0=5.0)",3.5,5.0,1.5,0.018467,0.981533,5.6386,0.0,0.048061,-0.127113,0.135895,0.018467,-1.2093,Region III (Transmitted)
"Moderate Tunneling (E=3.5, V0=5.0)",3.5,5.0,1.5,0.018467,0.981533,5.6787,0.0,0.061271,-0.121299,0.135895,0.018467,-1.1031,Region III (Transmitted)
"Moderate Tunneling (E=3.5, V0=5.0)",3.5,5.0,1.5,0.018467,0.981533,5.7189,0.0,0.07379,-0.114116,0.135895,0.018467,-0.9968,Region III (Transmitted)
"Moderate Tunneling (E=3.5, V0=5.0)",3.5,5.0,1.5,0.018467,0.981533,5.759,0.0,0.085476,-0.105647,0.135895,0.018467,-0.8905,Region III (Transmitted)
"Moderate Tunneling (E=3.5, V0=5.0)",3.5,5.0,1.5,0.018467,0.981533,5.7992,0.0,0.096198,-0.095986,0.135895,0.018467,-0.7843,Region III (Transmitted)
"Moderate Tunneling (E=3.5, V0=5.0)",3.5,5.0,1.5,0.018467,0.981533,5.8394,0.0,0.105836,-0.085242,0.135895,0.018467,-0.678,Region III (Transmitted)
"Moderate Tunneling (E=3.5, V0=5.0)",3.5,5.0,1.5,0.018467,0.981533,5.8795,0.0,0.114279,-0.073537,0.135895,0.018467,-0.5718,Region III (Transmitted)
"Moderate Tunneling (E=3.5, V0=5.0)",3.5,5.0,1.5,0.018467,0.981533,5.9197,0.0,0.121434,-0.061003,0.135895,0.018467,-0.4655,Region III (Transmitted)
"Moderate Tunneling (E=3.5, V0=5.0)",3.5,5.0,1.5,0.018467,0.981533,5.9598,0.0,0.127218,-0.04778,0.135895,0.018467,-0.3593,Region III (Transmitted)
"Moderate Tunneling (E=3.5, V0=5.0)",3.5,5.0,1.5,0.018467,0.981533,6.0,0.0,0.131568,-0.034018,0.135895,0.018467,-0.253,Region III (Transmitted)
"Near-Threshold Tunneling (E=4.8, V0=5.0)",4.8,5.0,1.5,0.113093,0.886907,-4.0,0.0,1.708037,-0.431585,1.76172,3.103657,-0.2475,Region I (Incident/Reflected)
"Near-Threshold Tunneling (E=4.8, V0=5.0)",4.8,5.0,1.5,0.113093,0.886907,-3.9598,0.0,1.59858,-0.39571,1.646828,2.712044,-0.2427,Region I (Incident/Reflected)
"Near-Threshold Tunneling (E=4.8, V0=5.0)",4.8,5.0,1.5,0.113093,0.886907,-3.9197,0.0,1.464403,-0.353716,1.506516,2.26959,-0.237,Region I (Incident/Reflected)
"Near-Threshold Tunneling (E=4.8, V0=5.0)",4.8,5.0,1.5,0.113093,0.886907,-3.8795,0.0,1.307581,-0.306251,1.342966,1.803557,-0.2301,Region I (Incident/Reflected)
"Near-Threshold Tunneling (E=4.8, V0=5.0)",4.8,5.0,1.5,0.113093,0.886907,-3.8394,0.0,1.130539,-0.254051,1.158732,1.342659,-0.221,Region I (Incident/Reflected)
"Near-Threshold Tunneling (E=4.8, V0=5.0)",4.8,5.0,1.5,0.113093,0.886907,-3.7992,0.0,0.936014,-0.197923,0.956711,0.915296,-0.2084,Region I (Incident/Reflected)
"Near-Threshold Tunneling (E=4.8, V0=5.0)",4.8,5.0,1.5,0.113093,0.886907,-3.759,0.0,0.727016,-0.138734,0.740134,0.547799,-0.1886,Region I (Incident/Reflected)
"Near-Threshold Tunneling (E=4.8, V0=5.0)",4.8,5.0,1.5,0.113093,0.886907,-3.7189,0.0,0.506775,-0.077399,0.512651,0.262811,-0.1516,Region I (Incident/Reflected)
"Near-Threshold Tunneling (E=4.8, V0=5.0)",4.8,5.0,1.5,0.113093,0.886907,-3.6787,0.0,0.278697,-0.014868,0.279094,0.077893,-0.0533,Region I (Incident/Reflected)
"Near-Threshold Tunneling (E=4.8, V0=5.0)",4.8,5.0,1.5,0.113093,0.886907,-3.6386,0.0,0.04631,0.047893,0.066621,0.004438,0.8022,Region I (Incident/Reflected)
"Near-Threshold Tunneling (E=4.8, V0=5.0)",4.8,5.0,1.5,0.113093,0.886907,-3.5984,0.0,-0.186793,0.109914,0.216732,0.046973,2.6097,Region I (Incident/Reflected)
"Near-Threshold Tunneling (E=4.8, V0=5.0)",4.8,5.0,1.5,0.113093,0.886907,-3.5582,0.0,-0.417008,0.170235,0.450417,0.202876,2.754,Region I (Incident/Reflected)
"Near-Threshold Tunneling (E=4.8, V0=5.0)",4.8,5.0,1.5,0.113093,0.886907,-3.5181,0.0,-0.640774,0.227924,0.680104,0.462541,2.7998,Region I (Incident/Reflected)
"Near-Threshold Tunneling (E=4.8, V0=5.0)",4.8,5.0,1.5,0.113093,0.886907,-3.4779,0.0,-0.854632,0.282088,0.899983,0.809969,2.8228,Region I (Incident/Reflected)
"Near-Threshold Tunneling (E=4.8, V0=5.0)",4.8,5.0,1.5,0.113093,0.886907,-3.4378,0.0,-1.055274,0.331889,1.106234,1.223753,2.8369,Region I (Incident/Reflected)
"Near-Threshold Tunneling (E=4.8, V0=5.0)",4.8,5.0,1.5,0.113093,0.886907,-3.3976,0.0,-1.239597,0.376559,1.29553,1.678398,2.8467,Region I (Incident/Reflected)
"Near-Threshold Tunneling (E=4.8, V0=5.0)",4.8,5.0,1.5,0.113093,0.886907,-3.3574,0.0,-1.404752,0.415406,1.464886,2.14589,2.8541,Region I (Incident/Reflected)
"Near-Threshold Tunneling (E=4.8, V0=5.0)",4.8,5.0,1.5,0.113093,0.886907,-3.3173,0.0,-1.548184,0.447829,1.611653,2.597425,2.86,Region I (Incident/Reflected)
"Near-Threshold Tunneling (E=4.8, V0=5.0)",4.8,5.0,1.5,0.113093,0.886907,-3.2771,0.0,-1.667676,0.473327,1.733546,3.00518,2.865,Region I (Incident/Reflected)
"Near-Threshold Tunneling (E=4.8, V0=5.0)",4.8,5.0,1.5,0.113093,0.886907,-3.2369,0.0,-1.761379,0.491505,1.82867,3.344033,2.8695,Region I (Incident/Reflected)
"Near-Threshold Tunneling (E=4.8, V0=5.0)",4.8,5.0,1.5,0.113093,0.886907,-3.1968,0.0,-1.827845,0.502083,1.895549,3.593104,2.8735,Region I (Incident/Reflected)
"Near-Threshold Tunneling (E=4.8, V0=5.0)",4.8,5.0,1.5,0.113093,0.886907,-3.1566,0.0,-1.866046,0.504897,1.933144,3.737047,2.8773,Region I (Incident/Reflected)
"Near-Threshold Tunneling (E=4.8, V0=5.0)",4.8,5.0,1.5,0.113093,0.886907,-3.1165,0.0,-1.87539,0.499904,1.940874,3.766993,2.8811,Region I (Incident/Reflected)
"Near-Threshold Tunneling (E=4.8, V0=5.0)",4.8,5.0,1.5,0.113093,0.886907,-3.0763,0.0,-1.855735,0.48718,1.918618,3.681096,2.8849,Region I (Incident/Reflected)
"Near-Threshold Tunneling (E=4.8, V0=5.0)",4.8,5.0,1.5,0.113093,0.886907,-3.0361,0.0,-1.807383,0.466923,1.866722,3.48465,2.8888,Region I (Incident/Reflected)
"Near-Threshold Tunneling (E=4.8, V0=5.0)",4.8,5.0,1.5,0.113093,0.886907,-2.996,0.0,-1.731082,0.439445,1.785989,3.189757,2.893,Region I (Incident/Reflected)
"Near-Threshold Tunneling (E=4.8, V0=5.0)",4.8,5.0,1.5,0.113093,0.886907,-2.9558,0.0,-1.628013,0.405172,1.677674,2.814589,2.8977,Region I (Incident/Reflected)
"Near-Threshold Tunneling (E=4.8, V0=5.0)",4.8,5.0,1.5,0.113093,0.886907,-2.9157,0.0,-1.499768,0.364633,1.543458,2.382261,2.9031,Region I (Incident/Reflected)
"Near-Threshold Tunneling (E=4.8, V0=5.0)",4.8,5.0,1.5,0.113093,0.886907,-2.8755,0.0,-1.348331,0.318456,1.385428,1.919412,2.9097,Region I (Incident/Reflected)
"Near-Threshold Tunneling (E=4.8, V0=5.0)",4.8,5.0,1.5,0.113093,0.886907,-2.8353,0.0,-1.176045,0.267354,1.206051,1.45456,2.9181,Region I (Incident/Reflected)
"Near-Threshold Tunneling (E=4.8, V0=5.0)",4.8,5.0,1.5,0.113093,0.886907,-2.7952,0.0,-0.985572,0.212118,1.00814,1.016347,2.9296,Region I (Incident/Reflected)
"Near-Threshold Tunneling (E=4.8, V0=5.0)",4.8,5.0,1.5,0.113093,0.886907,-2.755,0.0,-0.779859,0.153602,0.794842,0.631774,2.9471,Region I (Incident/Reflected)
"Near-Threshold Tunneling (E=4.8, V0=5.0)",4.8,5.0,1.5,0.113093,0.886907,-2.7149,0.0,-0.562087,0.092711,0.569681,0.324537,2.9781,Region I (Incident/Reflected)
"Near-Threshold Tunneling (E=4.8, V0=5.0)",4.8,5.0,1.5,0.113093,0.886907,-2.6747,0.0,-0.335622,0.030386,0.336995,0.113565,3.0513,Region I (Incident/Reflected)
"Near-Threshold Tunneling (E=4.8, V0=5.0)",4.8,5.0,1.5,0.113093,0.886907,-2.6345,0.0,-0.103968,-0.032409,0.108902,0.01186,-2.8394,Region I (Incident/Reflected)
"Near-Threshold Tunneling (E=4.8, V0=5.0)",4.8,5.0,1.5,0.113093,0.886907,-2.5944,0.0,0.129295,-0.094703,0.160267,0.025686,-0.6322,Region I (Incident/Reflected)
"Near-Threshold Tunneling (E=4.8, V0=5.0)",4.8,5.0,1.5,0.113093,0.886907,-2.5542,0.0,0.360557,-0.155532,0.392673,0.154192,-0.4072,Region I (Incident/Reflected)
"Near-Threshold Tunneling (E=4.8, V0=5.0)",4.8,5.0,1.5,0.113093,0.886907,-2.5141,0.0,0.586245,-0.213956,0.624067,0.38946,-0.3499,Region I (Incident/Reflected)
"Near-Threshold Tunneling (E=4.8, V0=5.0)",4.8,5.0,1.5,0.113093,0.886907,-2.4739,0.0,0.802866,-0.269072,0.846755,0.716994,-0.3234,Region I (Incident/Reflected)
"Near-Threshold Tunneling (E=4.8, V0=5.0)",4.8,5.0,1.5,0.113093,0.886907,-2.4337,0.0,1.007073,-0.320026,1.056699,1.116613,-0.3077,Region I (Incident/Reflected)
"Near-Threshold Tunneling (E=4.8, V0=5.0)",4.8,5.0,1.5,0.113093,0.886907,-2.3936,0.0,1.195706,-0.366032,1.250477,1.563694,-0.2971,Region I (Incident/Reflected)
"Near-Threshold Tunneling (E=4.8, V0=5.0)",4.8,5.0,1.5,0.113093,0.886907,-2.3534,0.0,1.36585,-0.406378,1.425023,2.030689,-0.2892,Region I (Incident/Reflected)
"Near-Threshold Tunneling (E=4.8, V0=5.0)",4.8,5.0,1.5,0.113093,0.886907,-2.3133,0.0,1.514872,-0.44044,1.577601,2.488826,-0.2829,Region I (Incident/Reflected)
"Near-Threshold Tunneling (E=4.8, V0=5.0)",4.8,5.0,1.5,0.113093,0.886907,-2.2731,0.0,1.640469,-0.467691,1.705835,2.909875,-0.2777,Region I (Incident/Reflected)
"Near-Threshold Tunneling (E=4.8, V0=5.0)",4.8,5.0,1.5,0.113093,0.886907,-2.2329,0.0,1.740699,-0.487709,1.807731,3.267893,-0.2732,Region I (Incident/Reflected)
"Near-Threshold Tunneling (E=4.8, V0=5.0)",4.8,5.0,1.5,0.113093,0.886907,-2.1928,0.0,1.814011,-0.500186,1.881707,3.540821,-0.269,Region I (Incident/Reflected)
"Near-Threshold Tunneling (E=4.8, V0=5.0)",4.8,5.0,1.5,0.113093,0.886907,-2.1526,0.0,1.859271,-0.504929,1.926614,3.711842,-0.2652,Region I (Incident/Reflected)
"Near-Threshold Tunneling (E=4.8, V0=5.0)",4.8,5.0,1.5,0.113093,0.886907,-2.1124,0.0,1.875781,-0.501863,1.941757,3.770419,-0.2614,Region I (Incident/Reflected)
"Near-Threshold Tunneling (E=4.8, V0=5.0)",4.8,5.0,1.5,0.113093,0.886907,-2.0723,0.0,1.863284,-0.491036,1.9269,3.712943,-0.2577,Region I (Incident/Reflected)
"Near-Threshold Tunneling (E=4.8, V0=5.0)",4.8,5.0,1.5,0.113093,0.886907,-2.0321,0.0,1.821974,-0.472617,1.882274,3.542954,-0.2538,Region I (Incident/Reflected)
"Near-Threshold Tunneling (E=4.8, V0=5.0)",4.8,5.0,1.5,0.113093,0.886907,-1.992,0.0,1.752489,-0.446889,1.808571,3.270927,-0.2497,Region I (Incident/Reflected)
"Near-Threshold Tunneling (E=4.8, V0=5.0)",4.8,5.0,1.5,0.113093,0.886907,-1.9518,0.0,1.655905,-0.41425,1.706934,2.913623,-0.2451,Region I (Incident/Reflected)
"Near-Threshold Tunneling (E=4.8, V0=5.0)",4.8,5.0,1.5,0.113093,0.886907,-1.9116,0.0,1.533714,-0.375206,1.578942,2.493058,-0.2399,Region I (Incident/Reflected)
"Near-Threshold Tunneling (E=4.8, V0=5.0)",4.8,5.0,1.5,0.113093,0.886907,-1.8715,0.0,1.387806,-0.330359,1.426585,2.035144,-0.2337,Region I (Incident/Reflected)
"Near-Threshold Tunneling (E=4.8, V0=5.0)",4.8,5.0,1.5,0.113093,0.886907,-1.8313,0.0,1.220438,-0.280404,1.252237,1.568096,-0.2258,Region I (Incident/Reflected)
"Near-Threshold Tunneling (E=4.8, V0=5.0)",4.8,5.0,1.5,0.113093,0.886907,-1.7912,0.0,1.034198,-0.226113,1.058628,1.120692,-0.2152,Region I (Incident/Reflected)
"Near-Threshold Tunneling (E=4.8, V0=5.0)",4.8,5.0,1.5,0.113093,0.886907,-1.751,0.0,0.831965,-0.168325,0.848822,0.720499,-0.1996,Region I (Incident/Reflected)
"Near-Threshold Tunneling (E=4.8, V0=5.0)",4.8,5.0,1.5,0.113093,0.886907,-1.7108,0.0,0.616867,-0.107935,0.626238,0.392174,-0.1732,Region I (Incident/Reflected)
"Near-Threshold Tunneling (E=4.8, V0=5.0)",4.8,5.0,1.5,0.113093,0.886907,-1.6707,0.0,0.392229,-0.045875,0.394903,0.155948,-0.1164,Region I (Incident/Reflected)
"Near-Threshold Tunneling (E=4.8, V0=5.0)",4.8,5.0,1.5,0.113093,0.886907,-1.6305,0.0,0.161527,0.016894,0.162408,0.026376,0.1042,Region I (Incident/Reflected)
"Near-Threshold Tunneling (E=4.8, V0=5.0)",4.8,5.0,1.5,0.113093,0.886907,-1.5904,0.0,-0.071674,0.079401,0.106966,0.011442,2.3051,Region I (Incident/Reflected)
"Near-Threshold Tunneling (E=4.8, V0=5.0)",4.8,5.0,1.5,0.113093,0.886907,-1.5502,0.0,-0.303766,0.140681,0.334761,0.112065,2.7079,Region I (Incident/Reflected)
"Near-Threshold Tunneling (E=4.8, V0=5.0)",4.8,5.0,1.5,0.113093,0.886907,-1.51,0.0,-0.53116,0.199786,0.567491,0.322046,2.7818,Region I (Incident/Reflected)
"Near-Threshold Tunneling (E=4.8, V0=5.0)",4.8,5.0,1.5,0.113093,0.886907,-1.4699,0.0,-0.750341,0.255801,0.792746,0.628446,2.813,Region I (Incident/Reflected)
"Near-Threshold Tunneling (E=4.8, V0=5.0)",4.8,5.0,1.5,0.113093,0.886907,-1.4297,0.0,-0.957919,0.30786,1.006175,1.012387,2.8306,Region I (Incident/Reflected)
"Near-Threshold Tunneling (E=4.8, V0=5.0)",4.8,5.0,1.5,0.113093,0.886907,-1.3896,0.0,-1.150684,0.355159,1.204248,1.450212,2.8422,Region I (Incident/Reflected)
"Near-Threshold Tunneling (E=4.8, V0=5.0)",4.8,5.0,1.5,0.113093,0.886907,-1.3494,0.0,-1.325655,0.396966,1.383815,1.914944,2.8506,Region I (Incident/Reflected)
"Near-Threshold Tunneling (E=4.8, V0=5.0)",4.8,5.0,1.5,0.113093,0.886907,-1.3092,0.0,-1.480127,0.432634,1.54206,2.377949,2.8572,Region I (Incident/Reflected)
"Near-Threshold Tunneling (E=4.8, V0=5.0)",4.8,5.0,1.5,0.113093,0.886907,-1.2691,0.0,-1.611711,0.461612,1.676514,2.810698,2.8626,Region I (Incident/Reflected)
"Near-Threshold Tunneling (E=4.8, V0=5.0)",4.8,5.0,1.5,0.113093,0.886907,-1.2289,0.0,-1.718372,0.483452,1.785085,3.186527,2.8673,Region I (Incident/Reflected)
"Near-Threshold Tunneling (E=4.8, V0=5.0)",4.8,5.0,1.5,0.113093,0.886907,-1.1888,0.0,-1.79846,0.497816,1.866087,3.482279,2.8716,Region I (Incident/Reflected)
"Near-Threshold Tunneling (E=4.8, V0=5.0)",4.8,5.0,1.5,0.113093,0.886907,-1.1486,0.0,-1.850738,0.504482,1.918263,3.679732,2.8755,Region I (Incident/Reflected)
"Near-Threshold Tunneling (E=4.8, V0=5.0)",4.8,5.0,1.5,0.113093,0.886907,-1.1084,0.0,-1.874396,0.503347,1.940804,3.766718,2.8792,Region I (Incident/Reflected)
"Near-Threshold Tunneling (E=4.8, V0=5.0)",4.8,5.0,1.5,0.113093,0.886907,-1.0683,0.0,-1.869069,0.494428,1.93336,3.73788,2.883,Region I (Incident/Reflected)
"Near-Threshold Tunneling (E=4.8, V0=5.0)",4.8,5.0,1.5,0.113093,0.886907,-1.0281,0.0,-1.83484,0.477863,1.896046,3.594992,2.8868,Region I (Incident/Reflected)
"Near-Threshold Tunneling (E=4.8, V0=5.0)",4.8,5.0,1.5,0.113093,0.886907,-0.988,0.0,-1.772238,0.453909,1.829443,3.34686,2.8909,Region I (Incident/Reflected)
"Near-Threshold Tunneling (E=4.8, V0=5.0)",4.8,5.0,1.5,0.113093,0.886907,-0.9478,0.0,-1.68223,0.422936,1.734581,3.008773,2.8953,Region I (Incident/Reflected)
"Near-Threshold Tunneling (E=4.8, V0=5.0)",4.8,5.0,1.5,0.113093,0.886907,-0.9076,0.0,-1.566209,0.385423,1.612935,2.601561,2.9003,Region I (Incident/Reflected)
"Near-Threshold Tunneling (E=4.8, V0=5.0)",4.8,5.0,1.5,0.113093,0.886907,-0.8675,0.0,-1.425968,0.34195,1.466395,2.150315,2.9062,Region I (Incident/Reflected)
"Near-Threshold Tunneling (E=4.8, V0=5.0)",4.8,5.0,1.5,0.113093,0.886907,-0.8273,0.0,-1.263677,0.293189,1.297243,1.682839,2.9136,Region I (Incident/Reflected)
"Near-Threshold Tunneling (E=4.8, V0=5.0)",4.8,5.0,1.5,0.113093,0.886907,-0.7871,0.0,-1.081845,0.239894,1.108123,1.227937,2.9234,Region I (Incident/Reflected)
"Near-Threshold Tunneling (E=4.8, V0=5.0)",4.8,5.0,1.5,0.113093,0.886907,-0.747,0.0,-0.883283,0.182889,0.902019,0.813638,2.9374,Region I (Incident/Reflected)
"Near-Threshold Tunneling (E=4.8, V0=5.0)",4.8,5.0,1.5,0.113093,0.886907,-0.7068,0.0,-0.671063,0.123057,0.682252,0.465468,2.9602,Region I (Incident/Reflected)
"Near-Threshold Tunneling (E=4.8, V0=5.0)",4.8,5.0,1.5,0.113093,0.886907,-0.6667,0.0,-0.448465,0.061321,0.452638,0.204882,3.0057,Region I (Incident/Reflected)
"Near-Threshold Tunneling (E=4.8, V0=5.0)",4.8,5.0,1.5,0.113093,0.886907,-0.6265,0.0,-0.218933,-0.001363,0.218937,0.047934,-3.1354,Region I (Incident/Reflected)
"Near-Threshold Tunneling (E=4.8, V0=5.0)",4.8,5.0,1.5,0.113093,0.886907,-0.5863,0.0,0.013985,-0.064025,0.065535,0.004295,-1.3557,Region I (Incident/Reflected)
"Near-Threshold Tunneling (E=4.8, V0=5.0)",4.8,5.0,1.5,0.113093,0.886907,-0.5462,0.0,0.246686,-0.125698,0.276865,0.076654,-0.4713,Region I (Incident/Reflected)
"Near-Threshold Tunneling (E=4.8, V0=5.0)",4.8,5.0,1.5,0.113093,0.886907,-0.506,0.0,0.475573,-0.185427,0.510444,0.260553,-0.3718,Region I (Incident/Reflected)
"Near-Threshold Tunneling (E=4.8, V0=5.0)",4.8,5.0,1.5,0.113093,0.886907,-0.4659,0.0,0.697106,-0.242288,0.738011,0.54466,-0.3345,Region I (Incident/Reflected)
"Near-Threshold Tunneling (E=4.8, V0=5.0)",4.8,5.0,1.5,0.113093,0.886907,-0.4257,0.0,0.907859,-0.295403,0.95471,0.911471,-0.3146,Region I (Incident/Reflected)
"Near-Threshold Tunneling (E=4.8, V0=5.0)",4.8,5.0,1.5,0.113093,0.886907,-0.3855,0.0,1.104573,-0.34395,1.156885,1.338383,-0.3019,Region I (Incident/Reflected)
"Near-Threshold Tunneling (E=4.8, V0=5.0)",4.8,5.0,1.5,0.113093,0.886907,-0.3454,0.0,1.284207,-0.387178,1.341303,1.799094,-0.2928,Region I (Incident/Reflected)
"Near-Threshold Tunneling (E=4.8, V0=5.0)",4.8,5.0,1.5,0.113093,0.886907,-0.3052,0.0,1.443982,-0.424419,1.505063,2.265214,-0.2859,Region I (Incident/Reflected)
"Near-Threshold Tunneling (E=4.8, V0=5.0)",4.8,5.0,1.5,0.113093,0.886907,-0.2651,0.0,1.581427,-0.455097,1.645608,2.708025,-0.2802,Region I (Incident/Reflected)
"Near-Threshold Tunneling (E=4.8, V0=5.0)",4.8,5.0,1.5,0.113093,0.886907,-0.2249,0.0,1.694418,-0.478737,1.760751,3.100243,-0.2754,Region I (Incident/Reflected)
"Near-Threshold Tunneling (E=4.8, V0=5.0)",4.8,5.0,1.5,0.113093,0.886907,-0.1847,0.0,1.781207,-0.494975,1.848702,3.4177,-0.271,Region I (Incident/Reflected)
"Near-Threshold Tunneling (E=4.8, V0=5.0)",4.8,5.0,1.5,0.113093,0.886907,-0.1446,0.0,1.840453,-0.503558,1.908098,3.640836,-0.2671,Region I (Incident/Reflected)
"Near-Threshold Tunneling (E=4.8, V0=5.0)",4.8,5.0,1.5,0.113093,0.886907,-0.1044,0.0,1.871238,-0.504354,1.938015,3.755904,-0.2633,Region I (Incident/Reflected)
"Near-Threshold Tunneling (E=4.8, V0=5.0)",4.8,5.0,1.5,0.113093,0.886907,-0.0643,0.0,1.873087,-0.497352,1.937992,3.755812,-0.2595,Region I (Incident/Reflected)
"Near-Threshold Tunneling (E=4.8, V0=5.0)",4.8,5.0,1.5,0.113093,0.886907,-0.0241,0.0,1.845971,-0.482658,1.908027,3.640566,-0.2557,Region I (Incident/Reflected)
"Near-Threshold Tunneling (E=4.8, V0=5.0)",4.8,5.0,1.5,0.113093,0.886907,0.0161,5.0,1.792642,-0.461103,1.850995,3.426182,-0.2518,Region II (Barrier)
"Near-Threshold Tunneling (E=4.8, V0=5.0)",4.8,5.0,1.5,0.113093,0.886907,0.0562,5.0,1.735166,-0.438469,1.789708,3.203056,-0.2475,Region II (Barrier)
"Near-Threshold Tunneling (E=4.8, V0=5.0)",4.8,5.0,1.5,0.113093,0.886907,0.0964,5.0,1.67881,-0.416116,1.729611,2.991555,-0.243,Region II (Barrier)
"Near-Threshold Tunneling (E=4.8, V0=5.0)",4.8,5.0,1.5,0.113093,0.886907,0.1365,5.0,1.623537,-0.394033,1.670669,2.791133,-0.2381,Region II (Barrier)
"Near-Threshold Tunneling (E=4.8, V0=5.0)",4.8,5.0,1.5,0.113093,0.886907,0.1767,5.0,1.569311,-0.372203,1.612846,2.601273,-0.2329,Region II (Barrier)
"Near-Threshold Tunneling (E=4.8, V0=5.0)",4.8,5.0,1.5,0.113093,0.886907,0.2169,5.0,1.516098,-0.350614,1.556112,2.421483,-0.2273,Region II (Barrier)
"Near-Threshold Tunneling (E=4.8, V0=5.0)",4.8,5.0,1.5,0.113093,0.886907,0.257,5.0,1.463863,-0.329251,1.500434,2.251301,-0.2212,Region II (Barrier)
"Near-Threshold Tunneling (E=4.8, V0=5.0)",4.8,5.0,1.5,0.113093,0.886907,0.2972,5.0,1.412572,-0.308101,1.445782,2.090287,-0.2147,Region II (Barrier)
"Near-Threshold Tunneling (E=4.8, V0=5.0)",4.8,5.0,1.5,0.113093,0.886907,0.3373,5.0,1.362193,-0.287149,1.39213,1.938025,-0.2078,Region II (Barrier)
"Near-Threshold Tunneling (E=4.8, V0=5.0)",4.8,5.0,1.5,0.113093,0.886907,0.3775,5.0,1.312693,-0.266382,1.339448,1.794122,-0.2002,Region II (Barrier)
"Near-Threshold Tunneling (E=4.8, V0=5.0)",4.8,5.0,1.5,0.113093,0.886907,0.4177,5.0,1.26404,-0.245788,1.287714,1.658207,-0.192,Region II (Barrier)
"Near-Threshold Tunneling (E=4.8, V0=5.0)",4.8,5.0,1.5,0.113093,0.886907,0.4578,5.0,1.216202,-0.225351,1.236903,1.52993,-0.1832,Region II (Barrier)
"Near-Threshold Tunneling (E=4.8, V0=5.0)",4.8,5.0,1.5,0.113093,0.886907,0.498,5.0,1.169149,-0.205061,1.186995,1.408958,-0.1736,Region II (Barrier)
"Near-Threshold Tunneling (E=4.8, V0=5.0)",4.8,5.0,1.5,0.113093,0.886907,0.5382,5.0,1.12285,-0.184902,1.137972,1.29498,-0.1632,Region II (Barrier)
"Near-Threshold Tunneling (E=4.8, V0=5.0)",4.8,5.0,1.5,0.113093,0.886907,0.5783,5.0,1.077275,-0.164863,1.089817,1.187702,-0.1519,Region II (Barrier)
"Near-Threshold Tunneling (E=4.8, V0=5.0)",4.8,5.0,1.5,0.113093,0.886907,0.6185,5.0,1.032396,-0.144931,1.042519,1.086846,-0.1395,Region II (Barrier)
"Near-Threshold Tunneling (E=4.8, V0=5.0)",4.8,5.0,1.5,0.113093,0.886907,0.6586,5.0,0.988183,-0.125091,0.996069,0.992153,-0.1259,Region II (Barrier)
"Near-Threshold Tunneling (E=4.8, V0=5.0)",4.8,5.0,1.5,0.113093,0.886907,0.6988,5.0,0.944607,-0.105333,0.950462,0.903377,-0.1111,Region II (Barrier)
"Near-Threshold Tunneling (E=4.8, V0=5.0)",4.8,5.0,1.5,0.113093,0.886907,0.739,5.0,0.901641,-0.085642,0.905699,0.820291,-0.0947,Region II (Barrier)
"Near-Threshold Tunneling (E=4.8, V0=5.0)",4.8,5.0,1.5,0.113093,0.886907,0.7791,5.0,0.859256,-0.066007,0.861788,0.742678,-0.0767,Region II (Barrier)
"Near-Threshold Tunneling (E=4.8, V0=5.0)",4.8,5.0,1.5,0.113093,0.886907,0.8193,5.0,0.817426,-0.046414,0.818743,0.67034,-0.0567,Region II (Barrier)
"Near-Threshold Tunneling (E=4.8, V0=5.0)",4.8,5.0,1.5,0.113093,0.886907,0.8594,5.0,0.776123,-0.026851,0.776588,0.603088,-0.0346,Region II (Barrier)
"Near-Threshold Tunneling (E=4.8, V0=5.0)",4.8,5.0,1.5,0.113093,0.886907,0.8996,5.0,0.735321,-0.007306,0.735358,0.540751,-0.0099,Region II (Barrier)
"Near-Threshold Tunneling (E=4.8, V0=5.0)",4.8,5.0,1.5,0.113093,0.886907,0.9398,5.0,0.694994,0.012235,0.695101,0.483166,0.0176,Region II (Barrier)
"Near-Threshold Tunneling (E=4.8, V0=5.0)",4.8,5.0,1.5,0.113093,0.886907,0.9799,5.0,0.655115,0.031783,0.655885,0.430185,0.0485,Region II (Barrier)
"Near-Threshold Tunneling (E=4.8, V0=5.0)",4.8,5.0,1.5,0.113093,0.886907,1.0201,5.0,0.615658,0.051353,0.617796,0.381672,0.0832,Region II (Barrier)
"Near-Threshold Tunneling (E=4.8, V0=5.0)",4.8,5.0,1.5,0.113093,0.886907,1.0602,5.0,0.576599,0.070955,0.580948,0.337501,0.1224,Region II (Barrier)
"Near-Threshold Tunneling (E=4.8, V0=5.0)",4.8,5.0,1.5,0.113093,0.886907,1.1004,5.0,0.537911,0.090603,0.545488,0.297558,0.1669,Region II (Barrier)
"Near-Threshold Tunneling (E=4.8, V0=5.0)",4.8,5.0,1.5,0.113093,0.886907,1.1406,5.0,0.499571,0.110309,0.511605,0.261739,0.2173,Region II (Barrier)
"Near-Threshold Tunneling (E=4.8, V0=5.0)",4.8,5.0,1.5,0.113093,0.886907,1.1807,5.0,0.461553,0.130087,0.479535,0.229954,0.2747,Region II (Barrier)
"Near-Threshold Tunneling (E=4.8, V0=5.0)",4.8,5.0,1.5,0.113093,0.886907,1.2209,5.0,0.423833,0.149949,0.449577,0.202119,0.34,Region II (Barrier)
"Near-Threshold Tunneling (E=4.8, V0=5.0)",4.8,5.0,1.5,0.113093,0.886907,1.261,5.0,0.386386,0.169907,0.422093,0.178163,0.4143,Region II (Barrier)
"Near-Threshold Tunneling (E=4.8, V0=5.0)",4.8,5.0,1.5,0.113093,0.886907,1.3012,5.0,0.349189,0.189975,0.397522,0.158023,0.4983,Region II (Barrier)
"Near-Threshold Tunneling (E=4.8, V0=5.0)",4.8,5.0,1.5,0.113093,0.886907,1.3414,5.0,0.312217,0.210166,0.376363,0.141649,0.5925,Region II (Barrier)
"Near-Threshold Tunneling (E=4.8, V0=5.0)",4.8,5.0,1.5,0.113093,0.886907,1.3815,5.0,0.275446,0.230492,0.359162,0.128997,0.6968,Region II (Barrier)
"Near-Threshold Tunneling (E=4.8, V0=5.0)",4.8,5.0,1.5,0.113093,0.886907,1.4217,5.0,0.238853,0.250967,0.346461,0.120035,0.8101,Region II (Barrier)
"Near-Threshold Tunneling (E=4.8, V0=5.0)",4.8,5.0,1.5,0.113093,0.886907,1.4618,5.0,0.202414,0.271603,0.338733,0.11474,0.9303,Region II (Barrier)
"Near-Threshold Tunneling (E=4.8, V0=5.0)",4.8,5.0,1.5,0.113093,0.886907,1.502,0.0,0.166103,0.29241,0.336294,0.113093,1.0542,Region III (Transmitted)
"Near-Threshold Tunneling (E=4.8, V0=5.0)",4.8,5.0,1.5,0.113093,0.886907,1.5422,0.0,0.128527,0.310764,0.336294,0.113093,1.1786,Region III (Transmitted)
"Near-Threshold Tunneling (E=4.8, V0=5.0)",4.8,5.0,1.5,0.113093,0.886907,1.5823,0.0,0.088963,0.324313,0.336294,0.113093,1.3031,Region III (Transmitted)
"Near-Threshold Tunneling (E=4.8, V0=5.0)",4.8,5.0,1.5,0.113093,0.886907,1.6225,0.0,0.048024,0.332847,0.336294,0.113093,1.4275,Region III (Transmitted)
"Near-Threshold Tunneling (E=4.8, V0=5.0)",4.8,5.0,1.5,0.113093,0.886907,1.6627,0.0,0.006343,0.336234,0.336294,0.113093,1.5519,Region III (Transmitted)
"Near-Threshold Tunneling (E=4.8, V0=5.0)",4.8,5.0,1.5,0.113093,0.886907,1.7028,0.0,-0.035437,0.334421,0.336294,0.113093,1.6764,Region III (Transmitted)
"Near-Threshold Tunneling (E=4.8, V0=5.0)",4.8,5.0,1.5,0.113093,0.886907,1.743,0.0,-0.076669,0.327438,0.336294,0.113093,1.8008,Region III (Transmitted)
"Near-Threshold Tunneling (E=4.8, V0=5.0)",4.8,5.0,1.5,0.113093,0.886907,1.7831,0.0,-0.116715,0.31539,0.336294,0.113093,1.9252,Region III (Transmitted)
"Near-Threshold Tunneling (E=4.8, V0=5.0)",4.8,5.0,1.5,0.113093,0.886907,1.8233,0.0,-0.154957,0.298466,0.336294,0.113093,2.0497,Region III (Transmitted)
"Near-Threshold Tunneling (E=4.8, V0=5.0)",4.8,5.0,1.5,0.113093,0.886907,1.8635,0.0,-0.190802,0.276926,0.336294,0.113093,2.1741,Region III (Transmitted)
"Near-Threshold Tunneling (E=4.8, V0=5.0)",4.8,5.0,1.5,0.113093,0.886907,1.9036,0.0,-0.223697,0.251104,0.336294,0.113093,2.2985,Region III (Transmitted)
"Near-Threshold Tunneling (E=4.8, V0=5.0)",4.8,5.0,1.5,0.113093,0.886907,1.9438,0.0,-0.253132,0.221399,0.336294,0.113093,2.423,Region III (Transmitted)
"Near-Threshold Tunneling (E=4.8, V0=5.0)",4.8,5.0,1.5,0.113093,0.886907,1.9839,0.0,-0.278653,0.188271,0.336294,0.113093,2.5474,Region III (Transmitted)
"Near-Threshold Tunneling (E=4.8, V0=5.0)",4.8,5.0,1.5,0.113093,0.886907,2.0241,0.0,-0.299866,0.152231,0.336294,0.113093,2.6718,Region III (Transmitted)
"Near-Threshold Tunneling (E=4.8, V0=5.0)",4.8,5.0,1.5,0.113093,0.886907,2.0643,0.0,-0.316441,0.113837,0.336294,0.113093,2.7963,Region III (Transmitted)
"Near-Threshold Tunneling (E=4.8, V0=5.0)",4.8,5.0,1.5,0.113093,0.886907,2.1044,0.0,-0.328123,0.073682,0.336294,0.113093,2.9207,Region III (Transmitted)
"Near-Threshold Tunneling (E=4.8, V0=5.0)",4.8,5.0,1.5,0.113093,0.886907,2.1446,0.0,-0.33473,0.032388,0.336294,0.113093,3.0451,Region III (Transmitted)
"Near-Threshold Tunneling (E=4.8, V0=5.0)",4.8,5.0,1.5,0.113093,0.886907,2.1847,0.0,-0.336162,-0.009406,0.336294,0.113093,-3.1136,Region III (Transmitted)
"Near-Threshold Tunneling (E=4.8, V0=5.0)",4.8,5.0,1.5,0.113093,0.886907,2.2249,0.0,-0.332396,-0.051055,0.336294,0.113093,-2.9892,Region III (Transmitted)
"Near-Threshold Tunneling (E=4.8, V0=5.0)",4.8,5.0,1.5,0.113093,0.886907,2.2651,0.0,-0.323489,-0.091915,0.336294,0.113093,-2.8648,Region III (Transmitted)
"Near-Threshold Tunneling (E=4.8, V0=5.0)",4.8,5.0,1.5,0.113093,0.886907,2.3052,0.0,-0.30958,-0.131353,0.336294,0.113093,-2.7403,Region III (Transmitted)
"Near-Threshold Tunneling (E=4.8, V0=5.0)",4.8,5.0,1.5,0.113093,0.886907,2.3454,0.0,-0.290884,-0.16876,0.336294,0.113093,-2.6159,Region III (Transmitted)
"Near-Threshold Tunneling (E=4.8, V0=5.0)",4.8,5.0,1.5,0.113093,0.886907,2.3855,0.0,-0.26769,-0.203558,0.336294,0.113093,-2.4915,Region III (Transmitted)
"Near-Threshold Tunneling (E=4.8, V0=5.0)",4.8,5.0,1.5,0.113093,0.886907,2.4257,0.0,-0.240356,-0.235208,0.336294,0.113093,-2.367,Region III (Transmitted)
"Near-Threshold Tunneling (E=4.8, V0=5.0)",4.8,5.0,1.5,0.113093,0.886907,2.4659,0.0,-0.209305,-0.26322,0.336294,0.113093,-2.2426,Region III (Transmitted)
"Near-Threshold Tunneling (E=4.8, V0=5.0)",4.8,5.0,1.5,0.113093,0.886907,2.506,0.0,-0.175018,-0.287162,0.336294,0.113093,-2.1182,Region III (Transmitted)
"Near-Threshold Tunneling (E=4.8, V0=5.0)",4.8,5.0,1.5,0.113093,0.886907,2.5462,0.0,-0.138024,-0.306664,0.336294,0.113093,-1.9937,Region III (Transmitted)
"Near-Threshold Tunneling (E=4.8, V0=5.0)",4.8,5.0,1.5,0.113093,0.886907,2.5863,0.0,-0.098897,-0.321423,0.336294,0.113093,-1.8693,Region III (Transmitted)
"Near-Threshold Tunneling (E=4.8, V0=5.0)",4.8,5.0,1.5,0.113093,0.886907,2.6265,0.0,-0.058239,-0.331212,0.336294,0.113093,-1.7449,Region III (Transmitted)
"Near-Threshold Tunneling (E=4.8, V0=5.0)",4.8,5.0,1.5,0.113093,0.886907,2.6667,0.0,-0.016681,-0.33588,0.336294,0.113093,-1.6204,Region III (Transmitted)
"Near-Threshold Tunneling (E=4.8, V0=5.0)",4.8,5.0,1.5,0.113093,0.886907,2.7068,0.0,0.025134,-0.335353,0.336294,0.113093,-1.496,Region III (Transmitted)
"Near-Threshold Tunneling (E=4.8, V0=5.0)",4.8,5.0,1.5,0.113093,0.886907,2.747,0.0,0.066562,-0.329641,0.336294,0.113093,-1.3716,Region III (Transmitted)
"Near-Threshold Tunneling (E=4.8, V0=5.0)",4.8,5.0,1.5,0.113093,0.886907,2.7871,0.0,0.106959,-0.318831,0.336294,0.113093,-1.2471,Region III (Transmitted)
"Near-Threshold Tunneling (E=4.8, V0=5.0)",4.8,5.0,1.5,0.113093,0.886907,2.8273,0.0,0.145703,-0.303091,0.336294,0.113093,-1.1227,Region III (Transmitted)
"Near-Threshold Tunneling (E=4.8, V0=5.0)",4.8,5.0,1.5,0.113093,0.886907,2.8675,0.0,0.182194,-0.282664,0.336294,0.113093,-0.9983,Region III (Transmitted)
"Near-Threshold Tunneling (E=4.8, V0=5.0)",4.8,5.0,1.5,0.113093,0.886907,2.9076,0.0,0.215867,-0.257866,0.336294,0.113093,-0.8738,Region III (Transmitted)
"Near-Threshold Tunneling (E=4.8, V0=5.0)",4.8,5.0,1.5,0.113093,0.886907,2.9478,0.0,0.246203,-0.22908,0.336294,0.113093,-0.7494,Region III (Transmitted)
"Near-Threshold Tunneling (E=4.8, V0=5.0)",4.8,5.0,1.5,0.113093,0.886907,2.988,0.0,0.272731,-0.196752,0.336294,0.113093,-0.625,Region III (Transmitted)
"Near-Threshold Tunneling (E=4.8, V0=5.0)",4.8,5.0,1.5,0.113093,0.886907,3.0281,0.0,0.295041,-0.161382,0.336294,0.113093,-0.5005,Region III (Transmitted)
"Near-Threshold Tunneling (E=4.8, V0=5.0)",4.8,5.0,1.5,0.113093,0.886907,3.0683,0.0,0.31279,-0.123516,0.336294,0.113093,-0.3761,Region III (Transmitted)
"Near-Threshold Tunneling (E=4.8, V0=5.0)",4.8,5.0,1.5,0.113093,0.886907,3.1084,0.0,0.325701,-0.08374,0.336294,0.113093,-0.2517,Region III (Transmitted)
"Near-Threshold Tunneling (E=4.8, V0=5.0)",4.8,5.0,1.5,0.113093,0.886907,3.1486,0.0,0.333576,-0.042669,0.336294,0.113093,-0.1272,Region III (Transmitted)
"Near-Threshold Tunneling (E=4.8, V0=5.0)",4.8,5.0,1.5,0.113093,0.886907,3.1888,0.0,0.336292,-0.000938,0.336294,0.113093,-0.0028,Region III (Transmitted)
"Near-Threshold Tunneling (E=4.8, V0=5.0)",4.8,5.0,1.5,0.113093,0.886907,3.2289,0.0,0.333809,0.040807,0.336294,0.113093,0.1216,Region III (Transmitted)
"Near-Threshold Tunneling (E=4.8, V0=5.0)",4.8,5.0,1.5,0.113093,0.886907,3.2691,0.0,0.326163,0.081922,0.336294,0.113093,0.2461,Region III (Transmitted)
"Near-Threshold Tunneling (E=4.8, V0=5.0)",4.8,5.0,1.5,0.113093,0.886907,3.3092,0.0,0.313474,0.121769,0.336294,0.113093,0.3705,Region III (Transmitted)
"Near-Threshold Tunneling (E=4.8, V0=5.0)",4.8,5.0,1.5,0.113093,0.886907,3.3494,0.0,0.295937,0.159734,0.336294,0.113093,0.4949,Region III (Transmitted)
"Near-Threshold Tunneling (E=4.8, V0=5.0)",4.8,5.0,1.5,0.113093,0.886907,3.3896,0.0,0.273824,0.195228,0.336294,0.113093,0.6194,Region III (Transmitted)
"Near-Threshold Tunneling (E=4.8, V0=5.0)",4.8,5.0,1.5,0.113093,0.886907,3.4297,0.0,0.247477,0.227703,0.336294,0.113093,0.7438,Region III (Transmitted)
"Near-Threshold Tunneling (E=4.8, V0=5.0)",4.8,5.0,1.5,0.113093,0.886907,3.4699,0.0,0.217302,0.256658,0.336294,0.113093,0.8682,Region III (Transmitted)
"Near-Threshold Tunneling (E=4.8, V0=5.0)",4.8,5.0,1.5,0.113093,0.886907,3.51,0.0,0.183768,0.281643,0.336294,0.113093,0.9927,Region III (Transmitted)
"Near-Threshold Tunneling (E=4.8, V0=5.0)",4.8,5.0,1.5,0.113093,0.886907,3.5502,0.0,0.147391,0.302273,0.336294,0.113093,1.1171,Region III (Transmitted)
"Near-Threshold Tunneling (E=4.8, V0=5.0)",4.8,5.0,1.5,0.113093,0.886907,3.5904,0.0,0.108736,0.318229,0.336294,0.113093,1.2415,Region III (Transmitted)
"Near-Threshold Tunneling (E=4.8, V0=5.0)",4.8,5.0,1.5,0.113093,0.886907,3.6305,0.0,0.068399,0.329264,0.336294,0.113093,1.366,Region III (Transmitted)
"Near-Threshold Tunneling (E=4.8, V0=5.0)",4.8,5.0,1.5,0.113093,0.886907,3.6707,0.0,0.027004,0.335208,0.336294,0.113093,1.4904,Region III (Transmitted)
"Near-Threshold Tunneling (E=4.8, V0=5.0)",4.8,5.0,1.5,0.113093,0.886907,3.7108,0.0,-0.014808,0.335968,0.336294,0.113093,1.6148,Region III (Transmitted)
"Near-Threshold Tunneling (E=4.8, V0=5.0)",4.8,5.0,1.5,0.113093,0.886907,3.751,0.0,-0.056391,0.331532,0.336294,0.113093,1.7393,Region III (Transmitted)
"Near-Threshold Tunneling (E=4.8, V0=5.0)",4.8,5.0,1.5,0.113093,0.886907,3.7912,0.0,-0.097102,0.32197,0.336294,0.113093,1.8637,Region III (Transmitted)
"Near-Threshold Tunneling (E=4.8, V0=5.0)",4.8,5.0,1.5,0.113093,0.886907,3.8313,0.0,-0.136312,0.307429,0.336294,0.113093,1.9881,Region III (Transmitted)
"Near-Threshold Tunneling (E=4.8, V0=5.0)",4.8,5.0,1.5,0.113093,0.886907,3.8715,0.0,-0.173414,0.288134,0.336294,0.113093,2.1126,Region III (Transmitted)
"Near-Threshold Tunneling (E=4.8, V0=5.0)",4.8,5.0,1.5,0.113093,0.886907,3.9116,0.0,-0.207834,0.264383,0.336294,0.113093,2.237,Region III (Transmitted)
"Near-Threshold Tunneling (E=4.8, V0=5.0)",4.8,5.0,1.5,0.113093,0.886907,3.9518,0.0,-0.23904,0.236544,0.336294,0.113093,2.3614,Region III (Transmitted)
"Near-Threshold Tunneling (E=4.8, V0=5.0)",4.8,5.0,1.5,0.113093,0.886907,3.992,0.0,-0.26655,0.205048,0.336294,0.113093,2.4859,Region III (Transmitted)
"Near-Threshold Tunneling (E=4.8, V0=5.0)",4.8,5.0,1.5,0.113093,0.886907,4.0321,0.0,-0.289938,0.17038,0.336294,0.113093,2.6103,Region III (Transmitted)
"Near-Threshold Tunneling (E=4.8, V0=5.0)",4.8,5.0,1.5,0.113093,0.886907,4.0723,0.0,-0.308843,0.133078,0.336294,0.113093,2.7347,Region III (Transmitted)
"Near-Threshold Tunneling (E=4.8, V0=5.0)",4.8,5.0,1.5,0.113093,0.886907,4.1124,0.0,-0.322971,0.093718,0.336294,0.113093,2.8592,Region III (Transmitted)
"Near-Threshold Tunneling (E=4.8, V0=5.0)",4.8,5.0,1.5,0.113093,0.886907,4.1526,0.0,-0.332106,0.052909,0.336294,0.113093,2.9836,Region III (Transmitted)
"Near-Threshold Tunneling (E=4.8, V0=5.0)",4.8,5.0,1.5,0.113093,0.886907,4.1928,0.0,-0.336104,0.011281,0.336294,0.113093,3.108,Region III (Transmitted)
"Near-Threshold Tunneling (E=4.8, V0=5.0)",4.8,5.0,1.5,0.113093,0.886907,4.2329,0.0,-0.334906,-0.030521,0.336294,0.113093,-3.0507,Region III (Transmitted)
"Near-Threshold Tunneling (E=4.8, V0=5.0)",4.8,5.0,1.5,0.113093,0.886907,4.2731,0.0,-0.328528,-0.071851,0.336294,0.113093,-2.9263,Region III (Transmitted)
"Near-Threshold Tunneling (E=4.8, V0=5.0)",4.8,5.0,1.5,0.113093,0.886907,4.3133,0.0,-0.317071,-0.11207,0.336294,0.113093,-2.8018,Region III (Transmitted)
"Near-Threshold Tunneling (E=4.8, V0=5.0)",4.8,5.0,1.5,0.113093,0.886907,4.3534,0.0,-0.30071,-0.150556,0.336294,0.113093,-2.6774,Region III (Transmitted)
"Near-Threshold Tunneling (E=4.8, V0=5.0)",4.8,5.0,1.5,0.113093,0.886907,4.3936,0.0,-0.279699,-0.186713,0.336294,0.113093,-2.553,Region III (Transmitted)
"Near-Threshold Tunneling (E=4.8, V0=5.0)",4.8,5.0,1.5,0.113093,0.886907,4.4337,0.0,-0.254363,-0.219984,0.336294,0.113093,-2.4285,Region III (Transmitted)
"Near-Threshold Tunneling (E=4.8, V0=5.0)",4.8,5.0,1.5,0.113093,0.886907,4.4739,0.0,-0.225094,-0.249853,0.336294,0.113093,-2.3041,Region III (Transmitted)
"Near-Threshold Tunneling (E=4.8, V0=5.0)",4.8,5.0,1.5,0.113093,0.886907,4.5141,0.0,-0.192344,-0.275858,0.336294,0.113093,-2.1797,Region III (Transmitted)
"Near-Threshold Tunneling (E=4.8, V0=5.0)",4.8,5.0,1.5,0.113093,0.886907,4.5542,0.0,-0.156619,-0.297597,0.336294,0.113093,-2.0552,Region III (Transmitted)
"Near-Threshold Tunneling (E=4.8, V0=5.0)",4.8,5.0,1.5,0.113093,0.886907,4.5944,0.0,-0.118473,-0.314734,0.336294,0.113093,-1.9308,Region III (Transmitted)
"Near-Threshold Tunneling (E=4.8, V0=5.0)",4.8,5.0,1.5,0.113093,0.886907,4.6345,0.0,-0.078494,-0.327005,0.336294,0.113093,-1.8064,Region III (Transmitted)
"Near-Threshold Tunneling (E=4.8, V0=5.0)",4.8,5.0,1.5,0.113093,0.886907,4.6747,0.0,-0.037302,-0.334219,0.336294,0.113093,-1.6819,Region III (Transmitted)
"Near-Threshold Tunneling (E=4.8, V0=5.0)",4.8,5.0,1.5,0.113093,0.886907,4.7149,0.0,0.004467,-0.336264,0.336294,0.113093,-1.5575,Region III (Transmitted)
"Near-Threshold Tunneling (E=4.8, V0=5.0)",4.8,5.0,1.5,0.113093,0.886907,4.755,0.0,0.046167,-0.33311,0.336294,0.113093,-1.4331,Region III (Transmitted)
"Near-Threshold Tunneling (E=4.8, V0=5.0)",4.8,5.0,1.5,0.113093,0.886907,4.7952,0.0,0.087153,-0.324804,0.336294,0.113093,-1.3086,Region III (Transmitted)
"Near-Threshold Tunneling (E=4.8, V0=5.0)",4.8,5.0,1.5,0.113093,0.886907,4.8353,0.0,0.126792,-0.311476,0.336294,0.113093,-1.1842,Region III (Transmitted)
"Near-Threshold Tunneling (E=4.8, V0=5.0)",4.8,5.0,1.5,0.113093,0.886907,4.8755,0.0,0.164469,-0.293331,0.336294,0.113093,-1.0598,Region III (Transmitted)
"Near-Threshold Tunneling (E=4.8, V0=5.0)",4.8,5.0,1.5,0.113093,0.886907,4.9157,0.0,0.199604,-0.270651,0.336294,0.113093,-0.9353,Region III (Transmitted)
"Near-Threshold Tunneling (E=4.8, V0=5.0)",4.8,5.0,1.5,0.113093,0.886907,4.9558,0.0,0.231651,-0.243785,0.336294,0.113093,-0.8109,Region III (Transmitted)
"Near-Threshold Tunneling (E=4.8, V0=5.0)",4.8,5.0,1.5,0.113093,0.886907,4.996,0.0,0.260117,-0.213149,0.336294,0.113093,-0.6865,Region III (Transmitted)
"Near-Threshold Tunneling (E=4.8, V0=5.0)",4.8,5.0,1.5,0.113093,0.886907,5.0361,0.0,0.28456,-0.179217,0.336294,0.113093,-0.562,Region III (Transmitted)
"Near-Threshold Tunneling (E=4.8, V0=5.0)",4.8,5.0,1.5,0.113093,0.886907,5.0763,0.0,0.304603,-0.142514,0.336294,0.113093,-0.4376,Region III (Transmitted)
"Near-Threshold Tunneling (E=4.8, V0=5.0)",4.8,5.0,1.5,0.113093,0.886907,5.1165,0.0,0.319936,-0.103607,0.336294,0.113093,-0.3132,Region III (Transmitted)
"Near-Threshold Tunneling (E=4.8, V0=5.0)",4.8,5.0,1.5,0.113093,0.886907,5.1566,0.0,0.330321,-0.063098,0.336294,0.113093,-0.1887,Region III (Transmitted)
"Near-Threshold Tunneling (E=4.8, V0=5.0)",4.8,5.0,1.5,0.113093,0.886907,5.1968,0.0,0.335598,-0.021614,0.336294,0.113093,-0.0643,Region III (Transmitted)
"Near-Threshold Tunneling (E=4.8, V0=5.0)",4.8,5.0,1.5,0.113093,0.886907,5.2369,0.0,0.335686,0.020205,0.336294,0.113093,0.0601,Region III (Transmitted)
"Near-Threshold Tunneling (E=4.8, V0=5.0)",4.8,5.0,1.5,0.113093,0.886907,5.2771,0.0,0.330583,0.061712,0.336294,0.113093,0.1846,Region III (Transmitted)
"Near-Threshold Tunneling (E=4.8, V0=5.0)",4.8,5.0,1.5,0.113093,0.886907,5.3173,0.0,0.320368,0.102264,0.336294,0.113093,0.309,Region III (Transmitted)
"Near-Threshold Tunneling (E=4.8, V0=5.0)",4.8,5.0,1.5,0.113093,0.886907,5.3574,0.0,0.305198,0.141235,0.336294,0.113093,0.4334,Region III (Transmitted)
"Near-Threshold Tunneling (E=4.8, V0=5.0)",4.8,5.0,1.5,0.113093,0.886907,5.3976,0.0,0.28531,0.178022,0.336294,0.113093,0.5579,Region III (Transmitted)
"Near-Threshold Tunneling (E=4.8, V0=5.0)",4.8,5.0,1.5,0.113093,0.886907,5.4378,0.0,0.261009,0.212056,0.336294,0.113093,0.6823,Region III (Transmitted)
"Near-Threshold Tunneling (E=4.8, V0=5.0)",4.8,5.0,1.5,0.113093,0.886907,5.4779,0.0,0.232672,0.242811,0.336294,0.113093,0.8067,Region III (Transmitted)
"Near-Threshold Tunneling (E=4.8, V0=5.0)",4.8,5.0,1.5,0.113093,0.886907,5.5181,0.0,0.200737,0.269811,0.336294,0.113093,0.9312,Region III (Transmitted)
"Near-Threshold Tunneling (E=4.8, V0=5.0)",4.8,5.0,1.5,0.113093,0.886907,5.5582,0.0,0.165698,0.292639,0.336294,0.113093,1.0556,Region III (Transmitted)
"Near-Threshold Tunneling (E=4.8, V0=5.0)",4.8,5.0,1.5,0.113093,0.886907,5.5984,0.0,0.128097,0.310942,0.336294,0.113093,1.18,Region III (Transmitted)
"Near-Threshold Tunneling (E=4.8, V0=5.0)",4.8,5.0,1.5,0.113093,0.886907,5.6386,0.0,0.088515,0.324436,0.336294,0.113093,1.3045,Region III (Transmitted)
"Near-Threshold Tunneling (E=4.8, V0=5.0)",4.8,5.0,1.5,0.113093,0.886907,5.6787,0.0,0.047564,0.332913,0.336294,0.113093,1.4289,Region III (Transmitted)
"Near-Threshold Tunneling (E=4.8, V0=5.0)",4.8,5.0,1.5,0.113093,0.886907,5.7189,0.0,0.005878,0.336242,0.336294,0.113093,1.5533,Region III (Transmitted)
"Near-Threshold Tunneling (E=4.8, V0=5.0)",4.8,5.0,1.5,0.113093,0.886907,5.759,0.0,-0.0359,0.334372,0.336294,0.113093,1.6778,Region III (Transmitted)
"Near-Threshold Tunneling (E=4.8, V0=5.0)",4.8,5.0,1.5,0.113093,0.886907,5.7992,0.0,-0.077122,0.327331,0.336294,0.113093,1.8022,Region III (Transmitted)
"Near-Threshold Tunneling (E=4.8, V0=5.0)",4.8,5.0,1.5,0.113093,0.886907,5.8394,0.0,-0.117151,0.315229,0.336294,0.113093,1.9266,Region III (Transmitted)
"Near-Threshold Tunneling (E=4.8, V0=5.0)",4.8,5.0,1.5,0.113093,0.886907,5.8795,0.0,-0.155369,0.298251,0.336294,0.113093,2.0511,Region III (Transmitted)
"Near-Threshold Tunneling (E=4.8, V0=5.0)",4.8,5.0,1.5,0.113093,0.886907,5.9197,0.0,-0.191185,0.276662,0.336294,0.113093,2.1755,Region III (Transmitted)
"Near-Threshold Tunneling (E=4.8, V0=5.0)",4.8,5.0,1.5,0.113093,0.886907,5.9598,0.0,-0.224044,0.250795,0.336294,0.113093,2.2999,Region III (Transmitted)
"Near-Threshold Tunneling (E=4.8, V0=5.0)",4.8,5.0,1.5,0.113093,0.886907,6.0,0.0,-0.253438,0.221049,0.336294,0.113093,2.4243,Region III (Transmitted)
"Over-Barrier Low (E=5.5, V0=5.0)",5.5,5.0,1.5,0.306621,0.693379,-4.0,0.0,1.422096,-0.133153,1.428316,2.040088,-0.0934,Region I (Incident/Reflected)
"Over-Barrier Low (E=5.5, V0=5.0)",5.5,5.0,1.5,0.306621,0.693379,-3.9598,0.0,1.562952,-0.117708,1.567378,2.456675,-0.0752,Region I (Incident/Reflected)
"Over-Barrier Low (E=5.5, V0=5.0)",5.5,5.0,1.5,0.306621,0.693379,-3.9197,0.0,1.67612,-0.100177,1.679111,2.819413,-0.0597,Region I (Incident/Reflected)
"Over-Barrier Low (E=5.5, V0=5.0)",5.5,5.0,1.5,0.306621,0.693379,-3.8795,0.0,1.759594,-0.080871,1.761452,3.102712,-0.0459,Region I (Incident/Reflected)
"Over-Barrier Low (E=5.5, V0=5.0)",5.5,5.0,1.5,0.306621,0.693379,-3.8394,0.0,1.811897,-0.060133,1.812894,3.286585,-0.0332,Region I (Incident/Reflected)
"Over-Barrier Low (E=5.5, V0=5.0)",5.5,5.0,1.5,0.306621,0.693379,-3.7992,0.0,1.832101,-0.03833,1.832501,3.358062,-0.0209,Region I (Incident/Reflected)
"Over-Barrier Low (E=5.5, V0=5.0)",5.5,5.0,1.5,0.306621,0.693379,-3.759,0.0,1.819848,-0.015847,1.819917,3.312098,-0.0087,Region I (Incident/Reflected)
"Over-Barrier Low (E=5.5, V0=5.0)",5.5,5.0,1.5,0.306621,0.693379,-3.7189,0.0,1.775356,0.006916,1.775369,3.151937,0.0039,Region I (Incident/Reflected)
"Over-Barrier Low (E=5.5, V0=5.0)",5.5,5.0,1.5,0.306621,0.693379,-3.6787,0.0,1.699413,0.029557,1.69967,2.888878,0.0174,Region I (Incident/Reflected)
"Over-Barrier Low (E=5.5, V0=5.0)",5.5,5.0,1.5,0.306621,0.693379,-3.6386,0.0,1.593364,0.051674,1.594202,2.541479,0.0324,Region I (Incident/Reflected)
"Over-Barrier Low (E=5.5, V0=5.0)",5.5,5.0,1.5,0.306621,0.693379,-3.5984,0.0,1.459088,0.072876,1.460907,2.134248,0.0499,Region I (Incident/Reflected)
"Over-Barrier Low (E=5.5, V0=5.0)",5.5,5.0,1.5,0.306621,0.693379,-3.5582,0.0,1.298963,0.092786,1.302273,1.695915,0.0713,Region I (Incident/Reflected)
"Over-Barrier Low (E=5.5, V0=5.0)",5.5,5.0,1.5,0.306621,0.693379,-3.5181,0.0,1.115827,0.111053,1.12134,1.257403,0.0992,Region I (Incident/Reflected)
"Over-Barrier Low (E=5.5, V0=5.0)",5.5,5.0,1.5,0.306621,0.693379,-3.4779,0.0,0.912923,0.127353,0.921763,0.849648,0.1386,Region I (Incident/Reflected)
"Over-Barrier Low (E=5.5, V0=5.0)",5.5,5.0,1.5,0.306621,0.693379,-3.4378,0.0,0.693847,0.141396,0.708108,0.501417,0.201,Region I (Incident/Reflected)
"Over-Barrier Low (E=5.5, V0=5.0)",5.5,5.0,1.5,0.306621,0.693379,-3.3976,0.0,0.462479,0.152935,0.48711,0.237276,0.3194,Region I (Incident/Reflected)
"Over-Barrier Low (E=5.5, V0=5.0)",5.5,5.0,1.5,0.306621,0.693379,-3.3574,0.0,0.222918,0.161764,0.275427,0.07586,0.6277,Region I (Incident/Reflected)
"Over-Barrier Low (E=5.5, V0=5.0)",5.5,5.0,1.5,0.306621,0.693379,-3.3173,0.0,-0.020593,0.167728,0.168987,0.028557,1.693,Region I (Incident/Reflected)
"Over-Barrier Low (E=5.5, V0=5.0)",5.5,5.0,1.5,0.306621,0.693379,-3.2771,0.0,-0.263738,0.17072,0.31417,0.098703,2.5671,Region I (Incident/Reflected)
"Over-Barrier Low (E=5.5, V0=5.0)",5.5,5.0,1.5,0.306621,0.693379,-3.2369,0.0,-0.502211,0.170688,0.530425,0.281351,2.814,Region I (Incident/Reflected)
"Over-Barrier Low (E=5.5, V0=5.0)",5.5,5.0,1.5,0.306621,0.693379,-3.1968,0.0,-0.731788,0.167632,0.750742,0.563614,2.9164,Region I (Incident/Reflected)
"Over-Barrier Low (E=5.5, V0=5.0)",5.5,5.0,1.5,0.306621,0.693379,-3.1566,0.0,-0.9484,0.161606,0.96207,0.925579,2.9728,Region I (Incident/Reflected)
"Over-Barrier Low (E=5.5, V0=5.0)",5.5,5.0,1.5,0.306621,0.693379,-3.1165,0.0,-1.148211,0.152717,1.158323,1.341712,3.0094,Region I (Incident/Reflected)
"Over-Barrier Low (E=5.5, V0=5.0)",5.5,5.0,1.5,0.306621,0.693379,-3.0763,0.0,-1.327681,0.141123,1.33516,1.782653,3.0357,Region I (Incident/Reflected)
"Over-Barrier Low (E=5.5, V0=5.0)",5.5,5.0,1.5,0.306621,0.693379,-3.0361,0.0,-1.483631,0.127029,1.489059,2.217297,3.0562,Region I (Incident/Reflected)
"Over-Barrier Low (E=5.5, V0=5.0)",5.5,5.0,1.5,0.306621,0.693379,-2.996,0.0,-1.613297,0.110685,1.61709,2.614979,3.0731,Region I (Incident/Reflected)
"Over-Barrier Low (E=5.5, V0=5.0)",5.5,5.0,1.5,0.306621,0.693379,-2.9558,0.0,-1.714383,0.092379,1.716871,2.947645,3.0878,Region I (Incident/Reflected)
"Over-Barrier Low (E=5.5, V0=5.0)",5.5,5.0,1.5,0.306621,0.693379,-2.9157,0.0,-1.785099,0.072437,1.786568,3.191824,3.101,Region I (Incident/Reflected)
"Over-Barrier Low (E=5.5, V0=5.0)",5.5,5.0,1.5,0.306621,0.693379,-2.8755,0.0,-1.82419,0.051212,1.824909,3.330292,3.1135,Region I (Incident/Reflected)
"Over-Barrier Low (E=5.5, V0=5.0)",5.5,5.0,1.5,0.306621,0.693379,-2.8353,0.0,-1.830965,0.02908,1.831196,3.353278,3.1257,Region I (Incident/Reflected)
"Over-Barrier Low (E=5.5, V0=5.0)",5.5,5.0,1.5,0.306621,0.693379,-2.7952,0.0,-1.805304,0.006433,1.805315,3.259162,3.138,Region I (Incident/Reflected)
"Over-Barrier Low (E=5.5, V0=5.0)",5.5,5.0,1.5,0.306621,0.693379,-2.755,0.0,-1.74766,-0.016329,1.747737,3.054584,-3.1322,Region I (Incident/Reflected)
"Over-Barrier Low (E=5.5, V0=5.0)",5.5,5.0,1.5,0.306621,0.693379,-2.7149,0.0,-1.659057,-0.038801,1.659511,2.753975,-3.1182,Region I (Incident/Reflected)
"Over-Barrier Low (E=5.5, V0=5.0)",5.5,5.0,1.5,0.306621,0.693379,-2.6747,0.0,-1.541062,-0.060586,1.542253,2.378544,-3.1023,Region I (Incident/Reflected)
"Over-Barrier Low (E=5.5, V0=5.0)",5.5,5.0,1.5,0.306621,0.693379,-2.6345,0.0,-1.395767,-0.081297,1.398133,1.954775,-3.0834,Region I (Incident/Reflected)
"Over-Barrier Low (E=5.5, V0=5.0)",5.5,5.0,1.5,0.306621,0.693379,-2.5944,0.0,-1.225745,-0.100569,1.229864,1.512566,-3.0597,Region I (Incident/Reflected)
"Over-Barrier Low (E=5.5, V0=5.0)",5.5,5.0,1.5,0.306621,0.693379,-2.5542,0.0,-1.034009,-0.118058,1.040727,1.083112,-3.0279,Region I (Incident/Reflected)
"Over-Barrier Low (E=5.5, V0=5.0)",5.5,5.0,1.5,0.306621,0.693379,-2.5141,0.0,-0.823955,-0.133457,0.834693,0.696712,-2.981,Region I (Incident/Reflected)
"Over-Barrier Low (E=5.5, V0=5.0)",5.5,5.0,1.5,0.306621,0.693379,-2.4739,0.0,-0.599304,-0.146491,0.616948,0.380624,-2.9019,Region I (Incident/Reflected)
"Over-Barrier Low (E=5.5, V0=5.0)",5.5,5.0,1.5,0.306621,0.693379,-2.4337,0.0,-0.364036,-0.156929,0.39642,0.157149,-2.7346,Region I (Incident/Reflected)
"Over-Barrier Low (E=5.5, V0=5.0)",5.5,5.0,1.5,0.306621,0.693379,-2.3936,0.0,-0.122319,-0.164588,0.205064,0.042051,-2.2099,Region I (Incident/Reflected)
"Over-Barrier Low (E=5.5, V0=5.0)",5.5,5.0,1.5,0.306621,0.693379,-2.3534,0.0,0.121565,-0.169331,0.208449,0.043451,-0.9481,Region I (Incident/Reflected)
"Over-Barrier Low (E=5.5, V0=5.0)",5.5,5.0,1.5,0.306621,0.693379,-2.3133,0.0,0.363295,-0.171074,0.40156,0.16125,-0.4401,Region I (Incident/Reflected)
"Over-Barrier Low (E=5.5, V0=5.0)",5.5,5.0,1.5,0.306621,0.693379,-2.2731,0.0,0.59859,-0.169787,0.622204,0.387137,-0.2764,Region I (Incident/Reflected)
"Over-Barrier Low (E=5.5, V0=5.0)",5.5,5.0,1.5,0.306621,0.693379,-2.2329,0.0,0.82328,-0.165492,0.839748,0.705177,-0.1984,Region I (Incident/Reflected)
"Over-Barrier Low (E=5.5, V0=5.0)",5.5,5.0,1.5,0.306621,0.693379,-2.1928,0.0,1.033385,-0.158265,1.045434,1.092933,-0.152,Region I (Incident/Reflected)
"Over-Barrier Low (E=5.5, V0=5.0)",5.5,5.0,1.5,0.306621,0.693379,-2.1526,0.0,1.225184,-0.148234,1.234119,1.523049,-0.1204,Region I (Incident/Reflected)
"Over-Barrier Low (E=5.5, V0=5.0)",5.5,5.0,1.5,0.306621,0.693379,-2.1124,0.0,1.395278,-0.135577,1.401849,1.965181,-0.0969,Region I (Incident/Reflected)
"Over-Barrier Low (E=5.5, V0=5.0)",5.5,5.0,1.5,0.306621,0.693379,-2.0723,0.0,1.540654,-0.120519,1.54536,2.388138,-0.0781,Region I (Incident/Reflected)
"Over-Barrier Low (E=5.5, V0=5.0)",5.5,5.0,1.5,0.306621,0.693379,-2.0321,0.0,1.658736,-0.103325,1.661951,2.762081,-0.0622,Region I (Incident/Reflected)
"Over-Barrier Low (E=5.5, V0=5.0)",5.5,5.0,1.5,0.306621,0.693379,-1.992,0.0,1.747433,-0.084301,1.749466,3.06063,-0.0482,Region I (Incident/Reflected)
"Over-Barrier Low (E=5.5, V0=5.0)",5.5,5.0,1.5,0.306621,0.693379,-1.9518,0.0,1.805174,-0.063783,1.806301,3.262722,-0.0353,Region I (Incident/Reflected)
"Over-Barrier Low (E=5.5, V0=5.0)",5.5,5.0,1.5,0.306621,0.693379,-1.9116,0.0,1.830935,-0.042136,1.83142,3.3541,-0.023,Region I (Incident/Reflected)
"Over-Barrier Low (E=5.5, V0=5.0)",5.5,5.0,1.5,0.306621,0.693379,-1.8715,0.0,1.824261,-0.019742,1.824368,3.328318,-0.0108,Region I (Incident/Reflected)
"Over-Barrier Low (E=5.5, V0=5.0)",5.5,5.0,1.5,0.306621,0.693379,-1.8313,0.0,1.785269,0.003002,1.785271,3.187194,0.0017,Region I (Incident/Reflected)
"Over-Barrier Low (E=5.5, V0=5.0)",5.5,5.0,1.5,0.306621,0.693379,-1.7912,0.0,1.71465,0.025692,1.714842,2.940685,0.015,Region I (Incident/Reflected)
"Over-Barrier Low (E=5.5, V0=5.0)",5.5,5.0,1.5,0.306621,0.693379,-1.751,0.0,1.613655,0.047928,1.614367,2.606181,0.0297,Region I (Incident/Reflected)
"Over-Barrier Low (E=5.5, V0=5.0)",5.5,5.0,1.5,0.306621,0.693379,-1.7108,0.0,1.484074,0.069314,1.485692,2.20728,0.0467,Region I (Incident/Reflected)
"Over-Barrier Low (E=5.5, V0=5.0)",5.5,5.0,1.5,0.306621,0.693379,-1.6707,0.0,1.328202,0.089472,1.331212,1.772125,0.0673,Region I (Incident/Reflected)
"Over-Barrier Low (E=5.5, V0=5.0)",5.5,5.0,1.5,0.306621,0.693379,-1.6305,0.0,1.1488,0.108045,1.153869,1.331415,0.0938,Region I (Incident/Reflected)
"Over-Barrier Low (E=5.5, V0=5.0)",5.5,5.0,1.5,0.306621,0.693379,-1.5904,0.0,0.949046,0.124705,0.957204,0.91624,0.1307,Region I (Incident/Reflected)
"Over-Barrier Low (E=5.5, V0=5.0)",5.5,5.0,1.5,0.306621,0.693379,-1.5502,0.0,0.73248,0.139155,0.745581,0.555891,0.1877,Region I (Incident/Reflected)
"Over-Barrier Low (E=5.5, V0=5.0)",5.5,5.0,1.5,0.306621,0.693379,-1.51,0.0,0.502938,0.15114,0.525157,0.27579,0.2919,Region I (Incident/Reflected)
"Over-Barrier Low (E=5.5, V0=5.0)",5.5,5.0,1.5,0.306621,0.693379,-1.4699,0.0,0.264486,0.160447,0.309347,0.095696,0.5453,Region I (Incident/Reflected)
"Over-Barrier Low (E=5.5, V0=5.0)",5.5,5.0,1.5,0.306621,0.693379,-1.4297,0.0,0.021348,0.166912,0.168272,0.028315,1.4436,Region I (Incident/Reflected)
"Over-Barrier Low (E=5.5, V0=5.0)",5.5,5.0,1.5,0.306621,0.693379,-1.3896,0.0,-0.222168,0.17042,0.280003,0.078402,2.4873,Region I (Incident/Reflected)
"Over-Barrier Low (E=5.5, V0=5.0)",5.5,5.0,1.5,0.306621,0.693379,-1.3494,0.0,-0.461748,0.170909,0.492363,0.242421,2.7871,Region I (Incident/Reflected)
"Over-Barrier Low (E=5.5, V0=5.0)",5.5,5.0,1.5,0.306621,0.693379,-1.3092,0.0,-0.693148,0.16837,0.713304,0.508803,2.9033,Region I (Incident/Reflected)
"Over-Barrier Low (E=5.5, V0=5.0)",5.5,5.0,1.5,0.306621,0.693379,-1.2691,0.0,-0.912268,0.162849,0.92669,0.858753,2.9649,Region I (Incident/Reflected)
"Over-Barrier Low (E=5.5, V0=5.0)",5.5,5.0,1.5,0.306621,0.693379,-1.2289,0.0,-1.115228,0.154442,1.125871,1.267585,3.004,Region I (Incident/Reflected)
"Over-Barrier Low (E=5.5, V0=5.0)",5.5,5.0,1.5,0.306621,0.693379,-1.1888,0.0,-1.29843,0.1433,1.306314,1.706456,3.0317,Region I (Incident/Reflected)
"Over-Barrier Low (E=5.5, V0=5.0)",5.5,5.0,1.5,0.306621,0.693379,-1.1486,0.0,-1.458631,0.129619,1.464379,2.144405,3.053,Region I (Incident/Reflected)
"Over-Barrier Low (E=5.5, V0=5.0)",5.5,5.0,1.5,0.306621,0.693379,-1.1084,0.0,-1.592991,0.113641,1.597039,2.550534,3.0704,Region I (Incident/Reflected)
"Over-Barrier Low (E=5.5, V0=5.0)",5.5,5.0,1.5,0.306621,0.693379,-1.0683,0.0,-1.69913,0.095651,1.70182,2.896193,3.0854,Region I (Incident/Reflected)
"Over-Barrier Low (E=5.5, V0=5.0)",5.5,5.0,1.5,0.306621,0.693379,-1.0281,0.0,-1.775169,0.075966,1.776794,3.156996,3.0988,Region I (Incident/Reflected)
"Over-Barrier Low (E=5.5, V0=5.0)",5.5,5.0,1.5,0.306621,0.693379,-0.988,0.0,-1.81976,0.054935,1.820589,3.314543,3.1114,Region I (Incident/Reflected)
"Over-Barrier Low (E=5.5, V0=5.0)",5.5,5.0,1.5,0.306621,0.693379,-0.9478,0.0,-1.832113,0.032931,1.832409,3.357721,3.1236,Region I (Incident/Reflected)
"Over-Barrier Low (E=5.5, V0=5.0)",5.5,5.0,1.5,0.306621,0.693379,-0.9076,0.0,-1.812009,0.010344,1.812039,3.283484,3.1359,Region I (Incident/Reflected)
"Over-Barrier Low (E=5.5, V0=5.0)",5.5,5.0,1.5,0.306621,0.693379,-0.8675,0.0,-1.759805,-0.012427,1.759849,3.097067,-3.1345,Region I (Incident/Reflected)
"Over-Barrier Low (E=5.5, V0=5.0)",5.5,5.0,1.5,0.306621,0.693379,-0.8273,0.0,-1.676425,-0.034977,1.67679,2.811624,-3.1207,Region I (Incident/Reflected)
"Over-Barrier Low (E=5.5, V0=5.0)",5.5,5.0,1.5,0.306621,0.693379,-0.7871,0.0,-1.563346,-0.056908,1.564382,2.44729,-3.1052,Region I (Incident/Reflected)
"Over-Barrier Low (E=5.5, V0=5.0)",5.5,5.0,1.5,0.306621,0.693379,-0.747,0.0,-1.422572,-0.077831,1.4247,2.02977,-3.0869,Region I (Incident/Reflected)
"Over-Barrier Low (E=5.5, V0=5.0)",5.5,5.0,1.5,0.306621,0.693379,-0.7068,0.0,-1.256597,-0.097375,1.260364,1.588518,-3.0643,Region I (Incident/Reflected)
"Over-Barrier Low (E=5.5, V0=5.0)",5.5,5.0,1.5,0.306621,0.693379,-0.6667,0.0,-1.06836,-0.115194,1.074553,1.154664,-3.0342,Region I (Incident/Reflected)
"Over-Barrier Low (E=5.5, V0=5.0)",5.5,5.0,1.5,0.306621,0.693379,-0.6265,0.0,-0.861197,-0.130972,0.8711,0.758815,-2.9907,Region I (Incident/Reflected)
"Over-Barrier Low (E=5.5, V0=5.0)",5.5,5.0,1.5,0.306621,0.693379,-0.5863,0.0,-0.638778,-0.14443,0.654902,0.428897,-2.9192,Region I (Incident/Reflected)
"Over-Barrier Low (E=5.5, V0=5.0)",5.5,5.0,1.5,0.306621,0.693379,-0.5462,0.0,-0.405042,-0.155329,0.433804,0.188186,-2.7754,Region I (Incident/Reflected)
"Over-Barrier Low (E=5.5, V0=5.0)",5.5,5.0,1.5,0.306621,0.693379,-0.506,0.0,-0.164131,-0.163476,0.231654,0.053664,-2.3582,Region I (Incident/Reflected)
"Over-Barrier Low (E=5.5, V0=5.0)",5.5,5.0,1.5,0.306621,0.693379,-0.4659,0.0,0.079688,-0.168728,0.186599,0.034819,-1.1296,Region I (Incident/Reflected)
"Over-Barrier Low (E=5.5, V0=5.0)",5.5,5.0,1.5,0.306621,0.693379,-0.4257,0.0,0.322095,-0.17099,0.364668,0.132983,-0.488,Region I (Incident/Reflected)
"Over-Barrier Low (E=5.5, V0=5.0)",5.5,5.0,1.5,0.306621,0.693379,-0.3855,0.0,0.558796,-0.170224,0.584148,0.341229,-0.2957,Region I (Incident/Reflected)
"Over-Barrier Low (E=5.5, V0=5.0)",5.5,5.0,1.5,0.306621,0.693379,-0.3454,0.0,0.785598,-0.166441,0.803036,0.644867,-0.2088,Region I (Incident/Reflected)
"Over-Barrier Low (E=5.5, V0=5.0)",5.5,5.0,1.5,0.306621,0.693379,-0.3052,0.0,0.998483,-0.15971,1.011175,1.022475,-0.1586,Region I (Incident/Reflected)
"Over-Barrier Low (E=5.5, V0=5.0)",5.5,5.0,1.5,0.306621,0.693379,-0.2651,0.0,1.193679,-0.15015,1.203085,1.447414,-0.1251,Region I (Incident/Reflected)
"Over-Barrier Low (E=5.5, V0=5.0)",5.5,5.0,1.5,0.306621,0.693379,-0.2249,0.0,1.367728,-0.13793,1.374665,1.889705,-0.1005,Region I (Incident/Reflected)
"Over-Barrier Low (E=5.5, V0=5.0)",5.5,5.0,1.5,0.306621,0.693379,-0.1847,0.0,1.517548,-0.123266,1.522546,2.318146,-0.081,Region I (Incident/Reflected)
"Over-Barrier Low (E=5.5, V0=5.0)",5.5,5.0,1.5,0.306621,0.693379,-0.1446,0.0,1.640483,-0.106419,1.643931,2.70251,-0.0648,Region I (Incident/Reflected)
"Over-Barrier Low (E=5.5, V0=5.0)",5.5,5.0,1.5,0.306621,0.693379,-0.1044,0.0,1.734357,-0.087686,1.736572,3.015683,-0.0505,Region I (Incident/Reflected)
"Over-Barrier Low (E=5.5, V0=5.0)",5.5,5.0,1.5,0.306621,0.693379,-0.0643,0.0,1.797506,-0.0674,1.798769,3.23557,-0.0375,Region I (Incident/Reflected)
"Over-Barrier Low (E=5.5, V0=5.0)",5.5,5.0,1.5,0.306621,0.693379,-0.0241,0.0,1.828811,-0.04592,1.829388,3.346659,-0.0251,Region I (Incident/Reflected)
"Over-Barrier Low (E=5.5, V0=5.0)",5.5,5.0,1.5,0.306621,0.693379,0.0161,5.0,1.830081,-0.023664,1.830234,3.349755,-0.0129,Region II (Barrier)
"Over-Barrier Low (E=5.5, V0=5.0)",5.5,5.0,1.5,0.306621,0.693379,0.0562,5.0,1.823081,-0.001263,1.823081,3.323625,-0.0007,Region II (Barrier)
"Over-Barrier Low (E=5.5, V0=5.0)",5.5,5.0,1.5,0.306621,0.693379,0.0964,5.0,1.813141,0.02114,1.813264,3.287927,0.0117,Region II (Barrier)
"Over-Barrier Low (E=5.5, V0=5.0)",5.5,5.0,1.5,0.306621,0.693379,0.1365,5.0,1.800277,0.043509,1.800803,3.24289,0.0242,Region II (Barrier)
"Over-Barrier Low (E=5.5, V0=5.0)",5.5,5.0,1.5,0.306621,0.693379,0.1767,5.0,1.78451,0.065808,1.785723,3.188806,0.0369,Region II (Barrier)
"Over-Barrier Low (E=5.5, V0=5.0)",5.5,5.0,1.5,0.306621,0.693379,0.2169,5.0,1.765865,0.088001,1.768056,3.126023,0.0498,Region II (Barrier)
"Over-Barrier Low (E=5.5, V0=5.0)",5.5,5.0,1.5,0.306621,0.693379,0.257,5.0,1.744372,0.110052,1.74784,3.054946,0.063,Region II (Barrier)
"Over-Barrier Low (E=5.5, V0=5.0)",5.5,5.0,1.5,0.306621,0.693379,0.2972,5.0,1.720066,0.131925,1.725118,2.976033,0.0765,Region II (Barrier)
"Over-Barrier Low (E=5.5, V0=5.0)",5.5,5.0,1.5,0.306621,0.693379,0.3373,5.0,1.692987,0.153586,1.699939,2.889793,0.0905,Region II (Barrier)
"Over-Barrier Low (E=5.5, V0=5.0)",5.5,5.0,1.5,0.306621,0.693379,0.3775,5.0,1.663177,0.174999,1.672358,2.796782,0.1048,Region II (Barrier)
"Over-Barrier Low (E=5.5, V0=5.0)",5.5,5.0,1.5,0.306621,0.693379,0.4177,5.0,1.630685,0.196129,1.642437,2.6976,0.1197,Region II (Barrier)
"Over-Barrier Low (E=5.5, V0=5.0)",5.5,5.0,1.5,0.306621,0.693379,0.4578,5.0,1.595563,0.216944,1.610244,2.592886,0.1351,Region II (Barrier)
"Over-Barrier Low (E=5.5, V0=5.0)",5.5,5.0,1.5,0.306621,0.693379,0.498,5.0,1.557868,0.237409,1.575854,2.483316,0.1512,Region II (Barrier)
"Over-Barrier Low (E=5.5, V0=5.0)",5.5,5.0,1.5,0.306621,0.693379,0.5382,5.0,1.517661,0.25749,1.539349,2.369596,0.1681,Region II (Barrier)
"Over-Barrier Low (E=5.5, V0=5.0)",5.5,5.0,1.5,0.306621,0.693379,0.5783,5.0,1.475006,0.277157,1.50082,2.25246,0.1857,Region II (Barrier)
"Over-Barrier Low (E=5.5, V0=5.0)",5.5,5.0,1.5,0.306621,0.693379,0.6185,5.0,1.429973,0.296376,1.460364,2.132662,0.2044,Region II (Barrier)
"Over-Barrier Low (E=5.5, V0=5.0)",5.5,5.0,1.5,0.306621,0.693379,0.6586,5.0,1.382634,0.315118,1.418089,2.010975,0.2241,Region II (Barrier)
"Over-Barrier Low (E=5.5, V0=5.0)",5.5,5.0,1.5,0.306621,0.693379,0.6988,5.0,1.333065,0.333351,1.374112,1.888185,0.245,Region II (Barrier)
"Over-Barrier Low (E=5.5, V0=5.0)",5.5,5.0,1.5,0.306621,0.693379,0.739,5.0,1.281346,0.351047,1.328564,1.765081,0.2674,Region II (Barrier)
"Over-Barrier Low (E=5.5, V0=5.0)",5.5,5.0,1.5,0.306621,0.693379,0.7791,5.0,1.227561,0.368177,1.281585,1.642459,0.2914,Region II (Barrier)
"Over-Barrier Low (E=5.5, V0=5.0)",5.5,5.0,1.5,0.306621,0.693379,0.8193,5.0,1.171796,0.384713,1.233332,1.521109,0.3172,Region II (Barrier)
"Over-Barrier Low (E=5.5, V0=5.0)",5.5,5.0,1.5,0.306621,0.693379,0.8594,5.0,1.114141,0.400628,1.183982,1.401813,0.3452,Region II (Barrier)
"Over-Barrier Low (E=5.5, V0=5.0)",5.5,5.0,1.5,0.306621,0.693379,0.8996,5.0,1.05469,0.415898,1.133729,1.285341,0.3756,Region II (Barrier)
"Over-Barrier Low (E=5.5, V0=5.0)",5.5,5.0,1.5,0.306621,0.693379,0.9398,5.0,0.993538,0.430497,1.082795,1.172444,0.4089,Region II (Barrier)
"Over-Barrier Low (E=5.5, V0=5.0)",5.5,5.0,1.5,0.306621,0.693379,0.9799,5.0,0.930783,0.444401,1.031431,1.06385,0.4454,Region II (Barrier)
"Over-Barrier Low (E=5.5, V0=5.0)",5.5,5.0,1.5,0.306621,0.693379,1.0201,5.0,0.866528,0.457589,0.979928,0.960258,0.4859,Region II (Barrier)
"Over-Barrier Low (E=5.5, V0=5.0)",5.5,5.0,1.5,0.306621,0.693379,1.0602,5.0,0.800875,0.470039,0.928621,0.862337,0.5307,Region II (Barrier)
"Over-Barrier Low (E=5.5, V0=5.0)",5.5,5.0,1.5,0.306621,0.693379,1.1004,5.0,0.73393,0.481731,0.877906,0.770718,0.5808,Region II (Barrier)
"Over-Barrier Low (E=5.5, V0=5.0)",5.5,5.0,1.5,0.306621,0.693379,1.1406,5.0,0.665802,0.492646,0.828247,0.685993,0.637,Region II (Barrier)
"Over-Barrier Low (E=5.5, V0=5.0)",5.5,5.0,1.5,0.306621,0.693379,1.1807,5.0,0.596601,0.502767,0.780197,0.608707,0.7003,Region II (Barrier)
"Over-Barrier Low (E=5.5, V0=5.0)",5.5,5.0,1.5,0.306621,0.693379,1.2209,5.0,0.526437,0.512076,0.73441,0.539358,0.7716,Region II (Barrier)
"Over-Barrier Low (E=5.5, V0=5.0)",5.5,5.0,1.5,0.306621,0.693379,1.261,5.0,0.455424,0.52056,0.69166,0.478394,0.852,Region II (Barrier)
"Over-Barrier Low (E=5.5, V0=5.0)",5.5,5.0,1.5,0.306621,0.693379,1.3012,5.0,0.383677,0.528205,0.652846,0.426208,0.9426,Region II (Barrier)
"Over-Barrier Low (E=5.5, V0=5.0)",5.5,5.0,1.5,0.306621,0.693379,1.3414,5.0,0.311311,0.534998,0.61898,0.383137,1.0438,Region II (Barrier)
"Over-Barrier Low (E=5.5, V0=5.0)",5.5,5.0,1.5,0.306621,0.693379,1.3815,5.0,0.238443,0.540928,0.591149,0.349458,1.1556,Region II (Barrier)
"Over-Barrier Low (E=5.5, V0=5.0)",5.5,5.0,1.5,0.306621,0.693379,1.4217,5.0,0.16519,0.545985,0.570428,0.325388,1.277,Region II (Barrier)
"Over-Barrier Low (E=5.5, V0=5.0)",5.5,5.0,1.5,0.306621,0.693379,1.4618,5.0,0.091671,0.550162,0.557747,0.311082,1.4057,Region II (Barrier)
"Over-Barrier Low (E=5.5, V0=5.0)",5.5,5.0,1.5,0.306621,0.693379,1.502,0.0,0.018004,0.553441,0.553734,0.306621,1.5383,Region III (Transmitted)
"Over-Barrier Low (E=5.5, V0=5.0)",5.5,5.0,1.5,0.306621,0.693379,1.5422,0.0,-0.055655,0.55093,0.553734,0.306621,1.6715,Region III (Transmitted)
"Over-Barrier Low (E=5.5, V0=5.0)",5.5,5.0,1.5,0.306621,0.693379,1.5823,0.0,-0.128328,0.538659,0.553734,0.306621,1.8047,Region III (Transmitted)
"Over-Barrier Low (E=5.5, V0=5.0)",5.5,5.0,1.5,0.306621,0.693379,1.6225,0.0,-0.198727,0.516845,0.553734,0.306621,1.9379,Region III (Transmitted)
"Over-Barrier Low (E=5.5, V0=5.0)",5.5,5.0,1.5,0.306621,0.693379,1.6627,0.0,-0.265606,0.485875,0.553734,0.306621,2.0711,Region III (Transmitted)
"Over-Barrier Low (E=5.5, V0=5.0)",5.5,5.0,1.5,0.306621,0.693379,1.7028,0.0,-0.32778,0.446298,0.553734,0.306621,2.2043,Region III (Transmitted)
"Over-Barrier Low (E=5.5, V0=5.0)",5.5,5.0,1.5,0.306621,0.693379,1.743,0.0,-0.384146,0.398814,0.553734,0.306621,2.3375,Region III (Transmitted)
"Over-Barrier Low (E=5.5, V0=5.0)",5.5,5.0,1.5,0.306621,0.693379,1.7831,0.0,-0.433708,0.344265,0.553734,0.306621,2.4707,Region III (Transmitted)
"Over-Barrier Low (E=5.5, V0=5.0)",5.5,5.0,1.5,0.306621,0.693379,1.8233,0.0,-0.475586,0.283617,0.553734,0.306621,2.6039,Region III (Transmitted)
"Over-Barrier Low (E=5.5, V0=5.0)",5.5,5.0,1.5,0.306621,0.693379,1.8635,0.0,-0.509039,0.217945,0.553734,0.306621,2.7371,Region III (Transmitted)
"Over-Barrier Low (E=5.5, V0=5.0)",5.5,5.0,1.5,0.306621,0.693379,1.9036,0.0,-0.533474,0.148412,0.553734,0.306621,2.8703,Region III (Transmitted)
"Over-Barrier Low (E=5.5, V0=5.0)",5.5,5.0,1.5,0.306621,0.693379,1.9438,0.0,-0.548459,0.07625,0.553734,0.306621,3.0035,Region III (Transmitted)
"Over-Barrier Low (E=5.5, V0=5.0)",5.5,5.0,1.5,0.306621,0.693379,1.9839,0.0,-0.553727,0.002737,0.553734,0.306621,3.1367,Region III (Transmitted)
"Over-Barrier Low (E=5.5, V0=5.0)",5.5,5.0,1.5,0.306621,0.693379,2.0241,0.0,-0.549186,-0.070825,0.553734,0.306621,-3.0133,Region III (Transmitted)
"Over-Barrier Low (E=5.5, V0=5.0)",5.5,5.0,1.5,0.306621,0.693379,2.0643,0.0,-0.534915,-0.143132,0.553734,0.306621,-2.8801,Region III (Transmitted)
"Over-Barrier Low (E=5.5, V0=5.0)",5.5,5.0,1.5,0.306621,0.693379,2.1044,0.0,-0.511169,-0.212903,0.553734,0.306621,-2.7469,Region III (Transmitted)
"Over-Barrier Low (E=5.5, V0=5.0)",5.5,5.0,1.5,0.306621,0.693379,2.1446,0.0,-0.478367,-0.278902,0.553734,0.306621,-2.6137,Region III (Transmitted)
"Over-Barrier Low (E=5.5, V0=5.0)",5.5,5.0,1.5,0.306621,0.693379,2.1847,0.0,-0.43709,-0.339961,0.553734,0.306621,-2.4805,Region III (Transmitted)
"Over-Barrier Low (E=5.5, V0=5.0)",5.5,5.0,1.5,0.306621,0.693379,2.2249,0.0,-0.38807,-0.394997,0.553734,0.306621,-2.3473,Region III (Transmitted)
"Over-Barrier Low (E=5.5, V0=5.0)",5.5,5.0,1.5,0.306621,0.693379,2.2651,0.0,-0.332175,-0.443036,0.553734,0.306621,-2.2142,Region III (Transmitted)
"Over-Barrier Low (E=5.5, V0=5.0)",5.5,5.0,1.5,0.306621,0.693379,2.3052,0.0,-0.270396,-0.483226,0.553734,0.306621,-2.081,Region III (Transmitted)
"Over-Barrier Low (E=5.5, V0=5.0)",5.5,5.0,1.5,0.306621,0.693379,2.3454,0.0,-0.203826,-0.514855,0.553734,0.306621,-1.9478,Region III (Transmitted)
"Over-Barrier Low (E=5.5, V0=5.0)",5.5,5.0,1.5,0.306621,0.693379,2.3855,0.0,-0.133646,-0.537364,0.553734,0.306621,-1.8146,Region III (Transmitted)
"Over-Barrier Low (E=5.5, V0=5.0)",5.5,5.0,1.5,0.306621,0.693379,2.4257,0.0,-0.061098,-0.550353,0.553734,0.306621,-1.6814,Region III (Transmitted)
"Over-Barrier Low (E=5.5, V0=5.0)",5.5,5.0,1.5,0.306621,0.693379,2.4659,0.0,0.012532,-0.553592,0.553734,0.306621,-1.5482,Region III (Transmitted)
"Over-Barrier Low (E=5.5, V0=5.0)",5.5,5.0,1.5,0.306621,0.693379,2.506,0.0,0.085941,-0.547024,0.553734,0.306621,-1.415,Region III (Transmitted)
"Over-Barrier Low (E=5.5, V0=5.0)",5.5,5.0,1.5,0.306621,0.693379,2.5462,0.0,0.157827,-0.530765,0.553734,0.306621,-1.2818,Region III (Transmitted)
"Over-Barrier Low (E=5.5, V0=5.0)",5.5,5.0,1.5,0.306621,0.693379,2.5863,0.0,0.226917,-0.505104,0.553734,0.306621,-1.1486,Region III (Transmitted)
"Over-Barrier Low (E=5.5, V0=5.0)",5.5,5.0,1.5,0.306621,0.693379,2.6265,0.0,0.291987,-0.470494,0.553734,0.306621,-1.0154,Region III (Transmitted)
"Over-Barrier Low (E=5.5, V0=5.0)",5.5,5.0,1.5,0.306621,0.693379,2.6667,0.0,0.351884,-0.42755,0.553734,0.306621,-0.8822,Region III (Transmitted)
"Over-Barrier Low (E=5.5, V0=5.0)",5.5,5.0,1.5,0.306621,0.693379,2.7068,0.0,0.405547,-0.377031,0.553734,0.306621,-0.749,Region III (Transmitted)
"Over-Barrier Low (E=5.5, V0=5.0)",5.5,5.0,1.5,0.306621,0.693379,2.747,0.0,0.452026,-0.319833,0.553734,0.306621,-0.6158,Region III (Transmitted)
"Over-Barrier Low (E=5.5, V0=5.0)",5.5,5.0,1.5,0.306621,0.693379,2.7871,0.0,0.490498,-0.256969,0.553734,0.306621,-0.4826,Region III (Transmitted)
"Over-Barrier Low (E=5.5, V0=5.0)",5.5,5.0,1.5,0.306621,0.693379,2.8273,0.0,0.52028,-0.189553,0.553734,0.306621,-0.3494,Region III (Transmitted)
"Over-Barrier Low (E=5.5, V0=5.0)",5.5,5.0,1.5,0.306621,0.693379,2.8675,0.0,0.540844,-0.118778,0.553734,0.306621,-0.2162,Region III (Transmitted)
"Over-Barrier Low (E=5.5, V0=5.0)",5.5,5.0,1.5,0.306621,0.693379,2.9076,0.0,0.551828,-0.0459,0.553734,0.306621,-0.083,Region III (Transmitted)
"Over-Barrier Low (E=5.5, V0=5.0)",5.5,5.0,1.5,0.306621,0.693379,2.9478,0.0,0.553036,0.027792,0.553734,0.306621,0.0502,Region III (Transmitted)
"Over-Barrier Low (E=5.5, V0=5.0)",5.5,5.0,1.5,0.306621,0.693379,2.988,0.0,0.544446,0.100991,0.553734,0.306621,0.1834,Region III (Transmitted)
"Over-Barrier Low (E=5.5, V0=5.0)",5.5,5.0,1.5,0.306621,0.693379,3.0281,0.0,0.526212,0.172402,0.553734,0.306621,0.3166,Region III (Transmitted)
"Over-Barrier Low (E=5.5, V0=5.0)",5.5,5.0,1.5,0.306621,0.693379,3.0683,0.0,0.498655,0.240758,0.553734,0.306621,0.4498,Region III (Transmitted)
"Over-Barrier Low (E=5.5, V0=5.0)",5.5,5.0,1.5,0.306621,0.693379,3.1084,0.0,0.462264,0.304849,0.553734,0.306621,0.583,Region III (Transmitted)
"Over-Barrier Low (E=5.5, V0=5.0)",5.5,5.0,1.5,0.306621,0.693379,3.1486,0.0,0.417684,0.363539,0.553734,0.306621,0.7162,Region III (Transmitted)
"Over-Barrier Low (E=5.5, V0=5.0)",5.5,5.0,1.5,0.306621,0.693379,3.1888,0.0,0.365705,0.415789,0.553734,0.306621,0.8494,Region III (Transmitted)
"Over-Barrier Low (E=5.5, V0=5.0)",5.5,5.0,1.5,0.306621,0.693379,3.2289,0.0,0.307247,0.460674,0.553734,0.306621,0.9826,Region III (Transmitted)
"Over-Barrier Low (E=5.5, V0=5.0)",5.5,5.0,1.5,0.306621,0.693379,3.2691,0.0,0.243346,0.497397,0.553734,0.306621,1.1158,Region III (Transmitted)
"Over-Barrier Low (E=5.5, V0=5.0)",5.5,5.0,1.5,0.306621,0.693379,3.3092,0.0,0.175134,0.525308,0.553734,0.306621,1.249,Region III (Transmitted)
"Over-Barrier Low (E=5.5, V0=5.0)",5.5,5.0,1.5,0.306621,0.693379,3.3494,0.0,0.10382,0.543914,0.553734,0.306621,1.3822,Region III (Transmitted)
"Over-Barrier Low (E=5.5, V0=5.0)",5.5,5.0,1.5,0.306621,0.693379,3.3896,0.0,0.030666,0.552884,0.553734,0.306621,1.5154,Region III (Transmitted)
"Over-Barrier Low (E=5.5, V0=5.0)",5.5,5.0,1.5,0.306621,0.693379,3.4297,0.0,-0.043031,0.552059,0.553734,0.306621,1.6486,Region III (Transmitted)
"Over-Barrier Low (E=5.5, V0=5.0)",5.5,5.0,1.5,0.306621,0.693379,3.4699,0.0,-0.115965,0.541455,0.553734,0.306621,1.7818,Region III (Transmitted)
"Over-Barrier Low (E=5.5, V0=5.0)",5.5,5.0,1.5,0.306621,0.693379,3.51,0.0,-0.186846,0.521258,0.553734,0.306621,1.915,Region III (Transmitted)
"Over-Barrier Low (E=5.5, V0=5.0)",5.5,5.0,1.5,0.306621,0.693379,3.5502,0.0,-0.254416,0.491827,0.553734,0.306621,2.0482,Region III (Transmitted)
"Over-Barrier Low (E=5.5, V0=5.0)",5.5,5.0,1.5,0.306621,0.693379,3.5904,0.0,-0.317479,0.453683,0.553734,0.306621,2.1814,Region III (Transmitted)
"Over-Barrier Low (E=5.5, V0=5.0)",5.5,5.0,1.5,0.306621,0.693379,3.6305,0.0,-0.374918,0.407502,0.553734,0.306621,2.3146,Region III (Transmitted)
"Over-Barrier Low (E=5.5, V0=5.0)",5.5,5.0,1.5,0.306621,0.693379,3.6707,0.0,-0.425715,0.354101,0.553734,0.306621,2.4478,Region III (Transmitted)
"Over-Barrier Low (E=5.5, V0=5.0)",5.5,5.0,1.5,0.306621,0.693379,3.7108,0.0,-0.46897,0.294428,0.553734,0.306621,2.581,Region III (Transmitted)
"Over-Barrier Low (E=5.5, V0=5.0)",5.5,5.0,1.5,0.306621,0.693379,3.751,0.0,-0.503918,0.229539,0.553734,0.306621,2.7142,Region III (Transmitted)
"Over-Barrier Low (E=5.5, V0=5.0)",5.5,5.0,1.5,0.306621,0.693379,3.7912,0.0,-0.529938,0.160583,0.553734,0.306621,2.8474,Region III (Transmitted)
"Over-Barrier Low (E=5.5, V0=5.0)",5.5,5.0,1.5,0.306621,0.693379,3.8313,0.0,-0.54657,0.088783,0.553734,0.306621,2.9806,Region III (Transmitted)
"Over-Barrier Low (E=5.5, V0=5.0)",5.5,5.0,1.5,0.306621,0.693379,3.8715,0.0,-0.553519,0.01541,0.553734,0.306621,3.1138,Region III (Transmitted)
"Over-Barrier Low (E=5.5, V0=5.0)",5.5,5.0,1.5,0.306621,0.693379,3.9116,0.0,-0.550663,-0.058237,0.553734,0.306621,-3.0362,Region III (Transmitted)
"Over-Barrier Low (E=5.5, V0=5.0)",5.5,5.0,1.5,0.306621,0.693379,3.9518,0.0,-0.538051,-0.130851,0.553734,0.306621,-2.903,Region III (Transmitted)
"Over-Barrier Low (E=5.5, V0=5.0)",5.5,5.0,1.5,0.306621,0.693379,3.992,0.0,-0.515908,-0.201148,0.553734,0.306621,-2.7698,Region III (Transmitted)
"Over-Barrier Low (E=5.5, V0=5.0)",5.5,5.0,1.5,0.306621,0.693379,4.0321,0.0,-0.484625,-0.267881,0.553734,0.306621,-2.6366,Region III (Transmitted)
"Over-Barrier Low (E=5.5, V0=5.0)",5.5,5.0,1.5,0.306621,0.693379,4.0723,0.0,-0.444756,-0.329868,0.553734,0.306621,-2.5034,Region III (Transmitted)
"Over-Barrier Low (E=5.5, V0=5.0)",5.5,5.0,1.5,0.306621,0.693379,4.1124,0.0,-0.397009,-0.386012,0.553734,0.306621,-2.3702,Region III (Transmitted)
"Over-Barrier Low (E=5.5, V0=5.0)",5.5,5.0,1.5,0.306621,0.693379,4.1526,0.0,-0.342228,-0.435317,0.553734,0.306621,-2.237,Region III (Transmitted)
"Over-Barrier Low (E=5.5, V0=5.0)",5.5,5.0,1.5,0.306621,0.693379,4.1928,0.0,-0.281385,-0.47691,0.553734,0.306621,-2.1038,Region III (Transmitted)
"Over-Barrier Low (E=5.5, V0=5.0)",5.5,5.0,1.5,0.306621,0.693379,4.2329,0.0,-0.215557,-0.510055,0.553734,0.306621,-1.9706,Region III (Transmitted)
"Over-Barrier Low (E=5.5, V0=5.0)",5.5,5.0,1.5,0.306621,0.693379,4.2731,0.0,-0.14591,-0.534164,0.553734,0.306621,-1.8374,Region III (Transmitted)
"Over-Barrier Low (E=5.5, V0=5.0)",5.5,5.0,1.5,0.306621,0.693379,4.3133,0.0,-0.073678,-0.54881,0.553734,0.306621,-1.7042,Region III (Transmitted)
"Over-Barrier Low (E=5.5, V0=5.0)",5.5,5.0,1.5,0.306621,0.693379,4.3534,0.0,-0.000141,-0.553734,0.553734,0.306621,-1.5711,Region III (Transmitted)
"Over-Barrier Low (E=5.5, V0=5.0)",5.5,5.0,1.5,0.306621,0.693379,4.3936,0.0,0.073398,-0.548848,0.553734,0.306621,-1.4379,Region III (Transmitted)
"Over-Barrier Low (E=5.5, V0=5.0)",5.5,5.0,1.5,0.306621,0.693379,4.4337,0.0,0.145637,-0.534238,0.553734,0.306621,-1.3047,Region III (Transmitted)
"Over-Barrier Low (E=5.5, V0=5.0)",5.5,5.0,1.5,0.306621,0.693379,4.4739,0.0,0.215297,-0.510165,0.553734,0.306621,-1.1715,Region III (Transmitted)
"Over-Barrier Low (E=5.5, V0=5.0)",5.5,5.0,1.5,0.306621,0.693379,4.5141,0.0,0.281142,-0.477054,0.553734,0.306621,-1.0383,Region III (Transmitted)
"Over-Barrier Low (E=5.5, V0=5.0)",5.5,5.0,1.5,0.306621,0.693379,4.5542,0.0,0.342006,-0.435491,0.553734,0.306621,-0.9051,Region III (Transmitted)
"Over-Barrier Low (E=5.5, V0=5.0)",5.5,5.0,1.5,0.306621,0.693379,4.5944,0.0,0.396812,-0.386214,0.553734,0.306621,-0.7719,Region III (Transmitted)
"Over-Barrier Low (E=5.5, V0=5.0)",5.5,5.0,1.5,0.306621,0.693379,4.6345,0.0,0.444588,-0.330095,0.553734,0.306621,-0.6387,Region III (Transmitted)
"Over-Barrier Low (E=5.5, V0=5.0)",5.5,5.0,1.5,0.306621,0.693379,4.6747,0.0,0.484488,-0.268128,0.553734,0.306621,-0.5055,Region III (Transmitted)
"Over-Barrier Low (E=5.5, V0=5.0)",5.5,5.0,1.5,0.306621,0.693379,4.7149,0.0,0.515805,-0.201411,0.553734,0.306621,-0.3723,Region III (Transmitted)
"Over-Barrier Low (E=5.5, V0=5.0)",5.5,5.0,1.5,0.306621,0.693379,4.755,0.0,0.537984,-0.131126,0.553734,0.306621,-0.2391,Region III (Transmitted)
"Over-Barrier Low (E=5.5, V0=5.0)",5.5,5.0,1.5,0.306621,0.693379,4.7952,0.0,0.550633,-0.058518,0.553734,0.306621,-0.1059,Region III (Transmitted)
"Over-Barrier Low (E=5.5, V0=5.0)",5.5,5.0,1.5,0.306621,0.693379,4.8353,0.0,0.553527,0.015127,0.553734,0.306621,0.0273,Region III (Transmitted)
"Over-Barrier Low (E=5.5, V0=5.0)",5.5,5.0,1.5,0.306621,0.693379,4.8755,0.0,0.546615,0.088504,0.553734,0.306621,0.1605,Region III (Transmitted)
"Over-Barrier Low (E=5.5, V0=5.0)",5.5,5.0,1.5,0.306621,0.693379,4.9157,0.0,0.53002,0.160313,0.553734,0.306621,0.2937,Region III (Transmitted)
"Over-Barrier Low (E=5.5, V0=5.0)",5.5,5.0,1.5,0.306621,0.693379,4.9558,0.0,0.504035,0.229282,0.553734,0.306621,0.4269,Region III (Transmitted)
"Over-Barrier Low (E=5.5, V0=5.0)",5.5,5.0,1.5,0.306621,0.693379,4.996,0.0,0.46912,0.294189,0.553734,0.306621,0.5601,Region III (Transmitted)
"Over-Barrier Low (E=5.5, V0=5.0)",5.5,5.0,1.5,0.306621,0.693379,5.0361,0.0,0.425896,0.353884,0.553734,0.306621,0.6933,Region III (Transmitted)
"Over-Barrier Low (E=5.5, V0=5.0)",5.5,5.0,1.5,0.306621,0.693379,5.0763,0.0,0.375126,0.40731,0.553734,0.306621,0.8265,Region III (Transmitted)
"Over-Barrier Low (E=5.5, V0=5.0)",5.5,5.0,1.5,0.306621,0.693379,5.1165,0.0,0.31771,0.453521,0.553734,0.306621,0.9597,Region III (Transmitted)
"Over-Barrier Low (E=5.5, V0=5.0)",5.5,5.0,1.5,0.306621,0.693379,5.1566,0.0,0.254667,0.491697,0.553734,0.306621,1.0929,Region III (Transmitted)
"Over-Barrier Low (E=5.5, V0=5.0)",5.5,5.0,1.5,0.306621,0.693379,5.1968,0.0,0.187112,0.521162,0.553734,0.306621,1.2261,Region III (Transmitted)
"Over-Barrier Low (E=5.5, V0=5.0)",5.5,5.0,1.5,0.306621,0.693379,5.2369,0.0,0.116242,0.541395,0.553734,0.306621,1.3593,Region III (Transmitted)
"Over-Barrier Low (E=5.5, V0=5.0)",5.5,5.0,1.5,0.306621,0.693379,5.2771,0.0,0.043312,0.552037,0.553734,0.306621,1.4925,Region III (Transmitted)
"Over-Barrier Low (E=5.5, V0=5.0)",5.5,5.0,1.5,0.306621,0.693379,5.3173,0.0,-0.030384,0.552899,0.553734,0.306621,1.6257,Region III (Transmitted)
"Over-Barrier Low (E=5.5, V0=5.0)",5.5,5.0,1.5,0.306621,0.693379,5.3574,0.0,-0.103542,0.543967,0.553734,0.306621,1.7589,Region III (Transmitted)
"Over-Barrier Low (E=5.5, V0=5.0)",5.5,5.0,1.5,0.306621,0.693379,5.3976,0.0,-0.174866,0.525398,0.553734,0.306621,1.8921,Region III (Transmitted)
"Over-Barrier Low (E=5.5, V0=5.0)",5.5,5.0,1.5,0.306621,0.693379,5.4378,0.0,-0.243093,0.497521,0.553734,0.306621,2.0253,Region III (Transmitted)
"Over-Barrier Low (E=5.5, V0=5.0)",5.5,5.0,1.5,0.306621,0.693379,5.4779,0.0,-0.307012,0.46083,0.553734,0.306621,2.1585,Region III (Transmitted)
"Over-Barrier Low (E=5.5, V0=5.0)",5.5,5.0,1.5,0.306621,0.693379,5.5181,0.0,-0.365493,0.415976,0.553734,0.306621,2.2917,Region III (Transmitted)
"Over-Barrier Low (E=5.5, V0=5.0)",5.5,5.0,1.5,0.306621,0.693379,5.5582,0.0,-0.417499,0.363752,0.553734,0.306621,2.4249,Region III (Transmitted)
"Over-Barrier Low (E=5.5, V0=5.0)",5.5,5.0,1.5,0.306621,0.693379,5.5984,0.0,-0.462109,0.305085,0.553734,0.306621,2.5581,Region III (Transmitted)
"Over-Barrier Low (E=5.5, V0=5.0)",5.5,5.0,1.5,0.306621,0.693379,5.6386,0.0,-0.498532,0.241012,0.553734,0.306621,2.6913,Region III (Transmitted)
"Over-Barrier Low (E=5.5, V0=5.0)",5.5,5.0,1.5,0.306621,0.693379,5.6787,0.0,-0.526124,0.17267,0.553734,0.306621,2.8245,Region III (Transmitted)
"Over-Barrier Low (E=5.5, V0=5.0)",5.5,5.0,1.5,0.306621,0.693379,5.7189,0.0,-0.544395,0.101269,0.553734,0.306621,2.9577,Region III (Transmitted)
"Over-Barrier Low (E=5.5, V0=5.0)",5.5,5.0,1.5,0.306621,0.693379,5.759,0.0,-0.553022,0.028074,0.553734,0.306621,3.0909,Region III (Transmitted)
"Over-Barrier Low (E=5.5, V0=5.0)",5.5,5.0,1.5,0.306621,0.693379,5.7992,0.0,-0.551851,-0.045618,0.553734,0.306621,-3.0591,Region III (Transmitted)
"Over-Barrier Low (E=5.5, V0=5.0)",5.5,5.0,1.5,0.306621,0.693379,5.8394,0.0,-0.540905,-0.118502,0.553734,0.306621,-2.9259,Region III (Transmitted)
"Over-Barrier Low (E=5.5, V0=5.0)",5.5,5.0,1.5,0.306621,0.693379,5.8795,0.0,-0.520376,-0.189287,0.553734,0.306621,-2.7927,Region III (Transmitted)
"Over-Barrier Low (E=5.5, V0=5.0)",5.5,5.0,1.5,0.306621,0.693379,5.9197,0.0,-0.490629,-0.256719,0.553734,0.306621,-2.6595,Region III (Transmitted)
"Over-Barrier Low (E=5.5, V0=5.0)",5.5,5.0,1.5,0.306621,0.693379,5.9598,0.0,-0.45219,-0.319602,0.553734,0.306621,-2.5263,Region III (Transmitted)
"Over-Barrier Low (E=5.5, V0=5.0)",5.5,5.0,1.5,0.306621,0.693379,6.0,0.0,-0.40574,-0.376824,0.553734,0.306621,-2.3931,Region III (Transmitted)
"Over-Barrier Resonant (E=7.5, V0=5.0)",7.5,5.0,1.5,0.985389,0.014611,-4.0,0.0,-0.980158,-0.093523,0.98461,0.969456,-3.0465,Region I (Incident/Reflected)
"Over-Barrier Resonant (E=7.5, V0=5.0)",7.5,5.0,1.5,0.985389,0.014611,-3.9598,0.0,-0.9164,-0.243182,0.948117,0.898927,-2.8822,Region I (Incident/Reflected)
"Over-Barrier Resonant (E=7.5, V0=5.0)",7.5,5.0,1.5,0.985389,0.014611,-3.9197,0.0,-0.830517,-0.386968,0.916244,0.839502,-2.7056,Region I (Incident/Reflected)
"Over-Barrier Resonant (E=7.5, V0=5.0)",7.5,5.0,1.5,0.985389,0.014611,-3.8795,0.0,-0.724581,-0.521412,0.892686,0.796888,-2.5178,Region I (Incident/Reflected)
"Over-Barrier Resonant (E=7.5, V0=5.0)",7.5,5.0,1.5,0.985389,0.014611,-3.8394,0.0,-0.60115,-0.643266,0.880439,0.775173,-2.3224,Region I (Incident/Reflected)
"Over-Barrier Resonant (E=7.5, V0=5.0)",7.5,5.0,1.5,0.985389,0.014611,-3.7992,0.0,-0.463205,-0.74959,0.88116,0.776444,-2.1243,Region I (Incident/Reflected)
"Over-Barrier Resonant (E=7.5, V0=5.0)",7.5,5.0,1.5,0.985389,0.014611,-3.759,0.0,-0.314076,-0.837814,0.89475,0.800577,-1.9295,Region I (Incident/Reflected)
"Over-Barrier Resonant (E=7.5, V0=5.0)",7.5,5.0,1.5,0.985389,0.014611,-3.7189,0.0,-0.157364,-0.905811,0.919378,0.845256,-1.7428,Region I (Incident/Reflected)
"Over-Barrier Resonant (E=7.5, V0=5.0)",7.5,5.0,1.5,0.985389,0.014611,-3.6787,0.0,0.003147,-0.951937,0.951942,0.906193,-1.5675,Region I (Incident/Reflected)
"Over-Barrier Resonant (E=7.5, V0=5.0)",7.5,5.0,1.5,0.985389,0.014611,-3.6386,0.0,0.163583,-0.975079,0.988705,0.977537,-1.4046,Region I (Incident/Reflected)
"Over-Barrier Resonant (E=7.5, V0=5.0)",7.5,5.0,1.5,0.985389,0.014611,-3.5984,0.0,0.320068,-0.974678,1.025885,1.052441,-1.2535,Region I (Incident/Reflected)
"Over-Barrier Resonant (E=7.5, V0=5.0)",7.5,5.0,1.5,0.985389,0.014611,-3.5582,0.0,0.468826,-0.950744,1.060053,1.123712,-1.1127,Region I (Incident/Reflected)
"Over-Barrier Resonant (E=7.5, V0=5.0)",7.5,5.0,1.5,0.985389,0.014611,-3.5181,0.0,0.606265,-0.903855,1.088352,1.184511,-0.98,Region I (Incident/Reflected)
"Over-Barrier Resonant (E=7.5, V0=5.0)",7.5,5.0,1.5,0.985389,0.014611,-3.4779,0.0,0.729065,-0.835143,1.108603,1.229,-0.8531,Region I (Incident/Reflected)
"Over-Barrier Resonant (E=7.5, V0=5.0)",7.5,5.0,1.5,0.985389,0.014611,-3.4378,0.0,0.834263,-0.746267,1.119334,1.252909,-0.7298,Region I (Incident/Reflected)
"Over-Barrier Resonant (E=7.5, V0=5.0)",7.5,5.0,1.5,0.985389,0.014611,-3.3976,0.0,0.919318,-0.639373,1.119796,1.253943,-0.6077,Region I (Incident/Reflected)
"Over-Barrier Resonant (E=7.5, V0=5.0)",7.5,5.0,1.5,0.985389,0.014611,-3.3574,0.0,0.982176,-0.517041,1.109956,1.232002,-0.4846,Region I (Incident/Reflected)
"Over-Barrier Resonant (E=7.5, V0=5.0)",7.5,5.0,1.5,0.985389,0.014611,-3.3173,0.0,1.021321,-0.382226,1.090501,1.189193,-0.3581,Region I (Incident/Reflected)
"Over-Barrier Resonant (E=7.5, V0=5.0)",7.5,5.0,1.5,0.985389,0.014611,-3.2771,0.0,1.035806,-0.238182,1.062838,1.129625,-0.226,Region I (Incident/Reflected)
"Over-Barrier Resonant (E=7.5, V0=5.0)",7.5,5.0,1.5,0.985389,0.014611,-3.2369,0.0,1.025282,-0.088388,1.029085,1.059016,-0.086,Region I (Incident/Reflected)
"Over-Barrier Resonant (E=7.5, V0=5.0)",7.5,5.0,1.5,0.985389,0.014611,-3.1968,0.0,0.990004,0.063541,0.992041,0.984145,0.0641,Region I (Incident/Reflected)
"Over-Barrier Resonant (E=7.5, V0=5.0)",7.5,5.0,1.5,0.985389,0.014611,-3.1566,0.0,0.930822,0.213935,0.95509,0.912198,0.2259,Region I (Incident/Reflected)
"Over-Barrier Resonant (E=7.5, V0=5.0)",7.5,5.0,1.5,0.985389,0.014611,-3.1165,0.0,0.849166,0.359164,0.921999,0.850082,0.4001,Region I (Incident/Reflected)
"Over-Barrier Resonant (E=7.5, V0=5.0)",7.5,5.0,1.5,0.985389,0.014611,-3.0763,0.0,0.747008,0.495722,0.896527,0.803761,0.5859,Region I (Incident/Reflected)
"Over-Barrier Resonant (E=7.5, V0=5.0)",7.5,5.0,1.5,0.985389,0.014611,-3.0361,0.0,0.626813,0.62031,0.881861,0.77768,0.7802,Region I (Incident/Reflected)
"Over-Barrier Resonant (E=7.5, V0=5.0)",7.5,5.0,1.5,0.985389,0.014611,-2.996,0.0,0.491485,0.729922,0.879967,0.774343,0.9782,Region I (Incident/Reflected)
"Over-Barrier Resonant (E=7.5, V0=5.0)",7.5,5.0,1.5,0.985389,0.014611,-2.9558,0.0,0.344289,0.821909,0.891106,0.79407,1.1741,Region I (Incident/Reflected)
"Over-Barrier Resonant (E=7.5, V0=5.0)",7.5,5.0,1.5,0.985389,0.014611,-2.9157,0.0,0.188782,0.894053,0.913766,0.834969,1.3627,Region I (Incident/Reflected)
"Over-Barrier Resonant (E=7.5, V0=5.0)",7.5,5.0,1.5,0.985389,0.014611,-2.8755,0.0,0.028716,0.94461,0.945046,0.893112,1.5404,Region I (Incident/Reflected)
"Over-Barrier Resonant (E=7.5, V0=5.0)",7.5,5.0,1.5,0.985389,0.014611,-2.8353,0.0,-0.132043,0.97236,0.981284,0.962919,1.7058,Region I (Incident/Reflected)
"Over-Barrier Resonant (E=7.5, V0=5.0)",7.5,5.0,1.5,0.985389,0.014611,-2.7952,0.0,-0.289615,0.976632,1.018669,1.037687,1.8591,Region I (Incident/Reflected)
"Over-Barrier Resonant (E=7.5, V0=5.0)",7.5,5.0,1.5,0.985389,0.014611,-2.755,0.0,-0.440193,0.957325,1.05368,1.110241,2.0018,Region I (Incident/Reflected)
"Over-Barrier Resonant (E=7.5, V0=5.0)",7.5,5.0,1.5,0.985389,0.014611,-2.7149,0.0,-0.580143,0.914904,1.083335,1.173615,2.1359,Region I (Incident/Reflected)
"Over-Barrier Resonant (E=7.5, V0=5.0)",7.5,5.0,1.5,0.985389,0.014611,-2.6747,0.0,-0.706086,0.850392,1.105317,1.221725,2.2637,Region I (Incident/Reflected)
"Over-Barrier Resonant (E=7.5, V0=5.0)",7.5,5.0,1.5,0.985389,0.014611,-2.6345,0.0,-0.814981,0.765349,1.118013,1.249953,2.3876,Region I (Incident/Reflected)
"Over-Barrier Resonant (E=7.5, V0=5.0)",7.5,5.0,1.5,0.985389,0.014611,-2.5944,0.0,-0.904199,0.661826,1.120531,1.25559,2.5097,Region I (Incident/Reflected)
"Over-Barrier Resonant (E=7.5, V0=5.0)",7.5,5.0,1.5,0.985389,0.014611,-2.5542,0.0,-0.971586,0.542324,1.112697,1.238094,2.6325,Region I (Incident/Reflected)
"Over-Barrier Resonant (E=7.5, V0=5.0)",7.5,5.0,1.5,0.985389,0.014611,-2.5141,0.0,-1.015514,0.409729,1.095055,1.199145,2.7581,Region I (Incident/Reflected)
"Over-Barrier Resonant (E=7.5, V0=5.0)",7.5,5.0,1.5,0.985389,0.014611,-2.4739,0.0,-1.034923,0.26724,1.06887,1.142482,2.8889,Region I (Incident/Reflected)
"Over-Barrier Resonant (E=7.5, V0=5.0)",7.5,5.0,1.5,0.985389,0.014611,-2.4337,0.0,-1.029344,0.118299,1.03612,1.073544,3.0272,Region I (Incident/Reflected)
"Over-Barrier Resonant (E=7.5, V0=5.0)",7.5,5.0,1.5,0.985389,0.014611,-2.3936,0.0,-0.998913,-0.033498,0.999474,0.998948,-3.1081,Region I (Incident/Reflected)
"Over-Barrier Resonant (E=7.5, V0=5.0)",7.5,5.0,1.5,0.985389,0.014611,-2.3534,0.0,-0.944363,-0.184487,0.962214,0.925857,-2.9487,Region I (Incident/Reflected)
"Over-Barrier Resonant (E=7.5, V0=5.0)",7.5,5.0,1.5,0.985389,0.014611,-2.3133,0.0,-0.867012,-0.331021,0.928054,0.861285,-2.7769,Region I (Incident/Reflected)
"Over-Barrier Resonant (E=7.5, V0=5.0)",7.5,5.0,1.5,0.985389,0.014611,-2.2731,0.0,-0.768728,-0.469563,0.900795,0.811432,-2.5932,Region I (Incident/Reflected)
"Over-Barrier Resonant (E=7.5, V0=5.0)",7.5,5.0,1.5,0.985389,0.014611,-2.2329,0.0,-0.651883,-0.596767,0.883789,0.781083,-2.4003,Region I (Incident/Reflected)
"Over-Barrier Resonant (E=7.5, V0=5.0)",7.5,5.0,1.5,0.985389,0.014611,-2.1928,0.0,-0.519299,-0.709563,0.87929,0.773151,-2.2026,Region I (Incident/Reflected)
"Over-Barrier Resonant (E=7.5, V0=5.0)",7.5,5.0,1.5,0.985389,0.014611,-2.1526,0.0,-0.374177,-0.805227,0.887918,0.788398,-2.0058,Region I (Incident/Reflected)
"Over-Barrier Resonant (E=7.5, V0=5.0)",7.5,5.0,1.5,0.985389,0.014611,-2.1124,0.0,-0.22002,-0.881449,0.908494,0.825361,-1.8154,Region I (Incident/Reflected)
"Over-Barrier Resonant (E=7.5, V0=5.0)",7.5,5.0,1.5,0.985389,0.014611,-2.0723,0.0,-0.060551,-0.936389,0.938345,0.880491,-1.6354,Region I (Incident/Reflected)
"Over-Barrier Resonant (E=7.5, V0=5.0)",7.5,5.0,1.5,0.985389,0.014611,-2.0321,0.0,0.100379,-0.968721,0.973907,0.948495,-1.4675,Region I (Incident/Reflected)
"Over-Barrier Resonant (E=7.5, V0=5.0)",7.5,5.0,1.5,0.985389,0.014611,-1.992,0.0,0.258887,-0.977663,1.011359,1.022847,-1.3119,Region I (Incident/Reflected)
"Over-Barrier Resonant (E=7.5, V0=5.0)",7.5,5.0,1.5,0.985389,0.014611,-1.9518,0.0,0.411143,-0.963,1.047095,1.096408,-1.1673,Region I (Incident/Reflected)
"Over-Barrier Resonant (E=7.5, V0=5.0)",7.5,5.0,1.5,0.985389,0.014611,-1.9116,0.0,0.553473,-0.925086,1.078015,1.162117,-1.0316,Region I (Incident/Reflected)
"Over-Barrier Resonant (E=7.5, V0=5.0)",7.5,5.0,1.5,0.985389,0.014611,-1.8715,0.0,0.682439,-0.864837,1.101665,1.213666,-0.9027,Region I (Incident/Reflected)
"Over-Barrier Resonant (E=7.5, V0=5.0)",7.5,5.0,1.5,0.985389,0.014611,-1.8313,0.0,0.794929,-0.783706,1.116291,1.246107,-0.7783,Region I (Incident/Reflected)
"Over-Barrier Resonant (E=7.5, V0=5.0)",7.5,5.0,1.5,0.985389,0.014611,-1.7912,0.0,0.888225,-0.683653,1.120859,1.256325,-0.656,Region I (Incident/Reflected)
"Over-Barrier Resonant (E=7.5, V0=5.0)",7.5,5.0,1.5,0.985389,0.014611,-1.751,0.0,0.960075,-0.567094,1.115052,1.243341,-0.5335,Region I (Incident/Reflected)
"Over-Barrier Resonant (E=7.5, V0=5.0)",7.5,5.0,1.5,0.985389,0.014611,-1.7108,0.0,1.008745,-0.436843,1.099272,1.208399,-0.4087,Region I (Incident/Reflected)
"Over-Barrier Resonant (E=7.5, V0=5.0)",7.5,5.0,1.5,0.985389,0.014611,-1.6707,0.0,1.03306,-0.296045,1.074642,1.154855,-0.2791,Region I (Incident/Reflected)
"Over-Barrier Resonant (E=7.5, V0=5.0)",7.5,5.0,1.5,0.985389,0.014611,-1.6305,0.0,1.032432,-0.148098,1.043,1.087849,-0.1425,Region I (Incident/Reflected)
"Over-Barrier Resonant (E=7.5, V0=5.0)",7.5,5.0,1.5,0.985389,0.014611,-1.5904,0.0,1.006876,0.003424,1.006882,1.013812,0.0034,Region I (Incident/Reflected)
"Over-Barrier Resonant (E=7.5, V0=5.0)",7.5,5.0,1.5,0.985389,0.014611,-1.5502,0.0,0.95701,0.154863,0.969459,0.939851,0.1604,Region I (Incident/Reflected)
"Over-Barrier Resonant (E=7.5, V0=5.0)",7.5,5.0,1.5,0.985389,0.014611,-1.51,0.0,0.884038,0.302564,0.934381,0.873068,0.3298,Region I (Incident/Reflected)
"Over-Barrier Resonant (E=7.5, V0=5.0)",7.5,5.0,1.5,0.985389,0.014611,-1.4699,0.0,0.789721,0.442959,0.905468,0.819871,0.5112,Region I (Incident/Reflected)
"Over-Barrier Resonant (E=7.5, V0=5.0)",7.5,5.0,1.5,0.985389,0.014611,-1.4297,0.0,0.676336,0.572659,0.886211,0.785369,0.7026,Region I (Incident/Reflected)
"Over-Barrier Resonant (E=7.5, V0=5.0)",7.5,5.0,1.5,0.985389,0.014611,-1.3896,0.0,0.546622,0.688533,0.879132,0.772873,0.8998,Region I (Incident/Reflected)
"Over-Barrier Resonant (E=7.5, V0=5.0)",7.5,5.0,1.5,0.985389,0.014611,-1.3494,0.0,0.40371,0.787782,0.885202,0.783583,1.0972,Region I (Incident/Reflected)
"Over-Barrier Resonant (E=7.5, V0=5.0)",7.5,5.0,1.5,0.985389,0.014611,-1.3092,0.0,0.251051,0.868011,0.903587,0.81647,1.2893,Region I (Incident/Reflected)
"Over-Barrier Resonant (E=7.5, V0=5.0)",7.5,5.0,1.5,0.985389,0.014611,-1.2691,0.0,0.09233,0.927282,0.931868,0.868377,1.4716,Region I (Incident/Reflected)
"Over-Barrier Resonant (E=7.5, V0=5.0)",7.5,5.0,1.5,0.985389,0.014611,-1.2289,0.0,-0.06862,0.964165,0.966604,0.934323,1.6418,Region I (Incident/Reflected)
"Over-Barrier Resonant (E=7.5, V0=5.0)",7.5,5.0,1.5,0.985389,0.014611,-1.1888,0.0,-0.227914,0.977768,1.00398,1.007975,1.7998,Region I (Incident/Reflected)
"Over-Barrier Resonant (E=7.5, V0=5.0)",7.5,5.0,1.5,0.985389,0.014611,-1.1486,0.0,-0.381704,0.967764,1.04032,1.082265,1.9465,Region I (Incident/Reflected)
"Over-Barrier Resonant (E=7.5, V0=5.0)",7.5,5.0,1.5,0.985389,0.014611,-1.1084,0.0,-0.526278,0.934393,1.072409,1.15006,2.0837,Region I (Incident/Reflected)
"Over-Barrier Resonant (E=7.5, V0=5.0)",7.5,5.0,1.5,0.985389,0.014611,-1.0683,0.0,-0.658146,0.878463,1.097658,1.204853,2.2138,Region I (Incident/Reflected)
"Over-Barrier Resonant (E=7.5, V0=5.0)",7.5,5.0,1.5,0.985389,0.014611,-1.0281,0.0,-0.774123,0.801322,1.114174,1.241384,2.3389,Region I (Incident/Reflected)
"Over-Barrier Resonant (E=7.5, V0=5.0)",7.5,5.0,1.5,0.985389,0.014611,-0.988,0.0,-0.87141,0.704834,1.120779,1.256146,2.4615,Region I (Incident/Reflected)
"Over-Barrier Resonant (E=7.5, V0=5.0)",7.5,5.0,1.5,0.985389,0.014611,-0.9478,0.0,-0.947657,0.591328,1.117015,1.247722,2.5837,Region I (Incident/Reflected)
"Over-Barrier Resonant (E=7.5, V0=5.0)",7.5,5.0,1.5,0.985389,0.014611,-0.9076,0.0,-1.001023,0.463544,1.103141,1.21692,2.7079,Region I (Incident/Reflected)
"Over-Barrier Resonant (E=7.5, V0=5.0)",7.5,5.0,1.5,0.985389,0.014611,-0.8675,0.0,-1.03022,0.324569,1.080138,1.166698,2.8364,Region I (Incident/Reflected)
"Over-Barrier Resonant (E=7.5, V0=5.0)",7.5,5.0,1.5,0.985389,0.014611,-0.8273,0.0,-1.034543,0.177757,1.049703,1.101876,2.9714,Region I (Incident/Reflected)
"Over-Barrier Resonant (E=7.5, V0=5.0)",7.5,5.0,1.5,0.985389,0.014611,-0.7871,0.0,-1.013887,0.026654,1.014238,1.028678,3.1153,Region I (Incident/Reflected)
"Over-Barrier Resonant (E=7.5, V0=5.0)",7.5,5.0,1.5,0.985389,0.014611,-0.747,0.0,-0.968752,-0.125094,0.976795,0.954129,-3.0132,Region I (Incident/Reflected)
"Over-Barrier Resonant (E=7.5, V0=5.0)",7.5,5.0,1.5,0.985389,0.014611,-0.7068,0.0,-0.900227,-0.27382,0.94095,0.885386,-2.8463,Region I (Incident/Reflected)
"Over-Barrier Resonant (E=7.5, V0=5.0)",7.5,5.0,1.5,0.985389,0.014611,-0.6667,0.0,-0.809966,-0.415936,0.910521,0.829048,-2.6672,Region I (Incident/Reflected)
"Over-Barrier Resonant (E=7.5, V0=5.0)",7.5,5.0,1.5,0.985389,0.014611,-0.6265,0.0,-0.700149,-0.548009,0.889114,0.790523,-2.4775,Region I (Incident/Reflected)
"Over-Barrier Resonant (E=7.5, V0=5.0)",7.5,5.0,1.5,0.985389,0.014611,-0.5863,0.0,-0.573428,-0.666851,0.879494,0.77351,-2.281,Region I (Incident/Reflected)
"Over-Barrier Resonant (E=7.5, V0=5.0)",7.5,5.0,1.5,0.985389,0.014611,-0.5462,0.0,-0.432861,-0.769592,0.882973,0.779641,-2.0832,Region I (Incident/Reflected)
"Over-Barrier Resonant (E=7.5, V0=5.0)",7.5,5.0,1.5,0.985389,0.014611,-0.506,0.0,-0.281844,-0.853752,0.899071,0.808328,-1.8897,Region I (Incident/Reflected)
"Over-Barrier Resonant (E=7.5, V0=5.0)",7.5,5.0,1.5,0.985389,0.014611,-0.4659,0.0,-0.124021,-0.917298,0.925644,0.856817,-1.7052,Region I (Incident/Reflected)
"Over-Barrier Resonant (E=7.5, V0=5.0)",7.5,5.0,1.5,0.985389,0.014611,-0.4257,0.0,0.036796,-0.958697,0.959403,0.920453,-1.5324,Region I (Incident/Reflected)
"Over-Barrier Resonant (E=7.5, V0=5.0)",7.5,5.0,1.5,0.985389,0.014611,-0.3855,0.0,0.196725,-0.976948,0.996558,0.993129,-1.3721,Region I (Incident/Reflected)
"Over-Barrier Resonant (E=7.5, V0=5.0)",7.5,5.0,1.5,0.985389,0.014611,-0.3454,0.0,0.351904,-0.971612,1.033376,1.067866,-1.2233,Region I (Incident/Reflected)
"Over-Barrier Resonant (E=7.5, V0=5.0)",7.5,5.0,1.5,0.985389,0.014611,-0.3052,0.0,0.498586,-0.942817,1.066532,1.137491,-1.0844,Region I (Incident/Reflected)
"Over-Barrier Resonant (E=7.5, V0=5.0)",7.5,5.0,1.5,0.985389,0.014611,-0.2651,0.0,0.633231,-0.891257,1.093307,1.195321,-0.9531,Region I (Incident/Reflected)
"Over-Barrier Resonant (E=7.5, V0=5.0)",7.5,5.0,1.5,0.985389,0.014611,-0.2249,0.0,0.752586,-0.81818,1.111667,1.235803,-0.8271,Region I (Incident/Reflected)
"Over-Barrier Resonant (E=7.5, V0=5.0)",7.5,5.0,1.5,0.985389,0.014611,-0.1847,0.0,0.85377,-0.725347,1.120291,1.255052,-0.7043,Region I (Incident/Reflected)
"Over-Barrier Resonant (E=7.5, V0=5.0)",7.5,5.0,1.5,0.985389,0.014611,-0.1446,0.0,0.934341,-0.615001,1.11858,1.25122,-0.5821,Region I (Incident/Reflected)
"Over-Barrier Resonant (E=7.5, V0=5.0)",7.5,5.0,1.5,0.985389,0.014611,-0.1044,0.0,0.992353,-0.489807,1.10665,1.224675,-0.4585,Region I (Incident/Reflected)
"Over-Barrier Resonant (E=7.5, V0=5.0)",7.5,5.0,1.5,0.985389,0.014611,-0.0643,0.0,1.026405,-0.352787,1.085341,1.177965,-0.3311,Region I (Incident/Reflected)
"Over-Barrier Resonant (E=7.5, V0=5.0)",7.5,5.0,1.5,0.985389,0.014611,-0.0241,0.0,1.035675,-0.207248,1.056207,1.115574,-0.1975,Region I (Incident/Reflected)
"Over-Barrier Resonant (E=7.5, V0=5.0)",7.5,5.0,1.5,0.985389,0.014611,0.0161,5.0,1.021263,-0.056831,1.022843,1.046208,-0.0556,Region II (Barrier)
"Over-Barrier Resonant (E=7.5, V0=5.0)",7.5,5.0,1.5,0.985389,0.014611,0.0562,5.0,0.995626,0.094471,1.000097,1.000195,0.0946,Region II (Barrier)
"Over-Barrier Resonant (E=7.5, V0=5.0)",7.5,5.0,1.5,0.985389,0.014611,0.0964,5.0,0.961964,0.245013,0.992676,0.985406,0.2494,Region II (Barrier)
"Over-Barrier Resonant (E=7.5, V0=5.0)",7.5,5.0,1.5,0.985389,0.014611,0.1365,5.0,0.92055,0.39358,1.001158,1.002318,0.404,Region II (Barrier)
"Over-Barrier Resonant (E=7.5, V0=5.0)",7.5,5.0,1.5,0.985389,0.014611,0.1767,5.0,0.871718,0.538975,1.024883,1.050386,0.5538,Region II (Barrier)
"Over-Barrier Resonant (E=7.5, V0=5.0)",7.5,5.0,1.5,0.985389,0.014611,0.2169,5.0,0.81586,0.680026,1.062103,1.128064,0.6948,Region II (Barrier)
"Over-Barrier Resonant (E=7.5, V0=5.0)",7.5,5.0,1.5,0.985389,0.014611,0.257,5.0,0.753428,0.815597,1.110339,1.232852,0.825,Region II (Barrier)
"Over-Barrier Resonant (E=7.5, V0=5.0)",7.5,5.0,1.5,0.985389,0.014611,0.2972,5.0,0.684923,0.944595,1.166782,1.361381,0.9434,Region II (Barrier)
"Over-Barrier Resonant (E=7.5, V0=5.0)",7.5,5.0,1.5,0.985389,0.014611,0.3373,5.0,0.610899,1.065981,1.228623,1.509514,1.0504,Region II (Barrier)
"Over-Barrier Resonant (E=7.5, V0=5.0)",7.5,5.0,1.5,0.985389,0.014611,0.3775,5.0,0.531952,1.178776,1.293246,1.672486,1.1469,Region II (Barrier)
"Over-Barrier Resonant (E=7.5, V0=5.0)",7.5,5.0,1.5,0.985389,0.014611,0.4177,5.0,0.448717,1.282072,1.358328,1.845055,1.2341,Region II (Barrier)
"Over-Barrier Resonant (E=7.5, V0=5.0)",7.5,5.0,1.5,0.985389,0.014611,0.4578,5.0,0.361867,1.375035,1.421854,2.021668,1.3135,Region II (Barrier)
"Over-Barrier Resonant (E=7.5, V0=5.0)",7.5,5.0,1.5,0.985389,0.014611,0.498,5.0,0.2721,1.456917,1.482108,2.196644,1.3862,Region II (Barrier)
"Over-Barrier Resonant (E=7.5, V0=5.0)",7.5,5.0,1.5,0.985389,0.014611,0.5382,5.0,0.18014,1.527057,1.537646,2.364354,1.4534,Region II (Barrier)
"Over-Barrier Resonant (E=7.5, V0=5.0)",7.5,5.0,1.5,0.985389,0.014611,0.5783,5.0,0.086729,1.584891,1.587262,2.519402,1.5161,Region II (Barrier)
"Over-Barrier Resonant (E=7.5, V0=5.0)",7.5,5.0,1.5,0.985389,0.014611,0.6185,5.0,-0.007382,1.629953,1.629969,2.6568,1.5753,Region II (Barrier)
"Over-Barrier Resonant (E=7.5, V0=5.0)",7.5,5.0,1.5,0.985389,0.014611,0.6586,5.0,-0.101432,1.661878,1.664971,2.772129,1.6318,Region II (Barrier)
"Over-Barrier Resonant (E=7.5, V0=5.0)",7.5,5.0,1.5,0.985389,0.014611,0.6988,5.0,-0.194666,1.680411,1.691649,2.861677,1.6861,Region II (Barrier)
"Over-Barrier Resonant (E=7.5, V0=5.0)",7.5,5.0,1.5,0.985389,0.014611,0.739,5.0,-0.286331,1.685402,1.709551,2.922563,1.7391,Region II (Barrier)
"Over-Barrier Resonant (E=7.5, V0=5.0)",7.5,5.0,1.5,0.985389,0.014611,0.7791,5.0,-0.375688,1.676809,1.71838,2.952831,1.7912,Region II (Barrier)
"Over-Barrier Resonant (E=7.5, V0=5.0)",7.5,5.0,1.5,0.985389,0.014611,0.8193,5.0,-0.462017,1.654704,1.717994,2.951504,1.8431,Region II (Barrier)
"Over-Barrier Resonant (E=7.5, V0=5.0)",7.5,5.0,1.5,0.985389,0.014611,0.8594,5.0,-0.544623,1.619263,1.708399,2.918627,1.8953,Region II (Barrier)
"Over-Barrier Resonant (E=7.5, V0=5.0)",7.5,5.0,1.5,0.985389,0.014611,0.8996,5.0,-0.62284,1.570772,1.68975,2.855256,1.9483,Region II (Barrier)
"Over-Barrier Resonant (E=7.5, V0=5.0)",7.5,5.0,1.5,0.985389,0.014611,0.9398,5.0,-0.696038,1.509623,1.662357,2.763431,2.0028,Region II (Barrier)
"Over-Barrier Resonant (E=7.5, V0=5.0)",7.5,5.0,1.5,0.985389,0.014611,0.9799,5.0,-0.763626,1.436308,1.626685,2.646105,2.0594,Region II (Barrier)
"Over-Barrier Resonant (E=7.5, V0=5.0)",7.5,5.0,1.5,0.985389,0.014611,1.0201,5.0,-0.82506,1.351418,1.583368,2.507054,2.1189,Region II (Barrier)
"Over-Barrier Resonant (E=7.5, V0=5.0)",7.5,5.0,1.5,0.985389,0.014611,1.0602,5.0,-0.879845,1.255636,1.533216,2.35075,2.182,Region II (Barrier)
"Over-Barrier Resonant (E=7.5, V0=5.0)",7.5,5.0,1.5,0.985389,0.014611,1.1004,5.0,-0.92754,1.149736,1.477235,2.182222,2.2496,Region II (Barrier)
"Over-Barrier Resonant (E=7.5, V0=5.0)",7.5,5.0,1.5,0.985389,0.014611,1.1406,5.0,-0.967759,1.034569,1.416648,2.006891,2.3228,Region II (Barrier)
"Over-Barrier Resonant (E=7.5, V0=5.0)",7.5,5.0,1.5,0.985389,0.014611,1.1807,5.0,-1.000179,0.911066,1.352922,1.830399,2.4028,Region II (Barrier)
"Over-Barrier Resonant (E=7.5, V0=5.0)",7.5,5.0,1.5,0.985389,0.014611,1.2209,5.0,-1.024539,0.78022,1.287798,1.658423,2.4908,Region II (Barrier)
"Over-Barrier Resonant (E=7.5, V0=5.0)",7.5,5.0,1.5,0.985389,0.014611,1.261,5.0,-1.040642,0.643086,1.223313,1.496496,2.5881,Region II (Barrier)
"Over-Barrier Resonant (E=7.5, V0=5.0)",7.5,5.0,1.5,0.985389,0.014611,1.3012,5.0,-1.048359,0.500769,1.16182,1.349826,2.696,Region II (Barrier)
"Over-Barrier Resonant (E=7.5, V0=5.0)",7.5,5.0,1.5,0.985389,0.014611,1.3414,5.0,-1.047627,0.354417,1.105954,1.223133,2.8154,Region II (Barrier)
"Over-Barrier Resonant (E=7.5, V0=5.0)",7.5,5.0,1.5,0.985389,0.014611,1.3815,5.0,-1.038452,0.205209,1.058533,1.120493,2.9465,Region II (Barrier)
"Over-Barrier Resonant (E=7.5, V0=5.0)",7.5,5.0,1.5,0.985389,0.014611,1.4217,5.0,-1.020908,0.054347,1.022354,1.045207,3.0884,Region II (Barrier)
"Over-Barrier Resonant (E=7.5, V0=5.0)",7.5,5.0,1.5,0.985389,0.014611,1.4618,5.0,-0.995137,-0.096953,0.999849,0.999697,-3.0445,Region II (Barrier)
"Over-Barrier Resonant (E=7.5, V0=5.0)",7.5,5.0,1.5,0.985389,0.014611,1.502,0.0,-0.961326,-0.247467,0.992667,0.985389,-2.8896,Region III (Transmitted)
"Over-Barrier Resonant (E=7.5, V0=5.0)",7.5,5.0,1.5,0.985389,0.014611,1.5422,0.0,-0.911385,-0.393404,0.992667,0.985389,-2.7341,Region III (Transmitted)
"Over-Barrier Resonant (E=7.5, V0=5.0)",7.5,5.0,1.5,0.985389,0.014611,1.5823,0.0,-0.839438,-0.529842,0.992667,0.985389,-2.5786,Region III (Transmitted)
"Over-Barrier Resonant (E=7.5, V0=5.0)",7.5,5.0,1.5,0.985389,0.014611,1.6225,0.0,-0.747224,-0.653487,0.992667,0.985389,-2.423,Region III (Transmitted)
"Over-Barrier Resonant (E=7.5, V0=5.0)",7.5,5.0,1.5,0.985389,0.014611,1.6627,0.0,-0.636968,-0.761354,0.992667,0.985389,-2.2675,Region III (Transmitted)
"Over-Barrier Resonant (E=7.5, V0=5.0)",7.5,5.0,1.5,0.985389,0.014611,1.7028,0.0,-0.511333,-0.850839,0.992667,0.985389,-2.1119,Region III (Transmitted)
"Over-Barrier Resonant (E=7.5, V0=5.0)",7.5,5.0,1.5,0.985389,0.014611,1.743,0.0,-0.373353,-0.919781,0.992667,0.985389,-1.9564,Region III (Transmitted)
"Over-Barrier Resonant (E=7.5, V0=5.0)",7.5,5.0,1.5,0.985389,0.014611,1.7831,0.0,-0.226358,-0.966515,0.992667,0.985389,-1.8008,Region III (Transmitted)
"Over-Barrier Resonant (E=7.5, V0=5.0)",7.5,5.0,1.5,0.985389,0.014611,1.8233,0.0,-0.073897,-0.989913,0.992667,0.985389,-1.6453,Region III (Transmitted)
"Over-Barrier Resonant (E=7.5, V0=5.0)",7.5,5.0,1.5,0.985389,0.014611,1.8635,0.0,0.080347,-0.98941,0.992667,0.985389,-1.4898,Region III (Transmitted)
"Over-Barrier Resonant (E=7.5, V0=5.0)",7.5,5.0,1.5,0.985389,0.014611,1.9036,0.0,0.232652,-0.965019,0.992667,0.985389,-1.3342,Region III (Transmitted)
"Over-Barrier Resonant (E=7.5, V0=5.0)",7.5,5.0,1.5,0.985389,0.014611,1.9438,0.0,0.379339,-0.917328,0.992667,0.985389,-1.1787,Region III (Transmitted)
"Over-Barrier Resonant (E=7.5, V0=5.0)",7.5,5.0,1.5,0.985389,0.014611,1.9839,0.0,0.516868,-0.847488,0.992667,0.985389,-1.0231,Region III (Transmitted)
"Over-Barrier Resonant (E=7.5, V0=5.0)",7.5,5.0,1.5,0.985389,0.014611,2.0241,0.0,0.641917,-0.757187,0.992667,0.985389,-0.8676,Region III (Transmitted)
"Over-Barrier Resonant (E=7.5, V0=5.0)",7.5,5.0,1.5,0.985389,0.014611,2.0643,0.0,0.751467,-0.648603,0.992667,0.985389,-0.7121,Region III (Transmitted)
"Over-Barrier Resonant (E=7.5, V0=5.0)",7.5,5.0,1.5,0.985389,0.014611,2.1044,0.0,0.842873,-0.524359,0.992667,0.985389,-0.5565,Region III (Transmitted)
"Over-Barrier Resonant (E=7.5, V0=5.0)",7.5,5.0,1.5,0.985389,0.014611,2.1446,0.0,0.913929,-0.387455,0.992667,0.985389,-0.401,Region III (Transmitted)
"Over-Barrier Resonant (E=7.5, V0=5.0)",7.5,5.0,1.5,0.985389,0.014611,2.1847,0.0,0.962919,-0.241197,0.992667,0.985389,-0.2454,Region III (Transmitted)
"Over-Barrier Resonant (E=7.5, V0=5.0)",7.5,5.0,1.5,0.985389,0.014611,2.2249,0.0,0.988659,-0.089114,0.992667,0.985389,-0.0899,Region III (Transmitted)
"Over-Barrier Resonant (E=7.5, V0=5.0)",7.5,5.0,1.5,0.985389,0.014611,2.2651,0.0,0.990529,0.06512,0.992667,0.985389,0.0656,Region III (Transmitted)
"Over-Barrier Resonant (E=7.5, V0=5.0)",7.5,5.0,1.5,0.985389,0.014611,2.3052,0.0,0.968483,0.217782,0.992667,0.985389,0.2212,Region III (Transmitted)
"Over-Barrier Resonant (E=7.5, V0=5.0)",7.5,5.0,1.5,0.985389,0.014611,2.3454,0.0,0.923054,0.365185,0.992667,0.985389,0.3767,Region III (Transmitted)
"Over-Barrier Resonant (E=7.5, V0=5.0)",7.5,5.0,1.5,0.985389,0.014611,2.3855,0.0,0.855338,0.503772,0.992667,0.985389,0.5323,Region III (Transmitted)
"Over-Barrier Resonant (E=7.5, V0=5.0)",7.5,5.0,1.5,0.985389,0.014611,2.4257,0.0,0.76697,0.630195,0.992667,0.985389,0.6878,Region III (Transmitted)
"Over-Barrier Resonant (E=7.5, V0=5.0)",7.5,5.0,1.5,0.985389,0.014611,2.4659,0.0,0.660084,0.741402,0.992667,0.985389,0.8434,Region III (Transmitted)
"Over-Barrier Resonant (E=7.5, V0=5.0)",7.5,5.0,1.5,0.985389,0.014611,2.506,0.0,0.537261,0.834709,0.992667,0.985389,0.9989,Region III (Transmitted)
"Over-Barrier Resonant (E=7.5, V0=5.0)",7.5,5.0,1.5,0.985389,0.014611,2.5462,0.0,0.401466,0.907862,0.992667,0.985389,1.1544,Region III (Transmitted)
"Over-Barrier Resonant (E=7.5, V0=5.0)",7.5,5.0,1.5,0.985389,0.014611,2.5863,0.0,0.255978,0.959095,0.992667,0.985389,1.31,Region III (Transmitted)
"Over-Barrier Resonant (E=7.5, V0=5.0)",7.5,5.0,1.5,0.985389,0.014611,2.6265,0.0,0.10431,0.987172,0.992667,0.985389,1.4655,Region III (Transmitted)
"Over-Barrier Resonant (E=7.5, V0=5.0)",7.5,5.0,1.5,0.985389,0.014611,2.6667,0.0,-0.049877,0.991414,0.992667,0.985389,1.6211,Region III (Transmitted)
"Over-Barrier Resonant (E=7.5, V0=5.0)",7.5,5.0,1.5,0.985389,0.014611,2.7068,0.0,-0.20286,0.971718,0.992667,0.985389,1.7766,Region III (Transmitted)
"Over-Barrier Resonant (E=7.5, V0=5.0)",7.5,5.0,1.5,0.985389,0.014611,2.747,0.0,-0.350945,0.928561,0.992667,0.985389,1.9321,Region III (Transmitted)
"Over-Barrier Resonant (E=7.5, V0=5.0)",7.5,5.0,1.5,0.985389,0.014611,2.7871,0.0,-0.490556,0.862985,0.992667,0.985389,2.0877,Region III (Transmitted)
"Over-Barrier Resonant (E=7.5, V0=5.0)",7.5,5.0,1.5,0.985389,0.014611,2.8273,0.0,-0.618324,0.776572,0.992667,0.985389,2.2432,Region III (Transmitted)
"Over-Barrier Resonant (E=7.5, V0=5.0)",7.5,5.0,1.5,0.985389,0.014611,2.8675,0.0,-0.731162,0.67141,0.992667,0.985389,2.3988,Region III (Transmitted)
"Over-Barrier Resonant (E=7.5, V0=5.0)",7.5,5.0,1.5,0.985389,0.014611,2.9076,0.0,-0.826347,0.550036,0.992667,0.985389,2.5543,Region III (Transmitted)
"Over-Barrier Resonant (E=7.5, V0=5.0)",7.5,5.0,1.5,0.985389,0.014611,2.9478,0.0,-0.90158,0.415383,0.992667,0.985389,2.7099,Region III (Transmitted)
"Over-Barrier Resonant (E=7.5, V0=5.0)",7.5,5.0,1.5,0.985389,0.014611,2.988,0.0,-0.955045,0.2707,0.992667,0.985389,2.8654,Region III (Transmitted)
"Over-Barrier Resonant (E=7.5, V0=5.0)",7.5,5.0,1.5,0.985389,0.014611,3.0281,0.0,-0.985451,0.119481,0.992667,0.985389,3.0209,Region III (Transmitted)
"Over-Barrier Resonant (E=7.5, V0=5.0)",7.5,5.0,1.5,0.985389,0.014611,3.0683,0.0,-0.992063,-0.034623,0.992667,0.985389,-3.1067,Region III (Transmitted)
"Over-Barrier Resonant (E=7.5, V0=5.0)",7.5,5.0,1.5,0.985389,0.014611,3.1084,0.0,-0.974723,-0.18789,0.992667,0.985389,-2.9512,Region III (Transmitted)
"Over-Barrier Resonant (E=7.5, V0=5.0)",7.5,5.0,1.5,0.985389,0.014611,3.1486,0.0,-0.933849,-0.336621,0.992667,0.985389,-2.7956,Region III (Transmitted)
"Over-Barrier Resonant (E=7.5, V0=5.0)",7.5,5.0,1.5,0.985389,0.014611,3.1888,0.0,-0.870428,-0.477225,0.992667,0.985389,-2.6401,Region III (Transmitted)
"Over-Barrier Resonant (E=7.5, V0=5.0)",7.5,5.0,1.5,0.985389,0.014611,3.2289,0.0,-0.785991,-0.606306,0.992667,0.985389,-2.4845,Region III (Transmitted)
"Over-Barrier Resonant (E=7.5, V0=5.0)",7.5,5.0,1.5,0.985389,0.014611,3.2691,0.0,-0.682576,-0.720749,0.992667,0.985389,-2.329,Region III (Transmitted)
"Over-Barrier Resonant (E=7.5, V0=5.0)",7.5,5.0,1.5,0.985389,0.014611,3.3092,0.0,-0.562681,-0.817789,0.992667,0.985389,-2.1735,Region III (Transmitted)
"Over-Barrier Resonant (E=7.5, V0=5.0)",7.5,5.0,1.5,0.985389,0.014611,3.3494,0.0,-0.4292,-0.895084,0.992667,0.985389,-2.0179,Region III (Transmitted)
"Over-Barrier Resonant (E=7.5, V0=5.0)",7.5,5.0,1.5,0.985389,0.014611,3.3896,0.0,-0.285357,-0.950768,0.992667,0.985389,-1.8624,Region III (Transmitted)
"Over-Barrier Resonant (E=7.5, V0=5.0)",7.5,5.0,1.5,0.985389,0.014611,3.4297,0.0,-0.134624,-0.983496,0.992667,0.985389,-1.7068,Region III (Transmitted)
"Over-Barrier Resonant (E=7.5, V0=5.0)",7.5,5.0,1.5,0.985389,0.014611,3.4699,0.0,0.01936,-0.992479,0.992667,0.985389,-1.5513,Region III (Transmitted)
"Over-Barrier Resonant (E=7.5, V0=5.0)",7.5,5.0,1.5,0.985389,0.014611,3.51,0.0,0.172876,-0.977498,0.992667,0.985389,-1.3958,Region III (Transmitted)
"Over-Barrier Resonant (E=7.5, V0=5.0)",7.5,5.0,1.5,0.985389,0.014611,3.5502,0.0,0.322218,-0.938916,0.992667,0.985389,-1.2402,Region III (Transmitted)
"Over-Barrier Resonant (E=7.5, V0=5.0)",7.5,5.0,1.5,0.985389,0.014611,3.5904,0.0,0.463781,-0.877665,0.992667,0.985389,-1.0847,Region III (Transmitted)
"Over-Barrier Resonant (E=7.5, V0=5.0)",7.5,5.0,1.5,0.985389,0.014611,3.6305,0.0,0.594145,-0.795223,0.992667,0.985389,-0.9291,Region III (Transmitted)
"Over-Barrier Resonant (E=7.5, V0=5.0)",7.5,5.0,1.5,0.985389,0.014611,3.6707,0.0,0.710165,-0.693581,0.992667,0.985389,-0.7736,Region III (Transmitted)
"Over-Barrier Resonant (E=7.5, V0=5.0)",7.5,5.0,1.5,0.985389,0.014611,3.7108,0.0,0.809038,-0.575193,0.992667,0.985389,-0.618,Region III (Transmitted)
"Over-Barrier Resonant (E=7.5, V0=5.0)",7.5,5.0,1.5,0.985389,0.014611,3.751,0.0,0.888377,-0.442917,0.992667,0.985389,-0.4625,Region III (Transmitted)
"Over-Barrier Resonant (E=7.5, V0=5.0)",7.5,5.0,1.5,0.985389,0.014611,3.7912,0.0,0.946267,-0.299947,0.992667,0.985389,-0.307,Region III (Transmitted)
"Over-Barrier Resonant (E=7.5, V0=5.0)",7.5,5.0,1.5,0.985389,0.014611,3.8313,0.0,0.981309,-0.149735,0.992667,0.985389,-0.1514,Region III (Transmitted)
"Over-Barrier Resonant (E=7.5, V0=5.0)",7.5,5.0,1.5,0.985389,0.014611,3.8715,0.0,0.992659,0.004093,0.992667,0.985389,0.0041,Region III (Transmitted)
"Over-Barrier Resonant (E=7.5, V0=5.0)",7.5,5.0,1.5,0.985389,0.014611,3.9116,0.0,0.980041,0.157821,0.992667,0.985389,0.1597,Region III (Transmitted)
"Over-Barrier Resonant (E=7.5, V0=5.0)",7.5,5.0,1.5,0.985389,0.014611,3.9518,0.0,0.943761,0.307739,0.992667,0.985389,0.3152,Region III (Transmitted)
"Over-Barrier Resonant (E=7.5, V0=5.0)",7.5,5.0,1.5,0.985389,0.014611,3.992,0.0,0.884695,0.450227,0.992667,0.985389,0.4707,Region III (Transmitted)
"Over-Barrier Resonant (E=7.5, V0=5.0)",7.5,5.0,1.5,0.985389,0.014611,4.0321,0.0,0.804267,0.581844,0.992667,0.985389,0.6263,Region III (Transmitted)
"Over-Barrier Resonant (E=7.5, V0=5.0)",7.5,5.0,1.5,0.985389,0.014611,4.0723,0.0,0.704422,0.699413,0.992667,0.985389,0.7818,Region III (Transmitted)
"Over-Barrier Resonant (E=7.5, V0=5.0)",7.5,5.0,1.5,0.985389,0.014611,4.1124,0.0,0.587568,0.800095,0.992667,0.985389,0.9374,Region III (Transmitted)
"Over-Barrier Resonant (E=7.5, V0=5.0)",7.5,5.0,1.5,0.985389,0.014611,4.1526,0.0,0.456528,0.881459,0.992667,0.985389,1.0929,Region III (Transmitted)
"Over-Barrier Resonant (E=7.5, V0=5.0)",7.5,5.0,1.5,0.985389,0.014611,4.1928,0.0,0.314465,0.941541,0.992667,0.985389,1.2485,Region III (Transmitted)
"Over-Barrier Resonant (E=7.5, V0=5.0)",7.5,5.0,1.5,0.985389,0.014611,4.2329,0.0,0.16481,0.97889,0.992667,0.985389,1.404,Region III (Transmitted)
"Over-Barrier Resonant (E=7.5, V0=5.0)",7.5,5.0,1.5,0.985389,0.014611,4.2731,0.0,0.011176,0.992604,0.992667,0.985389,1.5595,Region III (Transmitted)
"Over-Barrier Resonant (E=7.5, V0=5.0)",7.5,5.0,1.5,0.985389,0.014611,4.3133,0.0,-0.142729,0.982353,0.992667,0.985389,1.7151,Region III (Transmitted)
"Over-Barrier Resonant (E=7.5, V0=5.0)",7.5,5.0,1.5,0.985389,0.014611,4.3534,0.0,-0.293187,0.948383,0.992667,0.985389,1.8706,Region III (Transmitted)
"Over-Barrier Resonant (E=7.5, V0=5.0)",7.5,5.0,1.5,0.985389,0.014611,4.3936,0.0,-0.436566,0.891515,0.992667,0.985389,2.0262,Region III (Transmitted)
"Over-Barrier Resonant (E=7.5, V0=5.0)",7.5,5.0,1.5,0.985389,0.014611,4.4337,0.0,-0.569405,0.813121,0.992667,0.985389,2.1817,Region III (Transmitted)
"Over-Barrier Resonant (E=7.5, V0=5.0)",7.5,5.0,1.5,0.985389,0.014611,4.4739,0.0,-0.688496,0.715096,0.992667,0.985389,2.3372,Region III (Transmitted)
"Over-Barrier Resonant (E=7.5, V0=5.0)",7.5,5.0,1.5,0.985389,0.014611,4.5141,0.0,-0.790963,0.599805,0.992667,0.985389,2.4928,Region III (Transmitted)
"Over-Barrier Resonant (E=7.5, V0=5.0)",7.5,5.0,1.5,0.985389,0.014611,4.5542,0.0,-0.874333,0.470032,0.992667,0.985389,2.6483,Region III (Transmitted)
"Over-Barrier Resonant (E=7.5, V0=5.0)",7.5,5.0,1.5,0.985389,0.014611,4.5944,0.0,-0.936593,0.32891,0.992667,0.985389,2.8039,Region III (Transmitted)
"Over-Barrier Resonant (E=7.5, V0=5.0)",7.5,5.0,1.5,0.985389,0.014611,4.6345,0.0,-0.97624,0.179847,0.992667,0.985389,2.9594,Region III (Transmitted)
"Over-Barrier Resonant (E=7.5, V0=5.0)",7.5,5.0,1.5,0.985389,0.014611,4.6747,0.0,-0.992315,0.026441,0.992667,0.985389,3.115,Region III (Transmitted)
"Over-Barrier Resonant (E=7.5, V0=5.0)",7.5,5.0,1.5,0.985389,0.014611,4.7149,0.0,-0.984432,-0.127602,0.992667,0.985389,-3.0127,Region III (Transmitted)
"Over-Barrier Resonant (E=7.5, V0=5.0)",7.5,5.0,1.5,0.985389,0.014611,4.755,0.0,-0.95278,-0.278565,0.992667,0.985389,-2.8571,Region III (Transmitted)
"Over-Barrier Resonant (E=7.5, V0=5.0)",7.5,5.0,1.5,0.985389,0.014611,4.7952,0.0,-0.898124,-0.422802,0.992667,0.985389,-2.7016,Region III (Transmitted)
"Over-Barrier Resonant (E=7.5, V0=5.0)",7.5,5.0,1.5,0.985389,0.014611,4.8353,0.0,-0.821783,-0.556831,0.992667,0.985389,-2.5461,Region III (Transmitted)
"Over-Barrier Resonant (E=7.5, V0=5.0)",7.5,5.0,1.5,0.985389,0.014611,4.8755,0.0,-0.725601,-0.677416,0.992667,0.985389,-2.3905,Region III (Transmitted)
"Over-Barrier Resonant (E=7.5, V0=5.0)",7.5,5.0,1.5,0.985389,0.014611,4.9157,0.0,-0.611899,-0.781644,0.992667,0.985389,-2.235,Region III (Transmitted)
"Over-Barrier Resonant (E=7.5, V0=5.0)",7.5,5.0,1.5,0.985389,0.014611,4.9558,0.0,-0.483424,-0.867,0.992667,0.985389,-2.0794,Region III (Transmitted)
"Over-Barrier Resonant (E=7.5, V0=5.0)",7.5,5.0,1.5,0.985389,0.014611,4.996,0.0,-0.343276,-0.931424,0.992667,0.985389,-1.9239,Region III (Transmitted)
"Over-Barrier Resonant (E=7.5, V0=5.0)",7.5,5.0,1.5,0.985389,0.014611,5.0361,0.0,-0.194841,-0.973358,0.992667,0.985389,-1.7684,Region III (Transmitted)
"Over-Barrier Resonant (E=7.5, V0=5.0)",7.5,5.0,1.5,0.985389,0.014611,5.0763,0.0,-0.041701,-0.991791,0.992667,0.985389,-1.6128,Region III (Transmitted)
"Over-Barrier Resonant (E=7.5, V0=5.0)",7.5,5.0,1.5,0.985389,0.014611,5.1165,0.0,0.112446,-0.986278,0.992667,0.985389,-1.4573,Region III (Transmitted)
"Over-Barrier Resonant (E=7.5, V0=5.0)",7.5,5.0,1.5,0.985389,0.014611,5.1566,0.0,0.263878,-0.956952,0.992667,0.985389,-1.3017,Region III (Transmitted)
"Over-Barrier Resonant (E=7.5, V0=5.0)",7.5,5.0,1.5,0.985389,0.014611,5.1968,0.0,0.408939,-0.904521,0.992667,0.985389,-1.1462,Region III (Transmitted)
"Over-Barrier Resonant (E=7.5, V0=5.0)",7.5,5.0,1.5,0.985389,0.014611,5.2369,0.0,0.544126,-0.83025,0.992667,0.985389,-0.9907,Region III (Transmitted)
"Over-Barrier Resonant (E=7.5, V0=5.0)",7.5,5.0,1.5,0.985389,0.014611,5.2771,0.0,0.666175,-0.735934,0.992667,0.985389,-0.8351,Region III (Transmitted)
"Over-Barrier Resonant (E=7.5, V0=5.0)",7.5,5.0,1.5,0.985389,0.014611,5.3173,0.0,0.77214,-0.623849,0.992667,0.985389,-0.6796,Region III (Transmitted)
"Over-Barrier Resonant (E=7.5, V0=5.0)",7.5,5.0,1.5,0.985389,0.014611,5.3574,0.0,0.859463,-0.496702,0.992667,0.985389,-0.524,Region III (Transmitted)
"Over-Barrier Resonant (E=7.5, V0=5.0)",7.5,5.0,1.5,0.985389,0.014611,5.3976,0.0,0.926034,-0.357562,0.992667,0.985389,-0.3685,Region III (Transmitted)
"Over-Barrier Resonant (E=7.5, V0=5.0)",7.5,5.0,1.5,0.985389,0.014611,5.4378,0.0,0.970246,-0.209789,0.992667,0.985389,-0.2129,Region III (Transmitted)
"Over-Barrier Resonant (E=7.5, V0=5.0)",7.5,5.0,1.5,0.985389,0.014611,5.4779,0.0,0.991032,-0.05695,0.992667,0.985389,-0.0574,Region III (Transmitted)
"Over-Barrier Resonant (E=7.5, V0=5.0)",7.5,5.0,1.5,0.985389,0.014611,5.5181,0.0,0.987891,0.097263,0.992667,0.985389,0.0981,Region III (Transmitted)
"Over-Barrier Resonant (E=7.5, V0=5.0)",7.5,5.0,1.5,0.985389,0.014611,5.5582,0.0,0.960897,0.249128,0.992667,0.985389,0.2537,Region III (Transmitted)
"Over-Barrier Resonant (E=7.5, V0=5.0)",7.5,5.0,1.5,0.985389,0.014611,5.5984,0.0,0.910703,0.394978,0.992667,0.985389,0.4092,Region III (Transmitted)
"Over-Barrier Resonant (E=7.5, V0=5.0)",7.5,5.0,1.5,0.985389,0.014611,5.6386,0.0,0.838521,0.531291,0.992667,0.985389,0.5648,Region III (Transmitted)
"Over-Barrier Resonant (E=7.5, V0=5.0)",7.5,5.0,1.5,0.985389,0.014611,5.6787,0.0,0.746093,0.654777,0.992667,0.985389,0.7203,Region III (Transmitted)
"Over-Barrier Resonant (E=7.5, V0=5.0)",7.5,5.0,1.5,0.985389,0.014611,5.7189,0.0,0.635652,0.762454,0.992667,0.985389,0.8758,Region III (Transmitted)
"Over-Barrier Resonant (E=7.5, V0=5.0)",7.5,5.0,1.5,0.985389,0.014611,5.759,0.0,0.509862,0.851721,0.992667,0.985389,1.0314,Region III (Transmitted)
"Over-Barrier Resonant (E=7.5, V0=5.0)",7.5,5.0,1.5,0.985389,0.014611,5.7992,0.0,0.371763,0.920424,0.992667,0.985389,1.1869,Region III (Transmitted)
"Over-Barrier Resonant (E=7.5, V0=5.0)",7.5,5.0,1.5,0.985389,0.014611,5.8394,0.0,0.224687,0.966904,0.992667,0.985389,1.3425,Region III (Transmitted)
"Over-Barrier Resonant (E=7.5, V0=5.0)",7.5,5.0,1.5,0.985389,0.014611,5.8795,0.0,0.072186,0.990039,0.992667,0.985389,1.498,Region III (Transmitted)
"Over-Barrier Resonant (E=7.5, V0=5.0)",7.5,5.0,1.5,0.985389,0.014611,5.9197,0.0,-0.082057,0.98927,0.992667,0.985389,1.6536,Region III (Transmitted)
"Over-Barrier Resonant (E=7.5, V0=5.0)",7.5,5.0,1.5,0.985389,0.014611,5.9598,0.0,-0.234319,0.964615,0.992667,0.985389,1.8091,Region III (Transmitted)
"Over-Barrier Resonant (E=7.5, V0=5.0)",7.5,5.0,1.5,0.985389,0.014611,6.0,0.0,-0.380924,0.916671,0.992667,0.985389,1.9646,Region III (Transmitted)
"Thin Barrier (E=3.0, a=0.6)",3.0,5.0,0.6,0.296436,0.703564,-4.0,0.0,-1.363671,1.083265,1.741569,3.033061,2.4703,Region I (Incident/Reflected)
"Thin Barrier (E=3.0, a=0.6)",3.0,5.0,0.6,0.296436,0.703564,-3.9598,0.0,-1.3223,1.029051,1.675536,2.807421,2.4803,Region I (Incident/Reflected)
"Thin Barrier (E=3.0, a=0.6)",3.0,5.0,0.6,0.296436,0.703564,-3.9197,0.0,-1.268142,0.964886,1.593484,2.53919,2.4912,Region I (Incident/Reflected)
"Thin Barrier (E=3.0, a=0.6)",3.0,5.0,0.6,0.296436,0.703564,-3.8795,0.0,-1.201723,0.891391,1.496234,2.238716,2.5034,Region I (Incident/Reflected)
"Thin Barrier (E=3.0, a=0.6)",3.0,5.0,0.6,0.296436,0.703564,-3.8394,0.0,-1.123683,0.809278,1.384772,1.917594,2.5174,Region I (Incident/Reflected)
"Thin Barrier (E=3.0, a=0.6)",3.0,5.0,0.6,0.296436,0.703564,-3.7992,0.0,-1.034778,0.719338,1.260244,1.588214,2.5341,Region I (Incident/Reflected)
"Thin Barrier (E=3.0, a=0.6)",3.0,5.0,0.6,0.296436,0.703564,-3.759,0.0,-0.935868,0.622444,1.123959,1.263284,2.5547,Region I (Incident/Reflected)
"Thin Barrier (E=3.0, a=0.6)",3.0,5.0,0.6,0.296436,0.703564,-3.7189,0.0,-0.827908,0.51953,0.977416,0.955343,2.5812,Region I (Incident/Reflected)
"Thin Barrier (E=3.0, a=0.6)",3.0,5.0,0.6,0.296436,0.703564,-3.6787,0.0,-0.711942,0.411593,0.822357,0.676271,2.6174,Region I (Incident/Reflected)
"Thin Barrier (E=3.0, a=0.6)",3.0,5.0,0.6,0.296436,0.703564,-3.6386,0.0,-0.589093,0.299676,0.660936,0.436836,2.671,Region I (Incident/Reflected)
"Thin Barrier (E=3.0, a=0.6)",3.0,5.0,0.6,0.296436,0.703564,-3.5984,0.0,-0.460547,0.184862,0.496263,0.246277,2.7599,Region I (Incident/Reflected)
"Thin Barrier (E=3.0, a=0.6)",3.0,5.0,0.6,0.296436,0.703564,-3.5582,0.0,-0.327548,0.06826,0.334585,0.111947,2.9361,Region I (Incident/Reflected)
"Thin Barrier (E=3.0, a=0.6)",3.0,5.0,0.6,0.296436,0.703564,-3.5181,0.0,-0.191382,-0.049003,0.197555,0.039028,-2.8909,Region I (Incident/Reflected)
"Thin Barrier (E=3.0, a=0.6)",3.0,5.0,0.6,0.296436,0.703564,-3.4779,0.0,-0.053365,-0.165791,0.174168,0.030334,-1.8822,Region I (Incident/Reflected)
"Thin Barrier (E=3.0, a=0.6)",3.0,5.0,0.6,0.296436,0.703564,-3.4378,0.0,0.085168,-0.280976,0.2936,0.086201,-1.2765,Region I (Incident/Reflected)
"Thin Barrier (E=3.0, a=0.6)",3.0,5.0,0.6,0.296436,0.703564,-3.3976,0.0,0.222877,-0.393444,0.452187,0.204473,-1.0554,Region I (Incident/Reflected)
"Thin Barrier (E=3.0, a=0.6)",3.0,5.0,0.6,0.296436,0.703564,-3.3574,0.0,0.358431,-0.502108,0.616916,0.380586,-0.9508,Region I (Incident/Reflected)
"Thin Barrier (E=3.0, a=0.6)",3.0,5.0,0.6,0.296436,0.703564,-3.3173,0.0,0.49052,-0.605917,0.77958,0.607745,-0.8903,Region I (Incident/Reflected)
"Thin Barrier (E=3.0, a=0.6)",3.0,5.0,0.6,0.296436,0.703564,-3.2771,0.0,0.617865,-0.703867,0.936582,0.877186,-0.8504,Region I (Incident/Reflected)
"Thin Barrier (E=3.0, a=0.6)",3.0,5.0,0.6,0.296436,0.703564,-3.2369,0.0,0.739236,-0.795011,1.085593,1.178512,-0.8217,Region I (Incident/Reflected)
"Thin Barrier (E=3.0, a=0.6)",3.0,5.0,0.6,0.296436,0.703564,-3.1968,0.0,0.853459,-0.878468,1.224784,1.500097,-0.7998,Region I (Incident/Reflected)
"Thin Barrier (E=3.0, a=0.6)",3.0,5.0,0.6,0.296436,0.703564,-3.1566,0.0,0.959429,-0.95343,1.352602,1.829532,-0.7823,Region I (Incident/Reflected)
"Thin Barrier (E=3.0, a=0.6)",3.0,5.0,0.6,0.296436,0.703564,-3.1165,0.0,1.056122,-1.019173,1.467688,2.154108,-0.7676,Region I (Incident/Reflected)
"Thin Barrier (E=3.0, a=0.6)",3.0,5.0,0.6,0.296436,0.703564,-3.0763,0.0,1.142603,-1.075061,1.568853,2.461299,-0.755,Region I (Incident/Reflected)
"Thin Barrier (E=3.0, a=0.6)",3.0,5.0,0.6,0.296436,0.703564,-3.0361,0.0,1.218036,-1.120554,1.655069,2.739253,-0.7437,Region I (Incident/Reflected)
"Thin Barrier (E=3.0, a=0.6)",3.0,5.0,0.6,0.296436,0.703564,-2.996,0.0,1.281691,-1.155212,1.72547,2.977246,-0.7335,Region I (Incident/Reflected)
"Thin Barrier (E=3.0, a=0.6)",3.0,5.0,0.6,0.296436,0.703564,-2.9558,0.0,1.332952,-1.1787,1.779352,3.166095,-0.7241,Region I (Incident/Reflected)
"Thin Barrier (E=3.0, a=0.6)",3.0,5.0,0.6,0.296436,0.703564,-2.9157,0.0,1.371325,-1.19079,1.816181,3.298513,-0.7151,Region I (Incident/Reflected)
"Thin Barrier (E=3.0, a=0.6)",3.0,5.0,0.6,0.296436,0.703564,-2.8755,0.0,1.396438,-1.191366,1.83559,3.369391,-0.7063,Region I (Incident/Reflected)
"Thin Barrier (E=3.0, a=0.6)",3.0,5.0,0.6,0.296436,0.703564,-2.8353,0.0,1.408048,-1.180422,1.837388,3.375994,-0.6977,Region I (Incident/Reflected)
"Thin Barrier (E=3.0, a=0.6)",3.0,5.0,0.6,0.296436,0.703564,-2.7952,0.0,1.406043,-1.158064,1.821556,3.318068,-0.689,Region I (Incident/Reflected)
"Thin Barrier (E=3.0, a=0.6)",3.0,5.0,0.6,0.296436,0.703564,-2.755,0.0,1.390442,-1.124508,1.788252,3.197847,-0.68,Region I (Incident/Reflected)
"Thin Barrier (E=3.0, a=0.6)",3.0,5.0,0.6,0.296436,0.703564,-2.7149,0.0,1.361396,-1.080079,1.737806,3.01997,-0.6707,Region I (Incident/Reflected)
"Thin Barrier (E=3.0, a=0.6)",3.0,5.0,0.6,0.296436,0.703564,-2.6747,0.0,1.319187,-1.025206,1.670718,2.7913,-0.6607,Region I (Incident/Reflected)
"Thin Barrier (E=3.0, a=0.6)",3.0,5.0,0.6,0.296436,0.703564,-2.6345,0.0,1.264221,-0.960419,1.587659,2.520661,-0.6497,Region I (Incident/Reflected)
"Thin Barrier (E=3.0, a=0.6)",3.0,5.0,0.6,0.296436,0.703564,-2.5944,0.0,1.197032,-0.886346,1.489461,2.218495,-0.6374,Region I (Incident/Reflected)
"Thin Barrier (E=3.0, a=0.6)",3.0,5.0,0.6,0.296436,0.703564,-2.5542,0.0,1.118267,-0.803703,1.37712,1.89646,-0.6232,Region I (Incident/Reflected)
"Thin Barrier (E=3.0, a=0.6)",3.0,5.0,0.6,0.296436,0.703564,-2.5141,0.0,1.02869,-0.713288,1.251792,1.566982,-0.6063,Region I (Incident/Reflected)
"Thin Barrier (E=3.0, a=0.6)",3.0,5.0,0.6,0.296436,0.703564,-2.4739,0.0,0.929165,-0.615976,1.114798,1.242775,-0.5854,Region I (Incident/Reflected)
"Thin Barrier (E=3.0, a=0.6)",3.0,5.0,0.6,0.296436,0.703564,-2.4337,0.0,0.820657,-0.512708,0.96765,0.936347,-0.5584,Region I (Incident/Reflected)
"Thin Barrier (E=3.0, a=0.6)",3.0,5.0,0.6,0.296436,0.703564,-2.3936,0.0,0.704212,-0.404482,0.812109,0.659521,-0.5214,Region I (Incident/Reflected)
"Thin Barrier (E=3.0, a=0.6)",3.0,5.0,0.6,0.296436,0.703564,-2.3534,0.0,0.580959,-0.292345,0.650368,0.422979,-0.4662,Region I (Incident/Reflected)
"Thin Barrier (E=3.0, a=0.6)",3.0,5.0,0.6,0.296436,0.703564,-2.3133,0.0,0.452088,-0.177382,0.485642,0.235848,-0.3739,Region I (Incident/Reflected)
"Thin Barrier (E=3.0, a=0.6)",3.0,5.0,0.6,0.296436,0.703564,-2.2731,0.0,0.318845,-0.060703,0.324572,0.105347,-0.1881,Region I (Incident/Reflected)
"Thin Barrier (E=3.0, a=0.6)",3.0,5.0,0.6,0.296436,0.703564,-2.2329,0.0,0.18252,0.056563,0.191083,0.036513,0.3005,Region I (Incident/Reflected)
"Thin Barrier (E=3.0, a=0.6)",3.0,5.0,0.6,0.296436,0.703564,-2.1928,0.0,0.044429,0.173282,0.178887,0.032001,1.3198,Region I (Incident/Reflected)
"Thin Barrier (E=3.0, a=0.6)",3.0,5.0,0.6,0.296436,0.703564,-2.1526,0.0,-0.094091,0.288325,0.303289,0.091984,1.8862,Region I (Incident/Reflected)
"Thin Barrier (E=3.0, a=0.6)",3.0,5.0,0.6,0.296436,0.703564,-2.1124,0.0,-0.231701,0.400581,0.462764,0.21415,2.0952,Region I (Incident/Reflected)
"Thin Barrier (E=3.0, a=0.6)",3.0,5.0,0.6,0.296436,0.703564,-2.0723,0.0,-0.367071,0.508963,0.627522,0.393784,2.1956,Region I (Incident/Reflected)
"Thin Barrier (E=3.0, a=0.6)",3.0,5.0,0.6,0.296436,0.703564,-2.0321,0.0,-0.498891,0.612423,0.789908,0.623955,2.2544,Region I (Incident/Reflected)
"Thin Barrier (E=3.0, a=0.6)",3.0,5.0,0.6,0.296436,0.703564,-1.992,0.0,-0.625888,0.709962,0.946457,0.895781,2.2933,Region I (Incident/Reflected)
"Thin Barrier (E=3.0, a=0.6)",3.0,5.0,0.6,0.296436,0.703564,-1.9518,0.0,-0.746832,0.800636,1.094886,1.198776,2.3214,Region I (Incident/Reflected)
"Thin Barrier (E=3.0, a=0.6)",3.0,5.0,0.6,0.296436,0.703564,-1.9116,0.0,-0.860555,0.883568,1.233389,1.521247,2.343,Region I (Incident/Reflected)
"Thin Barrier (E=3.0, a=0.6)",3.0,5.0,0.6,0.296436,0.703564,-1.8715,0.0,-0.965957,0.957956,1.360424,1.850753,2.3604,Region I (Incident/Reflected)
"Thin Barrier (E=3.0, a=0.6)",3.0,5.0,0.6,0.296436,0.703564,-1.8313,0.0,-1.062019,1.023082,1.474646,2.17458,2.3749,Region I (Incident/Reflected)
"Thin Barrier (E=3.0, a=0.6)",3.0,5.0,0.6,0.296436,0.703564,-1.7912,0.0,-1.147811,1.078315,1.574876,2.480233,2.3874,Region I (Incident/Reflected)
"Thin Barrier (E=3.0, a=0.6)",3.0,5.0,0.6,0.296436,0.703564,-1.751,0.0,-1.222505,1.123121,1.660096,2.755919,2.3985,Region I (Incident/Reflected)
"Thin Barrier (E=3.0, a=0.6)",3.0,5.0,0.6,0.296436,0.703564,-1.7108,0.0,-1.285377,1.157067,1.729451,2.991,2.4087,Region I (Incident/Reflected)
"Thin Barrier (E=3.0, a=0.6)",3.0,5.0,0.6,0.296436,0.703564,-1.6707,0.0,-1.335821,1.179825,1.782248,3.176406,2.4181,Region I (Incident/Reflected)
"Thin Barrier (E=3.0, a=0.6)",3.0,5.0,0.6,0.296436,0.703564,-1.6305,0.0,-1.373349,1.191175,1.817962,3.304984,2.4271,Region I (Incident/Reflected)
"Thin Barrier (E=3.0, a=0.6)",3.0,5.0,0.6,0.296436,0.703564,-1.5904,0.0,-1.397596,1.191007,1.836239,3.371772,2.4358,Region I (Incident/Reflected)
"Thin Barrier (E=3.0, a=0.6)",3.0,5.0,0.6,0.296436,0.703564,-1.5502,0.0,-1.40833,1.179322,1.836898,3.374193,2.4445,Region I (Incident/Reflected)
"Thin Barrier (E=3.0, a=0.6)",3.0,5.0,0.6,0.296436,0.703564,-1.51,0.0,-1.405446,1.156234,1.819933,3.312155,2.4532,Region I (Incident/Reflected)
"Thin Barrier (E=3.0, a=0.6)",3.0,5.0,0.6,0.296436,0.703564,-1.4699,0.0,-1.388972,1.121966,1.785511,3.188049,2.4621,Region I (Incident/Reflected)
"Thin Barrier (E=3.0, a=0.6)",3.0,5.0,0.6,0.296436,0.703564,-1.4297,0.0,-1.359067,1.076849,1.733974,3.006666,2.4715,Region I (Incident/Reflected)
"Thin Barrier (E=3.0, a=0.6)",3.0,5.0,0.6,0.296436,0.703564,-1.3896,0.0,-1.316021,1.021319,1.665834,2.775004,2.4816,Region I (Incident/Reflected)
"Thin Barrier (E=3.0, a=0.6)",3.0,5.0,0.6,0.296436,0.703564,-1.3494,0.0,-1.26025,0.955914,1.581771,2.502,2.4927,Region I (Incident/Reflected)
"Thin Barrier (E=3.0, a=0.6)",3.0,5.0,0.6,0.296436,0.703564,-1.3092,0.0,-1.192292,0.881266,1.482629,2.19819,2.5051,Region I (Incident/Reflected)
"Thin Barrier (E=3.0, a=0.6)",3.0,5.0,0.6,0.296436,0.703564,-1.2691,0.0,-1.112806,0.798096,1.369414,1.875294,2.5194,Region I (Incident/Reflected)
"Thin Barrier (E=3.0, a=0.6)",3.0,5.0,0.6,0.296436,0.703564,-1.2289,0.0,-1.02256,0.707209,1.243291,1.545773,2.5365,Region I (Incident/Reflected)
"Thin Barrier (E=3.0, a=0.6)",3.0,5.0,0.6,0.296436,0.703564,-1.1888,0.0,-0.922426,0.609484,1.105595,1.22234,2.5577,Region I (Incident/Reflected)
"Thin Barrier (E=3.0, a=0.6)",3.0,5.0,0.6,0.296436,0.703564,-1.1486,0.0,-0.813373,0.505865,0.957849,0.917475,2.5852,Region I (Incident/Reflected)
"Thin Barrier (E=3.0, a=0.6)",3.0,5.0,0.6,0.296436,0.703564,-1.1084,0.0,-0.696455,0.397355,0.801835,0.64294,2.6231,Region I (Incident/Reflected)
"Thin Barrier (E=3.0, a=0.6)",3.0,5.0,0.6,0.296436,0.703564,-1.0683,0.0,-0.572802,0.285003,0.639788,0.409329,2.6799,Region I (Incident/Reflected)
"Thin Barrier (E=3.0, a=0.6)",3.0,5.0,0.6,0.296436,0.703564,-1.0281,0.0,-0.443611,0.169895,0.475031,0.225655,2.7758,Region I (Incident/Reflected)
"Thin Barrier (E=3.0, a=0.6)",3.0,5.0,0.6,0.296436,0.703564,-0.988,0.0,-0.31013,0.053144,0.314651,0.099005,2.9719,Region I (Incident/Reflected)
"Thin Barrier (E=3.0, a=0.6)",3.0,5.0,0.6,0.296436,0.703564,-0.9478,0.0,-0.173651,-0.064121,0.185111,0.034266,-2.7879,Region I (Incident/Reflected)
"Thin Barrier (E=3.0, a=0.6)",3.0,5.0,0.6,0.296436,0.703564,-0.9076,0.0,-0.035492,-0.180766,0.184217,0.033936,-1.7647,Region I (Incident/Reflected)
"Thin Barrier (E=3.0, a=0.6)",3.0,5.0,0.6,0.296436,0.703564,-0.8675,0.0,0.10301,-0.295663,0.313093,0.098027,-1.2355,Region I (Incident/Reflected)
"Thin Barrier (E=3.0, a=0.6)",3.0,5.0,0.6,0.296436,0.703564,-0.8273,0.0,0.240515,-0.4077,0.473357,0.224067,-1.0378,Region I (Incident/Reflected)
"Thin Barrier (E=3.0, a=0.6)",3.0,5.0,0.6,0.296436,0.703564,-0.7871,0.0,0.375695,-0.515796,0.638117,0.407193,-0.9413,Region I (Incident/Reflected)
"Thin Barrier (E=3.0, a=0.6)",3.0,5.0,0.6,0.296436,0.703564,-0.747,0.0,0.507243,-0.618904,0.800211,0.640338,-0.8842,Region I (Incident/Reflected)
"Thin Barrier (E=3.0, a=0.6)",3.0,5.0,0.6,0.296436,0.703564,-0.7068,0.0,0.633885,-0.716028,0.956298,0.914507,-0.8462,Region I (Incident/Reflected)
"Thin Barrier (E=3.0, a=0.6)",3.0,5.0,0.6,0.296436,0.703564,-0.6667,0.0,0.754398,-0.806228,1.104138,1.219121,-0.8186,Region I (Incident/Reflected)
"Thin Barrier (E=3.0, a=0.6)",3.0,5.0,0.6,0.296436,0.703564,-0.6265,0.0,0.867617,-0.888633,1.241945,1.542427,-0.7974,Region I (Incident/Reflected)
"Thin Barrier (E=3.0, a=0.6)",3.0,5.0,0.6,0.296436,0.703564,-0.5863,0.0,0.972446,-0.962444,1.368192,1.87195,-0.7802,Region I (Incident/Reflected)
"Thin Barrier (E=3.0, a=0.6)",3.0,5.0,0.6,0.296436,0.703564,-0.5462,0.0,1.067872,-1.02695,1.481545,2.194977,-0.7659,Region I (Incident/Reflected)
"Thin Barrier (E=3.0, a=0.6)",3.0,5.0,0.6,0.296436,0.703564,-0.506,0.0,1.152973,-1.081525,1.580836,2.499042,-0.7534,Region I (Incident/Reflected)
"Thin Barrier (E=3.0, a=0.6)",3.0,5.0,0.6,0.296436,0.703564,-0.4659,0.0,1.226924,-1.125643,1.665057,2.772415,-0.7424,Region I (Incident/Reflected)
"Thin Barrier (E=3.0, a=0.6)",3.0,5.0,0.6,0.296436,0.703564,-0.4257,0.0,1.289012,-1.158876,1.733363,3.004547,-0.7323,Region I (Incident/Reflected)
"Thin Barrier (E=3.0, a=0.6)",3.0,5.0,0.6,0.296436,0.703564,-0.3855,0.0,1.338636,-1.180904,1.785072,3.186481,-0.7229,Region I (Incident/Reflected)
"Thin Barrier (E=3.0, a=0.6)",3.0,5.0,0.6,0.296436,0.703564,-0.3454,0.0,1.375317,-1.191512,1.81967,3.311197,-0.7139,Region I (Incident/Reflected)
"Thin Barrier (E=3.0, a=0.6)",3.0,5.0,0.6,0.296436,0.703564,-0.3052,0.0,1.398698,-1.1906,1.836814,3.373885,-0.7052,Region I (Incident/Reflected)
"Thin Barrier (E=3.0, a=0.6)",3.0,5.0,0.6,0.296436,0.703564,-0.2651,0.0,1.408555,-1.178175,1.836334,3.372124,-0.6966,Region I (Incident/Reflected)
"Thin Barrier (E=3.0, a=0.6)",3.0,5.0,0.6,0.296436,0.703564,-0.2249,0.0,1.404792,-1.154358,1.818236,3.305982,-0.6879,Region I (Incident/Reflected)
"Thin Barrier (E=3.0, a=0.6)",3.0,5.0,0.6,0.296436,0.703564,-0.1847,0.0,1.387445,-1.119379,1.782698,3.178013,-0.6789,Region I (Incident/Reflected)
"Thin Barrier (E=3.0, a=0.6)",3.0,5.0,0.6,0.296436,0.703564,-0.1446,0.0,1.356683,-1.073576,1.730073,2.993153,-0.6694,Region I (Incident/Reflected)
"Thin Barrier (E=3.0, a=0.6)",3.0,5.0,0.6,0.296436,0.703564,-0.1044,0.0,1.312802,-1.017392,1.660884,2.758534,-0.6593,Region I (Incident/Reflected)
"Thin Barrier (E=3.0, a=0.6)",3.0,5.0,0.6,0.296436,0.703564,-0.0643,0.0,1.256227,-0.95137,1.575821,2.483211,-0.6482,Region I (Incident/Reflected)
"Thin Barrier (E=3.0, a=0.6)",3.0,5.0,0.6,0.296436,0.703564,-0.0241,0.0,1.187505,-0.876149,1.475739,2.177805,-0.6357,Region I (Incident/Reflected)
"Thin Barrier (E=3.0, a=0.6)",3.0,5.0,0.6,0.296436,0.703564,0.0161,5.0,1.108758,-0.793509,1.363452,1.859001,-0.6212,Region II (Barrier)
"Thin Barrier (E=3.0, a=0.6)",3.0,5.0,0.6,0.296436,0.703564,0.0562,5.0,1.03381,-0.713541,1.256146,1.577904,-0.6041,Region II (Barrier)
"Thin Barrier (E=3.0, a=0.6)",3.0,5.0,0.6,0.296436,0.703564,0.0964,5.0,0.965535,-0.638179,1.157381,1.33953,-0.584,Region II (Barrier)
"Thin Barrier (E=3.0, a=0.6)",3.0,5.0,0.6,0.296436,0.703564,0.1365,5.0,0.903492,-0.566937,1.066637,1.137715,-0.5604,Region II (Barrier)
"Thin Barrier (E=3.0, a=0.6)",3.0,5.0,0.6,0.296436,0.703564,0.1767,5.0,0.847281,-0.499354,0.983484,0.96724,-0.5326,Region II (Barrier)
"Thin Barrier (E=3.0, a=0.6)",3.0,5.0,0.6,0.296436,0.703564,0.2169,5.0,0.79654,-0.434995,0.907577,0.823696,-0.4998,Region II (Barrier)
"Thin Barrier (E=3.0, a=0.6)",3.0,5.0,0.6,0.296436,0.703564,0.257,5.0,0.75094,-0.373443,0.838672,0.703371,-0.4615,Region II (Barrier)
"Thin Barrier (E=3.0, a=0.6)",3.0,5.0,0.6,0.296436,0.703564,0.2972,5.0,0.710188,-0.314302,0.776629,0.603152,-0.4167,Region II (Barrier)
"Thin Barrier (E=3.0, a=0.6)",3.0,5.0,0.6,0.296436,0.703564,0.3373,5.0,0.67402,-0.25719,0.721421,0.520449,-0.3645,Region II (Barrier)
"Thin Barrier (E=3.0, a=0.6)",3.0,5.0,0.6,0.296436,0.703564,0.3775,5.0,0.642202,-0.201738,0.673143,0.453122,-0.3044,Region II (Barrier)
"Thin Barrier (E=3.0, a=0.6)",3.0,5.0,0.6,0.296436,0.703564,0.4177,5.0,0.61453,-0.147588,0.632004,0.399429,-0.2357,Region II (Barrier)
"Thin Barrier (E=3.0, a=0.6)",3.0,5.0,0.6,0.296436,0.703564,0.4578,5.0,0.590825,-0.09439,0.598317,0.357984,-0.1584,Region II (Barrier)
"Thin Barrier (E=3.0, a=0.6)",3.0,5.0,0.6,0.296436,0.703564,0.498,5.0,0.570933,-0.041803,0.572462,0.327712,-0.0731,Region II (Barrier)
"Thin Barrier (E=3.0, a=0.6)",3.0,5.0,0.6,0.296436,0.703564,0.5382,5.0,0.554727,0.010516,0.554827,0.307833,0.019,Region II (Barrier)
"Thin Barrier (E=3.0, a=0.6)",3.0,5.0,0.6,0.296436,0.703564,0.5783,5.0,0.542102,0.062901,0.545739,0.297831,0.1155,Region II (Barrier)
"Thin Barrier (E=3.0, a=0.6)",3.0,5.0,0.6,0.296436,0.703564,0.6185,0.0,0.532062,0.115524,0.544459,0.296436,0.2138,Region III (Transmitted)
"Thin Barrier (E=3.0, a=0.6)",3.0,5.0,0.6,0.296436,0.703564,0.6586,0.0,0.518144,0.167222,0.544459,0.296436,0.3122,Region III (Transmitted)
"Thin Barrier (E=3.0, a=0.6)",3.0,5.0,0.6,0.296436,0.703564,0.6988,0.0,0.499215,0.217302,0.544459,0.296436,0.4106,Region III (Transmitted)
"Thin Barrier (E=3.0, a=0.6)",3.0,5.0,0.6,0.296436,0.703564,0.739,0.0,0.475459,0.265282,0.544459,0.296436,0.5089,Region III (Transmitted)
"Thin Barrier (E=3.0, a=0.6)",3.0,5.0,0.6,0.296436,0.703564,0.7791,0.0,0.447106,0.310696,0.544459,0.296436,0.6073,Region III (Transmitted)
"Thin Barrier (E=3.0, a=0.6)",3.0,5.0,0.6,0.296436,0.703564,0.8193,0.0,0.41443,0.353106,0.544459,0.296436,0.7057,Region III (Transmitted)
"Thin Barrier (E=3.0, a=0.6)",3.0,5.0,0.6,0.296436,0.703564,0.8594,0.0,0.377746,0.392102,0.544459,0.296436,0.804,Region III (Transmitted)
"Thin Barrier (E=3.0, a=0.6)",3.0,5.0,0.6,0.296436,0.703564,0.8996,0.0,0.337409,0.427307,0.544459,0.296436,0.9024,Region III (Transmitted)
"Thin Barrier (E=3.0, a=0.6)",3.0,5.0,0.6,0.296436,0.703564,0.9398,0.0,0.29381,0.458379,0.544459,0.296436,1.0008,Region III (Transmitted)
"Thin Barrier (E=3.0, a=0.6)",3.0,5.0,0.6,0.296436,0.703564,0.9799,0.0,0.24737,0.485019,0.544459,0.296436,1.0992,Region III (Transmitted)
"Thin Barrier (E=3.0, a=0.6)",3.0,5.0,0.6,0.296436,0.703564,1.0201,0.0,0.198538,0.50697,0.544459,0.296436,1.1975,Region III (Transmitted)
"Thin Barrier (E=3.0, a=0.6)",3.0,5.0,0.6,0.296436,0.703564,1.0602,0.0,0.147787,0.524018,0.544459,0.296436,1.2959,Region III (Transmitted)
"Thin Barrier (E=3.0, a=0.6)",3.0,5.0,0.6,0.296436,0.703564,1.1004,0.0,0.095606,0.535999,0.544459,0.296436,1.3943,Region III (Transmitted)
"Thin Barrier (E=3.0, a=0.6)",3.0,5.0,0.6,0.296436,0.703564,1.1406,0.0,0.042501,0.542798,0.544459,0.296436,1.4927,Region III (Transmitted)
"Thin Barrier (E=3.0, a=0.6)",3.0,5.0,0.6,0.296436,0.703564,1.1807,0.0,-0.011015,0.544348,0.544459,0.296436,1.591,Region III (Transmitted)
"Thin Barrier (E=3.0, a=0.6)",3.0,5.0,0.6,0.296436,0.703564,1.2209,0.0,-0.064425,0.540634,0.544459,0.296436,1.6894,Region III (Transmitted)
"Thin Barrier (E=3.0, a=0.6)",3.0,5.0,0.6,0.296436,0.703564,1.261,0.0,-0.117211,0.531693,0.544459,0.296436,1.7878,Region III (Transmitted)
"Thin Barrier (E=3.0, a=0.6)",3.0,5.0,0.6,0.296436,0.703564,1.3012,0.0,-0.168865,0.517611,0.544459,0.296436,1.8861,Region III (Transmitted)
"Thin Barrier (E=3.0, a=0.6)",3.0,5.0,0.6,0.296436,0.703564,1.3414,0.0,-0.218885,0.498523,0.544459,0.296436,1.9845,Region III (Transmitted)
"Thin Barrier (E=3.0, a=0.6)",3.0,5.0,0.6,0.296436,0.703564,1.3815,0.0,-0.266789,0.474615,0.544459,0.296436,2.0829,Region III (Transmitted)
"Thin Barrier (E=3.0, a=0.6)",3.0,5.0,0.6,0.296436,0.703564,1.4217,0.0,-0.312113,0.446118,0.544459,0.296436,2.1813,Region III (Transmitted)
"Thin Barrier (E=3.0, a=0.6)",3.0,5.0,0.6,0.296436,0.703564,1.4618,0.0,-0.35442,0.413307,0.544459,0.296436,2.2796,Region III (Transmitted)
"Thin Barrier (E=3.0, a=0.6)",3.0,5.0,0.6,0.296436,0.703564,1.502,0.0,-0.393299,0.3765,0.544459,0.296436,2.378,Region III (Transmitted)
"Thin Barrier (E=3.0, a=0.6)",3.0,5.0,0.6,0.296436,0.703564,1.5422,0.0,-0.428375,0.336052,0.544459,0.296436,2.4764,Region III (Transmitted)
"Thin Barrier (E=3.0, a=0.6)",3.0,5.0,0.6,0.296436,0.703564,1.5823,0.0,-0.459309,0.292354,0.544459,0.296436,2.5748,Region III (Transmitted)
"Thin Barrier (E=3.0, a=0.6)",3.0,5.0,0.6,0.296436,0.703564,1.6225,0.0,-0.485802,0.24583,0.544459,0.296436,2.6731,Region III (Transmitted)
"Thin Barrier (E=3.0, a=0.6)",3.0,5.0,0.6,0.296436,0.703564,1.6627,0.0,-0.507597,0.196929,0.544459,0.296436,2.7715,Region III (Transmitted)
"Thin Barrier (E=3.0, a=0.6)",3.0,5.0,0.6,0.296436,0.703564,1.7028,0.0,-0.524484,0.146123,0.544459,0.296436,2.8699,Region III (Transmitted)
"Thin Barrier (E=3.0, a=0.6)",3.0,5.0,0.6,0.296436,0.703564,1.743,0.0,-0.5363,0.093905,0.544459,0.296436,2.9683,Region III (Transmitted)
"Thin Barrier (E=3.0, a=0.6)",3.0,5.0,0.6,0.296436,0.703564,1.7831,0.0,-0.54293,0.040778,0.544459,0.296436,3.0666,Region III (Transmitted)
"Thin Barrier (E=3.0, a=0.6)",3.0,5.0,0.6,0.296436,0.703564,1.8233,0.0,-0.54431,-0.012742,0.544459,0.296436,-3.1182,Region III (Transmitted)
"Thin Barrier (E=3.0, a=0.6)",3.0,5.0,0.6,0.296436,0.703564,1.8635,0.0,-0.540427,-0.06614,0.544459,0.296436,-3.0198,Region III (Transmitted)
"Thin Barrier (E=3.0, a=0.6)",3.0,5.0,0.6,0.296436,0.703564,1.9036,0.0,-0.531318,-0.118898,0.544459,0.296436,-2.9214,Region III (Transmitted)
"Thin Barrier (E=3.0, a=0.6)",3.0,5.0,0.6,0.296436,0.703564,1.9438,0.0,-0.517072,-0.170506,0.544459,0.296436,-2.8231,Region III (Transmitted)
"Thin Barrier (E=3.0, a=0.6)",3.0,5.0,0.6,0.296436,0.703564,1.9839,0.0,-0.497826,-0.220466,0.544459,0.296436,-2.7247,Region III (Transmitted)
"Thin Barrier (E=3.0, a=0.6)",3.0,5.0,0.6,0.296436,0.703564,2.0241,0.0,-0.473766,-0.268294,0.544459,0.296436,-2.6263,Region III (Transmitted)
"Thin Barrier (E=3.0, a=0.6)",3.0,5.0,0.6,0.296436,0.703564,2.0643,0.0,-0.445125,-0.313527,0.544459,0.296436,-2.5279,Region III (Transmitted)
"Thin Barrier (E=3.0, a=0.6)",3.0,5.0,0.6,0.296436,0.703564,2.1044,0.0,-0.41218,-0.355729,0.544459,0.296436,-2.4296,Region III (Transmitted)
"Thin Barrier (E=3.0, a=0.6)",3.0,5.0,0.6,0.296436,0.703564,2.1446,0.0,-0.37525,-0.394491,0.544459,0.296436,-2.3312,Region III (Transmitted)
"Thin Barrier (E=3.0, a=0.6)",3.0,5.0,0.6,0.296436,0.703564,2.1847,0.0,-0.334691,-0.429439,0.544459,0.296436,-2.2328,Region III (Transmitted)
"Thin Barrier (E=3.0, a=0.6)",3.0,5.0,0.6,0.296436,0.703564,2.2249,0.0,-0.290896,-0.460234,0.544459,0.296436,-2.1345,Region III (Transmitted)
"Thin Barrier (E=3.0, a=0.6)",3.0,5.0,0.6,0.296436,0.703564,2.2651,0.0,-0.244287,-0.486579,0.544459,0.296436,-2.0361,Region III (Transmitted)
"Thin Barrier (E=3.0, a=0.6)",3.0,5.0,0.6,0.296436,0.703564,2.3052,0.0,-0.195317,-0.50822,0.544459,0.296436,-1.9377,Region III (Transmitted)
"Thin Barrier (E=3.0, a=0.6)",3.0,5.0,0.6,0.296436,0.703564,2.3454,0.0,-0.144458,-0.524945,0.544459,0.296436,-1.8393,Region III (Transmitted)
"Thin Barrier (E=3.0, a=0.6)",3.0,5.0,0.6,0.296436,0.703564,2.3855,0.0,-0.092203,-0.536595,0.544459,0.296436,-1.741,Region III (Transmitted)
"Thin Barrier (E=3.0, a=0.6)",3.0,5.0,0.6,0.296436,0.703564,2.4257,0.0,-0.039055,-0.543057,0.544459,0.296436,-1.6426,Region III (Transmitted)
"Thin Barrier (E=3.0, a=0.6)",3.0,5.0,0.6,0.296436,0.703564,2.4659,0.0,0.014469,-0.544267,0.544459,0.296436,-1.5442,Region III (Transmitted)
"Thin Barrier (E=3.0, a=0.6)",3.0,5.0,0.6,0.296436,0.703564,2.506,0.0,0.067854,-0.540215,0.544459,0.296436,-1.4458,Region III (Transmitted)
"Thin Barrier (E=3.0, a=0.6)",3.0,5.0,0.6,0.296436,0.703564,2.5462,0.0,0.120583,-0.530938,0.544459,0.296436,-1.3475,Region III (Transmitted)
"Thin Barrier (E=3.0, a=0.6)",3.0,5.0,0.6,0.296436,0.703564,2.5863,0.0,0.172146,-0.516528,0.544459,0.296436,-1.2491,Region III (Transmitted)
"Thin Barrier (E=3.0, a=0.6)",3.0,5.0,0.6,0.296436,0.703564,2.6265,0.0,0.222044,-0.497124,0.544459,0.296436,-1.1507,Region III (Transmitted)
"Thin Barrier (E=3.0, a=0.6)",3.0,5.0,0.6,0.296436,0.703564,2.6667,0.0,0.269796,-0.472913,0.544459,0.296436,-1.0524,Region III (Transmitted)
"Thin Barrier (E=3.0, a=0.6)",3.0,5.0,0.6,0.296436,0.703564,2.7068,0.0,0.314938,-0.444128,0.544459,0.296436,-0.954,Region III (Transmitted)
"Thin Barrier (E=3.0, a=0.6)",3.0,5.0,0.6,0.296436,0.703564,2.747,0.0,0.357035,-0.41105,0.544459,0.296436,-0.8556,Region III (Transmitted)
"Thin Barrier (E=3.0, a=0.6)",3.0,5.0,0.6,0.296436,0.703564,2.7871,0.0,0.39568,-0.373996,0.544459,0.296436,-0.7572,Region III (Transmitted)
"Thin Barrier (E=3.0, a=0.6)",3.0,5.0,0.6,0.296436,0.703564,2.8273,0.0,0.430499,-0.333327,0.544459,0.296436,-0.6589,Region III (Transmitted)
"Thin Barrier (E=3.0, a=0.6)",3.0,5.0,0.6,0.296436,0.703564,2.8675,0.0,0.461155,-0.289434,0.544459,0.296436,-0.5605,Region III (Transmitted)
"Thin Barrier (E=3.0, a=0.6)",3.0,5.0,0.6,0.296436,0.703564,2.9076,0.0,0.487352,-0.242742,0.544459,0.296436,-0.4621,Region III (Transmitted)
"Thin Barrier (E=3.0, a=0.6)",3.0,5.0,0.6,0.296436,0.703564,2.9478,0.0,0.508837,-0.193704,0.544459,0.296436,-0.3637,Region III (Transmitted)
"Thin Barrier (E=3.0, a=0.6)",3.0,5.0,0.6,0.296436,0.703564,2.988,0.0,0.525401,-0.142792,0.544459,0.296436,-0.2654,Region III (Transmitted)
"Thin Barrier (E=3.0, a=0.6)",3.0,5.0,0.6,0.296436,0.703564,3.0281,0.0,0.536885,-0.0905,0.544459,0.296436,-0.167,Region III (Transmitted)
"Thin Barrier (E=3.0, a=0.6)",3.0,5.0,0.6,0.296436,0.703564,3.0683,0.0,0.543178,-0.037332,0.544459,0.296436,-0.0686,Region III (Transmitted)
"Thin Barrier (E=3.0, a=0.6)",3.0,5.0,0.6,0.296436,0.703564,3.1084,0.0,0.544218,0.016196,0.544459,0.296436,0.0298,Region III (Transmitted)
"Thin Barrier (E=3.0, a=0.6)",3.0,5.0,0.6,0.296436,0.703564,3.1486,0.0,0.539997,0.069568,0.544459,0.296436,0.1281,Region III (Transmitted)
"Thin Barrier (E=3.0, a=0.6)",3.0,5.0,0.6,0.296436,0.703564,3.1888,0.0,0.530553,0.122267,0.544459,0.296436,0.2265,Region III (Transmitted)
"Thin Barrier (E=3.0, a=0.6)",3.0,5.0,0.6,0.296436,0.703564,3.2289,0.0,0.51598,0.173784,0.544459,0.296436,0.3249,Region III (Transmitted)
"Thin Barrier (E=3.0, a=0.6)",3.0,5.0,0.6,0.296436,0.703564,3.2691,0.0,0.496417,0.223621,0.544459,0.296436,0.4232,Region III (Transmitted)
"Thin Barrier (E=3.0, a=0.6)",3.0,5.0,0.6,0.296436,0.703564,3.3092,0.0,0.472054,0.271295,0.544459,0.296436,0.5216,Region III (Transmitted)
"Thin Barrier (E=3.0, a=0.6)",3.0,5.0,0.6,0.296436,0.703564,3.3494,0.0,0.443127,0.316346,0.544459,0.296436,0.62,Region III (Transmitted)
"Thin Barrier (E=3.0, a=0.6)",3.0,5.0,0.6,0.296436,0.703564,3.3896,0.0,0.409915,0.358338,0.544459,0.296436,0.7184,Region III (Transmitted)
"Thin Barrier (E=3.0, a=0.6)",3.0,5.0,0.6,0.296436,0.703564,3.4297,0.0,0.372739,0.396865,0.544459,0.296436,0.8167,Region III (Transmitted)
"Thin Barrier (E=3.0, a=0.6)",3.0,5.0,0.6,0.296436,0.703564,3.4699,0.0,0.331959,0.431554,0.544459,0.296436,0.9151,Region III (Transmitted)
"Thin Barrier (E=3.0, a=0.6)",3.0,5.0,0.6,0.296436,0.703564,3.51,0.0,0.287969,0.462071,0.544459,0.296436,1.0135,Region III (Transmitted)
"Thin Barrier (E=3.0, a=0.6)",3.0,5.0,0.6,0.296436,0.703564,3.5502,0.0,0.241195,0.48812,0.544459,0.296436,1.1119,Region III (Transmitted)
"Thin Barrier (E=3.0, a=0.6)",3.0,5.0,0.6,0.296436,0.703564,3.5904,0.0,0.192088,0.509449,0.544459,0.296436,1.2102,Region III (Transmitted)
"Thin Barrier (E=3.0, a=0.6)",3.0,5.0,0.6,0.296436,0.703564,3.6305,0.0,0.141124,0.525852,0.544459,0.296436,1.3086,Region III (Transmitted)
"Thin Barrier (E=3.0, a=0.6)",3.0,5.0,0.6,0.296436,0.703564,3.6707,0.0,0.088796,0.53717,0.544459,0.296436,1.407,Region III (Transmitted)
"Thin Barrier (E=3.0, a=0.6)",3.0,5.0,0.6,0.296436,0.703564,3.7108,0.0,0.035608,0.543294,0.544459,0.296436,1.5053,Region III (Transmitted)
"Thin Barrier (E=3.0, a=0.6)",3.0,5.0,0.6,0.296436,0.703564,3.751,0.0,-0.017923,0.544164,0.544459,0.296436,1.6037,Region III (Transmitted)
"Thin Barrier (E=3.0, a=0.6)",3.0,5.0,0.6,0.296436,0.703564,3.7912,0.0,-0.071281,0.539773,0.544459,0.296436,1.7021,Region III (Transmitted)
"Thin Barrier (E=3.0, a=0.6)",3.0,5.0,0.6,0.296436,0.703564,3.8313,0.0,-0.12395,0.530163,0.544459,0.296436,1.8005,Region III (Transmitted)
"Thin Barrier (E=3.0, a=0.6)",3.0,5.0,0.6,0.296436,0.703564,3.8715,0.0,-0.17542,0.515426,0.544459,0.296436,1.8988,Region III (Transmitted)
"Thin Barrier (E=3.0, a=0.6)",3.0,5.0,0.6,0.296436,0.703564,3.9116,0.0,-0.225195,0.495705,0.544459,0.296436,1.9972,Region III (Transmitted)
"Thin Barrier (E=3.0, a=0.6)",3.0,5.0,0.6,0.296436,0.703564,3.9518,0.0,-0.272791,0.471191,0.544459,0.296436,2.0956,Region III (Transmitted)
"Thin Barrier (E=3.0, a=0.6)",3.0,5.0,0.6,0.296436,0.703564,3.992,0.0,-0.31775,0.442121,0.544459,0.296436,2.194,Region III (Transmitted)
"Thin Barrier (E=3.0, a=0.6)",3.0,5.0,0.6,0.296436,0.703564,4.0321,0.0,-0.359637,0.408776,0.544459,0.296436,2.2923,Region III (Transmitted)
"Thin Barrier (E=3.0, a=0.6)",3.0,5.0,0.6,0.296436,0.703564,4.0723,0.0,-0.398046,0.371478,0.544459,0.296436,2.3907,Region III (Transmitted)
"Thin Barrier (E=3.0, a=0.6)",3.0,5.0,0.6,0.296436,0.703564,4.1124,0.0,-0.432606,0.330588,0.544459,0.296436,2.4891,Region III (Transmitted)
"Thin Barrier (E=3.0, a=0.6)",3.0,5.0,0.6,0.296436,0.703564,4.1526,0.0,-0.462983,0.286501,0.544459,0.296436,2.5875,Region III (Transmitted)
"Thin Barrier (E=3.0, a=0.6)",3.0,5.0,0.6,0.296436,0.703564,4.1928,0.0,-0.488883,0.239645,0.544459,0.296436,2.6858,Region III (Transmitted)
"Thin Barrier (E=3.0, a=0.6)",3.0,5.0,0.6,0.296436,0.703564,4.2329,0.0,-0.510056,0.190471,0.544459,0.296436,2.7842,Region III (Transmitted)
"Thin Barrier (E=3.0, a=0.6)",3.0,5.0,0.6,0.296436,0.703564,4.2731,0.0,-0.526297,0.139455,0.544459,0.296436,2.8826,Region III (Transmitted)
"Thin Barrier (E=3.0, a=0.6)",3.0,5.0,0.6,0.296436,0.703564,4.3133,0.0,-0.537449,0.087091,0.544459,0.296436,2.9809,Region III (Transmitted)
"Thin Barrier (E=3.0, a=0.6)",3.0,5.0,0.6,0.296436,0.703564,4.3534,0.0,-0.543404,0.033884,0.544459,0.296436,3.0793,Region III (Transmitted)
"Thin Barrier (E=3.0, a=0.6)",3.0,5.0,0.6,0.296436,0.703564,4.3936,0.0,-0.544105,-0.01965,0.544459,0.296436,-3.1055,Region III (Transmitted)
"Thin Barrier (E=3.0, a=0.6)",3.0,5.0,0.6,0.296436,0.703564,4.4337,0.0,-0.539544,-0.072993,0.544459,0.296436,-3.0071,Region III (Transmitted)
"Thin Barrier (E=3.0, a=0.6)",3.0,5.0,0.6,0.296436,0.703564,4.4739,0.0,-0.529767,-0.125632,0.544459,0.296436,-2.9087,Region III (Transmitted)
"Thin Barrier (E=3.0, a=0.6)",3.0,5.0,0.6,0.296436,0.703564,4.5141,0.0,-0.514866,-0.177055,0.544459,0.296436,-2.8104,Region III (Transmitted)
"Thin Barrier (E=3.0, a=0.6)",3.0,5.0,0.6,0.296436,0.703564,4.5542,0.0,-0.494988,-0.226766,0.544459,0.296436,-2.712,Region III (Transmitted)
"Thin Barrier (E=3.0, a=0.6)",3.0,5.0,0.6,0.296436,0.703564,4.5944,0.0,-0.470323,-0.274285,0.544459,0.296436,-2.6136,Region III (Transmitted)
"Thin Barrier (E=3.0, a=0.6)",3.0,5.0,0.6,0.296436,0.703564,4.6345,0.0,-0.44111,-0.319151,0.544459,0.296436,-2.5153,Region III (Transmitted)
"Thin Barrier (E=3.0, a=0.6)",3.0,5.0,0.6,0.296436,0.703564,4.6747,0.0,-0.407632,-0.360932,0.544459,0.296436,-2.4169,Region III (Transmitted)
"Thin Barrier (E=3.0, a=0.6)",3.0,5.0,0.6,0.296436,0.703564,4.7149,0.0,-0.370213,-0.399222,0.544459,0.296436,-2.3185,Region III (Transmitted)
"Thin Barrier (E=3.0, a=0.6)",3.0,5.0,0.6,0.296436,0.703564,4.755,0.0,-0.329214,-0.433652,0.544459,0.296436,-2.2201,Region III (Transmitted)
"Thin Barrier (E=3.0, a=0.6)",3.0,5.0,0.6,0.296436,0.703564,4.7952,0.0,-0.285031,-0.463889,0.544459,0.296436,-2.1218,Region III (Transmitted)
"Thin Barrier (E=3.0, a=0.6)",3.0,5.0,0.6,0.296436,0.703564,4.8353,0.0,-0.238092,-0.489641,0.544459,0.296436,-2.0234,Region III (Transmitted)
"Thin Barrier (E=3.0, a=0.6)",3.0,5.0,0.6,0.296436,0.703564,4.8755,0.0,-0.188851,-0.510658,0.544459,0.296436,-1.925,Region III (Transmitted)
"Thin Barrier (E=3.0, a=0.6)",3.0,5.0,0.6,0.296436,0.703564,4.9157,0.0,-0.137784,-0.526737,0.544459,0.296436,-1.8266,Region III (Transmitted)
"Thin Barrier (E=3.0, a=0.6)",3.0,5.0,0.6,0.296436,0.703564,4.9558,0.0,-0.085385,-0.537722,0.544459,0.296436,-1.7283,Region III (Transmitted)
"Thin Barrier (E=3.0, a=0.6)",3.0,5.0,0.6,0.296436,0.703564,4.996,0.0,-0.03216,-0.543509,0.544459,0.296436,-1.6299,Region III (Transmitted)
"Thin Barrier (E=3.0, a=0.6)",3.0,5.0,0.6,0.296436,0.703564,5.0361,0.0,0.021376,-0.54404,0.544459,0.296436,-1.5315,Region III (Transmitted)
"Thin Barrier (E=3.0, a=0.6)",3.0,5.0,0.6,0.296436,0.703564,5.0763,0.0,0.074705,-0.53931,0.544459,0.296436,-1.4332,Region III (Transmitted)
"Thin Barrier (E=3.0, a=0.6)",3.0,5.0,0.6,0.296436,0.703564,5.1165,0.0,0.127312,-0.529365,0.544459,0.296436,-1.3348,Region III (Transmitted)
"Thin Barrier (E=3.0, a=0.6)",3.0,5.0,0.6,0.296436,0.703564,5.1566,0.0,0.178688,-0.514302,0.544459,0.296436,-1.2364,Region III (Transmitted)
"Thin Barrier (E=3.0, a=0.6)",3.0,5.0,0.6,0.296436,0.703564,5.1968,0.0,0.228336,-0.494266,0.544459,0.296436,-1.138,Region III (Transmitted)
"Thin Barrier (E=3.0, a=0.6)",3.0,5.0,0.6,0.296436,0.703564,5.2369,0.0,0.275776,-0.46945,0.544459,0.296436,-1.0397,Region III (Transmitted)
"Thin Barrier (E=3.0, a=0.6)",3.0,5.0,0.6,0.296436,0.703564,5.2771,0.0,0.320549,-0.440095,0.544459,0.296436,-0.9413,Region III (Transmitted)
"Thin Barrier (E=3.0, a=0.6)",3.0,5.0,0.6,0.296436,0.703564,5.3173,0.0,0.362223,-0.406485,0.544459,0.296436,-0.8429,Region III (Transmitted)
"Thin Barrier (E=3.0, a=0.6)",3.0,5.0,0.6,0.296436,0.703564,5.3574,0.0,0.400395,-0.368944,0.544459,0.296436,-0.7445,Region III (Transmitted)
"Thin Barrier (E=3.0, a=0.6)",3.0,5.0,0.6,0.296436,0.703564,5.3976,0.0,0.434695,-0.327836,0.544459,0.296436,-0.6462,Region III (Transmitted)
"Thin Barrier (E=3.0, a=0.6)",3.0,5.0,0.6,0.296436,0.703564,5.4378,0.0,0.464791,-0.283558,0.544459,0.296436,-0.5478,Region III (Transmitted)
"Thin Barrier (E=3.0, a=0.6)",3.0,5.0,0.6,0.296436,0.703564,5.4779,0.0,0.490394,-0.236537,0.544459,0.296436,-0.4494,Region III (Transmitted)
"Thin Barrier (E=3.0, a=0.6)",3.0,5.0,0.6,0.296436,0.703564,5.5181,0.0,0.511254,-0.18723,0.544459,0.296436,-0.351,Region III (Transmitted)
"Thin Barrier (E=3.0, a=0.6)",3.0,5.0,0.6,0.296436,0.703564,5.5582,0.0,0.527171,-0.136112,0.544459,0.296436,-0.2527,Region III (Transmitted)
"Thin Barrier (E=3.0, a=0.6)",3.0,5.0,0.6,0.296436,0.703564,5.5984,0.0,0.537991,-0.083678,0.544459,0.296436,-0.1543,Region III (Transmitted)
"Thin Barrier (E=3.0, a=0.6)",3.0,5.0,0.6,0.296436,0.703564,5.6386,0.0,0.543608,-0.030435,0.544459,0.296436,-0.0559,Region III (Transmitted)
"Thin Barrier (E=3.0, a=0.6)",3.0,5.0,0.6,0.296436,0.703564,5.6787,0.0,0.543969,0.023102,0.544459,0.296436,0.0424,Region III (Transmitted)
"Thin Barrier (E=3.0, a=0.6)",3.0,5.0,0.6,0.296436,0.703564,5.7189,0.0,0.53907,0.076416,0.544459,0.296436,0.1408,Region III (Transmitted)
"Thin Barrier (E=3.0, a=0.6)",3.0,5.0,0.6,0.296436,0.703564,5.759,0.0,0.528959,0.128991,0.544459,0.296436,0.2392,Region III (Transmitted)
"Thin Barrier (E=3.0, a=0.6)",3.0,5.0,0.6,0.296436,0.703564,5.7992,0.0,0.513733,0.180319,0.544459,0.296436,0.3376,Region III (Transmitted)
"Thin Barrier (E=3.0, a=0.6)",3.0,5.0,0.6,0.296436,0.703564,5.8394,0.0,0.493539,0.229903,0.544459,0.296436,0.4359,Region III (Transmitted)
"Thin Barrier (E=3.0, a=0.6)",3.0,5.0,0.6,0.296436,0.703564,5.8795,0.0,0.468573,0.277264,0.544459,0.296436,0.5343,Region III (Transmitted)
"Thin Barrier (E=3.0, a=0.6)",3.0,5.0,0.6,0.296436,0.703564,5.9197,0.0,0.439076,0.321944,0.544459,0.296436,0.6327,Region III (Transmitted)
"Thin Barrier (E=3.0, a=0.6)",3.0,5.0,0.6,0.296436,0.703564,5.9598,0.0,0.405334,0.363511,0.544459,0.296436,0.7311,Region III (Transmitted)
"Thin Barrier (E=3.0, a=0.6)",3.0,5.0,0.6,0.296436,0.703564,6.0,0.0,0.367672,0.401564,0.544459,0.296436,0.8294,Region III (Transmitted)
"Thick Barrier (E=3.0, a=2.2)",3.0,5.0,2.2,0.000579,0.999421,-4.0,0.0,-1.474413,1.203811,1.903433,3.623057,2.4569,Region I (Incident/Reflected)
"Thick Barrier (E=3.0, a=2.2)",3.0,5.0,2.2,0.000579,0.999421,-3.9598,0.0,-1.420667,1.159891,1.834023,3.363642,2.4569,Region I (Incident/Reflected)
"Thick Barrier (E=3.0, a=2.2)",3.0,5.0,2.2,0.000579,0.999421,-3.9197,0.0,-1.353184,1.104755,1.74688,3.05159,2.4569,Region I (Incident/Reflected)
"Thick Barrier (E=3.0, a=2.2)",3.0,5.0,2.2,0.000579,0.999421,-3.8795,0.0,-1.272616,1.038936,1.642845,2.69894,2.4569,Region I (Incident/Reflected)
"Thick Barrier (E=3.0, a=2.2)",3.0,5.0,2.2,0.000579,0.999421,-3.8394,0.0,-1.179743,0.963072,1.522925,2.3193,2.457,Region I (Incident/Reflected)
"Thick Barrier (E=3.0, a=2.2)",3.0,5.0,2.2,0.000579,0.999421,-3.7992,0.0,-1.075462,0.877895,1.388279,1.927318,2.457,Region I (Incident/Reflected)
"Thick Barrier (E=3.0, a=2.2)",3.0,5.0,2.2,0.000579,0.999421,-3.759,0.0,-0.960782,0.784229,1.240209,1.538118,2.457,Region I (Incident/Reflected)
"Thick Barrier (E=3.0, a=2.2)",3.0,5.0,2.2,0.000579,0.999421,-3.7189,0.0,-0.836812,0.682981,1.080147,1.166717,2.4571,Region I (Incident/Reflected)
"Thick Barrier (E=3.0, a=2.2)",3.0,5.0,2.2,0.000579,0.999421,-3.6787,0.0,-0.70475,0.575128,0.90964,0.827445,2.4571,Region I (Incident/Reflected)
"Thick Barrier (E=3.0, a=2.2)",3.0,5.0,2.2,0.000579,0.999421,-3.6386,0.0,-0.565874,0.461714,0.730338,0.533393,2.4572,Region I (Incident/Reflected)
"Thick Barrier (E=3.0, a=2.2)",3.0,5.0,2.2,0.000579,0.999421,-3.5984,0.0,-0.421526,0.343836,0.543973,0.295907,2.4574,Region I (Incident/Reflected)
"Thick Barrier (E=3.0, a=2.2)",3.0,5.0,2.2,0.000579,0.999421,-3.5582,0.0,-0.273102,0.222632,0.352349,0.12415,2.4577,Region I (Incident/Reflected)
"Thick Barrier (E=3.0, a=2.2)",3.0,5.0,2.2,0.000579,0.999421,-3.5181,0.0,-0.122037,0.099277,0.157318,0.024749,2.4587,Region I (Incident/Reflected)
"Thick Barrier (E=3.0, a=2.2)",3.0,5.0,2.2,0.000579,0.999421,-3.4779,0.0,0.030207,-0.025039,0.039236,0.001539,-0.6921,Region I (Incident/Reflected)
"Thick Barrier (E=3.0, a=2.2)",3.0,5.0,2.2,0.000579,0.999421,-3.4378,0.0,0.18216,-0.149113,0.235408,0.055417,-0.686,Region I (Incident/Reflected)
"Thick Barrier (E=3.0, a=2.2)",3.0,5.0,2.2,0.000579,0.999421,-3.3976,0.0,0.332351,-0.271745,0.429305,0.184303,-0.6854,Region I (Incident/Reflected)
"Thick Barrier (E=3.0, a=2.2)",3.0,5.0,2.2,0.000579,0.999421,-3.3574,0.0,0.479329,-0.391749,0.61905,0.383223,-0.6852,Region I (Incident/Reflected)
"Thick Barrier (E=3.0, a=2.2)",3.0,5.0,2.2,0.000579,0.999421,-3.3173,0.0,0.621671,-0.507965,0.80281,0.644504,-0.6851,Region I (Incident/Reflected)
"Thick Barrier (E=3.0, a=2.2)",3.0,5.0,2.2,0.000579,0.999421,-3.2771,0.0,0.758003,-0.61927,0.978807,0.958063,-0.685,Region I (Incident/Reflected)
"Thick Barrier (E=3.0, a=2.2)",3.0,5.0,2.2,0.000579,0.999421,-3.2369,0.0,0.887005,-0.724586,1.14534,1.311803,-0.685,Region I (Incident/Reflected)
"Thick Barrier (E=3.0, a=2.2)",3.0,5.0,2.2,0.000579,0.999421,-3.1968,0.0,1.00743,-0.822896,1.300797,1.692074,-0.6849,Region I (Incident/Reflected)
"Thick Barrier (E=3.0, a=2.2)",3.0,5.0,2.2,0.000579,0.999421,-3.1566,0.0,1.118114,-0.91325,1.443677,2.084203,-0.6849,Region I (Incident/Reflected)
"Thick Barrier (E=3.0, a=2.2)",3.0,5.0,2.2,0.000579,0.999421,-3.1165,0.0,1.217986,-0.994772,1.572597,2.473062,-0.6849,Region I (Incident/Reflected)
"Thick Barrier (E=3.0, a=2.2)",3.0,5.0,2.2,0.000579,0.999421,-3.0763,0.0,1.306081,-1.066676,1.686311,2.843645,-0.6848,Region I (Incident/Reflected)
"Thick Barrier (E=3.0, a=2.2)",3.0,5.0,2.2,0.000579,0.999421,-3.0361,0.0,1.381547,-1.128265,1.783719,3.181654,-0.6848,Region I (Incident/Reflected)
"Thick Barrier (E=3.0, a=2.2)",3.0,5.0,2.2,0.000579,0.999421,-2.996,0.0,1.443654,-1.178945,1.86388,3.474048,-0.6848,Region I (Incident/Reflected)
"Thick Barrier (E=3.0, a=2.2)",3.0,5.0,2.2,0.000579,0.999421,-2.9558,0.0,1.491802,-1.218225,1.926018,3.709544,-0.6848,Region I (Incident/Reflected)
"Thick Barrier (E=3.0, a=2.2)",3.0,5.0,2.2,0.000579,0.999421,-2.9157,0.0,1.525524,-1.245725,1.969532,3.879056,-0.6848,Region I (Incident/Reflected)
"Thick Barrier (E=3.0, a=2.2)",3.0,5.0,2.2,0.000579,0.999421,-2.8755,0.0,1.544496,-1.26118,1.994002,3.976044,-0.6848,Region I (Incident/Reflected)
"Thick Barrier (E=3.0, a=2.2)",3.0,5.0,2.2,0.000579,0.999421,-2.8353,0.0,1.548534,-1.26444,1.999191,3.996765,-0.6847,Region I (Incident/Reflected)
"Thick Barrier (E=3.0, a=2.2)",3.0,5.0,2.2,0.000579,0.999421,-2.7952,0.0,1.537597,-1.255474,1.985049,3.94042,-0.6847,Region I (Incident/Reflected)
"Thick Barrier (E=3.0, a=2.2)",3.0,5.0,2.2,0.000579,0.999421,-2.755,0.0,1.511794,-1.234367,1.951713,3.809183,-0.6847,Region I (Incident/Reflected)
"Thick Barrier (E=3.0, a=2.2)",3.0,5.0,2.2,0.000579,0.999421,-2.7149,0.0,1.471372,-1.201325,1.899504,3.608117,-0.6847,Region I (Incident/Reflected)
"Thick Barrier (E=3.0, a=2.2)",3.0,5.0,2.2,0.000579,0.999421,-2.6747,0.0,1.416722,-1.156667,1.828929,3.344981,-0.6847,Region I (Incident/Reflected)
"Thick Barrier (E=3.0, a=2.2)",3.0,5.0,2.2,0.000579,0.999421,-2.6345,0.0,1.348374,-1.100825,1.740669,3.029927,-0.6847,Region I (Incident/Reflected)
"Thick Barrier (E=3.0, a=2.2)",3.0,5.0,2.2,0.000579,0.999421,-2.5944,0.0,1.266987,-1.034338,1.635577,2.675112,-0.6846,Region I (Incident/Reflected)
"Thick Barrier (E=3.0, a=2.2)",3.0,5.0,2.2,0.000579,0.999421,-2.5542,0.0,1.17335,-0.95785,1.51467,2.294225,-0.6846,Region I (Incident/Reflected)
"Thick Barrier (E=3.0, a=2.2)",3.0,5.0,2.2,0.000579,0.999421,-2.5141,0.0,1.068366,-0.8721,1.379117,1.901964,-0.6846,Region I (Incident/Reflected)
"Thick Barrier (E=3.0, a=2.2)",3.0,5.0,2.2,0.000579,0.999421,-2.4739,0.0,0.953053,-0.777917,1.230229,1.513464,-0.6846,Region I (Incident/Reflected)
"Thick Barrier (E=3.0, a=2.2)",3.0,5.0,2.2,0.000579,0.999421,-2.4337,0.0,0.828523,-0.676212,1.069445,1.143713,-0.6845,Region I (Incident/Reflected)
"Thick Barrier (E=3.0, a=2.2)",3.0,5.0,2.2,0.000579,0.999421,-2.3936,0.0,0.695983,-0.567968,0.898321,0.80698,-0.6845,Region I (Incident/Reflected)
"Thick Barrier (E=3.0, a=2.2)",3.0,5.0,2.2,0.000579,0.999421,-2.3534,0.0,0.556712,-0.454233,0.71851,0.516256,-0.6844,Region I (Incident/Reflected)
"Thick Barrier (E=3.0, a=2.2)",3.0,5.0,2.2,0.000579,0.999421,-2.3133,0.0,0.412059,-0.336105,0.531751,0.282759,-0.6842,Region I (Incident/Reflected)
"Thick Barrier (E=3.0, a=2.2)",3.0,5.0,2.2,0.000579,0.999421,-2.2731,0.0,0.263421,-0.214727,0.339851,0.115498,-0.6839,Region I (Incident/Reflected)
"Thick Barrier (E=3.0, a=2.2)",3.0,5.0,2.2,0.000579,0.999421,-2.2329,0.0,0.112236,-0.091273,0.144664,0.020928,-0.6828,Region I (Incident/Reflected)
"Thick Barrier (E=3.0, a=2.2)",3.0,5.0,2.2,0.000579,0.999421,-2.1928,0.0,-0.040034,0.033063,0.051922,0.002696,2.4513,Region I (Incident/Reflected)
"Thick Barrier (E=3.0, a=2.2)",3.0,5.0,2.2,0.000579,0.999421,-2.1526,0.0,-0.191917,0.15708,0.248005,0.061506,2.4557,Region I (Incident/Reflected)
"Thick Barrier (E=3.0, a=2.2)",3.0,5.0,2.2,0.000579,0.999421,-2.1124,0.0,-0.341945,0.279578,0.44169,0.19509,2.4562,Region I (Incident/Reflected)
"Thick Barrier (E=3.0, a=2.2)",3.0,5.0,2.2,0.000579,0.999421,-2.0723,0.0,-0.488666,0.399373,0.631105,0.398293,2.4564,Region I (Incident/Reflected)
"Thick Barrier (E=3.0, a=2.2)",3.0,5.0,2.2,0.000579,0.999421,-2.0321,0.0,-0.630662,0.515305,0.814416,0.663274,2.4565,Region I (Incident/Reflected)
"Thick Barrier (E=3.0, a=2.2)",3.0,5.0,2.2,0.000579,0.999421,-1.992,0.0,-0.76656,0.626256,0.989853,0.97981,2.4566,Region I (Incident/Reflected)
"Thick Barrier (E=3.0, a=2.2)",3.0,5.0,2.2,0.000579,0.999421,-1.9518,0.0,-0.895045,0.73115,1.155719,1.335686,2.4566,Region I (Incident/Reflected)
"Thick Barrier (E=3.0, a=2.2)",3.0,5.0,2.2,0.000579,0.999421,-1.9116,0.0,-1.014876,0.828975,1.310409,1.717173,2.4567,Region I (Incident/Reflected)
"Thick Barrier (E=3.0, a=2.2)",3.0,5.0,2.2,0.000579,0.999421,-1.8715,0.0,-1.124894,0.918784,1.452429,2.109549,2.4567,Region I (Incident/Reflected)
"Thick Barrier (E=3.0, a=2.2)",3.0,5.0,2.2,0.000579,0.999421,-1.8313,0.0,-1.224034,0.999709,1.580404,2.497677,2.4567,Region I (Incident/Reflected)
"Thick Barrier (E=3.0, a=2.2)",3.0,5.0,2.2,0.000579,0.999421,-1.7912,0.0,-1.311339,1.070967,1.693098,2.86658,2.4568,Region I (Incident/Reflected)
"Thick Barrier (E=3.0, a=2.2)",3.0,5.0,2.2,0.000579,0.999421,-1.751,0.0,-1.385964,1.13187,1.78942,3.202024,2.4568,Region I (Incident/Reflected)
"Thick Barrier (E=3.0, a=2.2)",3.0,5.0,2.2,0.000579,0.999421,-1.7108,0.0,-1.447187,1.181827,1.868439,3.491066,2.4568,Region I (Incident/Reflected)
"Thick Barrier (E=3.0, a=2.2)",3.0,5.0,2.2,0.000579,0.999421,-1.6707,0.0,-1.494417,1.220358,1.929392,3.722554,2.4568,Region I (Incident/Reflected)
"Thick Barrier (E=3.0, a=2.2)",3.0,5.0,2.2,0.000579,0.999421,-1.6305,0.0,-1.527196,1.247088,1.971689,3.887556,2.4568,Region I (Incident/Reflected)
"Thick Barrier (E=3.0, a=2.2)",3.0,5.0,2.2,0.000579,0.999421,-1.5904,0.0,-1.545209,1.261759,1.99492,3.979706,2.4568,Region I (Incident/Reflected)
"Thick Barrier (E=3.0, a=2.2)",3.0,5.0,2.2,0.000579,0.999421,-1.5502,0.0,-1.54828,1.26423,1.998862,3.995448,2.4568,Region I (Incident/Reflected)
"Thick Barrier (E=3.0, a=2.2)",3.0,5.0,2.2,0.000579,0.999421,-1.51,0.0,-1.53638,1.254477,1.983475,3.934174,2.4569,Region I (Incident/Reflected)
"Thick Barrier (E=3.0, a=2.2)",3.0,5.0,2.2,0.000579,0.999421,-1.4699,0.0,-1.509624,1.232593,1.94891,3.79825,2.4569,Region I (Incident/Reflected)
"Thick Barrier (E=3.0, a=2.2)",3.0,5.0,2.2,0.000579,0.999421,-1.4297,0.0,-1.46827,1.198791,1.895499,3.592918,2.4569,Region I (Incident/Reflected)
"Thick Barrier (E=3.0, a=2.2)",3.0,5.0,2.2,0.000579,0.999421,-1.3896,0.0,-1.41272,1.153397,1.823761,3.326103,2.4569,Region I (Incident/Reflected)
"Thick Barrier (E=3.0, a=2.2)",3.0,5.0,2.2,0.000579,0.999421,-1.3494,0.0,-1.343509,1.096851,1.734387,3.008098,2.4569,Region I (Incident/Reflected)
"Thick Barrier (E=3.0, a=2.2)",3.0,5.0,2.2,0.000579,0.999421,-1.3092,0.0,-1.261307,1.029698,1.628243,2.651174,2.4569,Region I (Incident/Reflected)
"Thick Barrier (E=3.0, a=2.2)",3.0,5.0,2.2,0.000579,0.999421,-1.2691,0.0,-1.166909,0.952589,1.506354,2.269103,2.457,Region I (Incident/Reflected)
"Thick Barrier (E=3.0, a=2.2)",3.0,5.0,2.2,0.000579,0.999421,-1.2289,0.0,-1.061228,0.866269,1.3699,1.876627,2.457,Region I (Incident/Reflected)
"Thick Barrier (E=3.0, a=2.2)",3.0,5.0,2.2,0.000579,0.999421,-1.1888,0.0,-0.945285,0.771573,1.2202,1.488888,2.457,Region I (Incident/Reflected)
"Thick Barrier (E=3.0, a=2.2)",3.0,5.0,2.2,0.000579,0.999421,-1.1486,0.0,-0.820202,0.669415,1.058701,1.120848,2.4571,Region I (Incident/Reflected)
"Thick Barrier (E=3.0, a=2.2)",3.0,5.0,2.2,0.000579,0.999421,-1.1084,0.0,-0.687188,0.560785,0.886965,0.786707,2.4571,Region I (Incident/Reflected)
"Thick Barrier (E=3.0, a=2.2)",3.0,5.0,2.2,0.000579,0.999421,-1.0683,0.0,-0.547529,0.446733,0.706652,0.499358,2.4572,Region I (Incident/Reflected)
"Thick Barrier (E=3.0, a=2.2)",3.0,5.0,2.2,0.000579,0.999421,-1.0281,0.0,-0.402575,0.32836,0.519507,0.269888,2.4574,Region I (Incident/Reflected)
"Thick Barrier (E=3.0, a=2.2)",3.0,5.0,2.2,0.000579,0.999421,-0.988,0.0,-0.253729,0.206813,0.327338,0.10715,2.4577,Region I (Incident/Reflected)
"Thick Barrier (E=3.0, a=2.2)",3.0,5.0,2.2,0.000579,0.999421,-0.9478,0.0,-0.10243,0.083266,0.132004,0.017425,2.459,Region I (Incident/Reflected)
"Thick Barrier (E=3.0, a=2.2)",3.0,5.0,2.2,0.000579,0.999421,-0.9076,0.0,0.04986,-0.041086,0.064607,0.004174,-0.6892,Region I (Incident/Reflected)
"Thick Barrier (E=3.0, a=2.2)",3.0,5.0,2.2,0.000579,0.999421,-0.8675,0.0,0.201667,-0.165041,0.260592,0.067908,-0.6858,Region I (Incident/Reflected)
"Thick Barrier (E=3.0, a=2.2)",3.0,5.0,2.2,0.000579,0.999421,-0.8273,0.0,0.351525,-0.2874,0.454058,0.206169,-0.6854,Region I (Incident/Reflected)
"Thick Barrier (E=3.0, a=2.2)",3.0,5.0,2.2,0.000579,0.999421,-0.7871,0.0,0.497984,-0.40698,0.643133,0.41362,-0.6852,Region I (Incident/Reflected)
"Thick Barrier (E=3.0, a=2.2)",3.0,5.0,2.2,0.000579,0.999421,-0.747,0.0,0.639627,-0.522625,0.82599,0.682259,-0.6851,Region I (Incident/Reflected)
"Thick Barrier (E=3.0, a=2.2)",3.0,5.0,2.2,0.000579,0.999421,-0.7068,0.0,0.775085,-0.633216,1.00086,1.00172,-0.685,Region I (Incident/Reflected)
"Thick Barrier (E=3.0, a=2.2)",3.0,5.0,2.2,0.000579,0.999421,-0.6667,0.0,0.903049,-0.737685,1.166052,1.359677,-0.685,Region I (Incident/Reflected)
"Thick Barrier (E=3.0, a=2.2)",3.0,5.0,2.2,0.000579,0.999421,-0.6265,0.0,1.022281,-0.83502,1.319969,1.742317,-0.6849,Region I (Incident/Reflected)
"Thick Barrier (E=3.0, a=2.2)",3.0,5.0,2.2,0.000579,0.999421,-0.5863,0.0,1.131628,-0.924281,1.461122,2.134878,-0.6849,Region I (Incident/Reflected)
"Thick Barrier (E=3.0, a=2.2)",3.0,5.0,2.2,0.000579,0.999421,-0.5462,0.0,1.230033,-1.004605,1.588147,2.522212,-0.6849,Region I (Incident/Reflected)
"Thick Barrier (E=3.0, a=2.2)",3.0,5.0,2.2,0.000579,0.999421,-0.506,0.0,1.316544,-1.075215,1.699816,2.889375,-0.6848,Region I (Incident/Reflected)
"Thick Barrier (E=3.0, a=2.2)",3.0,5.0,2.2,0.000579,0.999421,-0.4659,0.0,1.390324,-1.135428,1.795049,3.222199,-0.6848,Region I (Incident/Reflected)
"Thick Barrier (E=3.0, a=2.2)",3.0,5.0,2.2,0.000579,0.999421,-0.4257,0.0,1.450661,-1.184662,1.872924,3.507844,-0.6848,Region I (Incident/Reflected)
"Thick Barrier (E=3.0, a=2.2)",3.0,5.0,2.2,0.000579,0.999421,-0.3855,0.0,1.496971,-1.222442,1.932689,3.735287,-0.6848,Region I (Incident/Reflected)
"Thick Barrier (E=3.0, a=2.2)",3.0,5.0,2.2,0.000579,0.999421,-0.3454,0.0,1.528806,-1.2484,1.973766,3.895752,-0.6848,Region I (Incident/Reflected)
"Thick Barrier (E=3.0, a=2.2)",3.0,5.0,2.2,0.000579,0.999421,-0.3052,0.0,1.545859,-1.262288,1.995758,3.983049,-0.6848,Region I (Incident/Reflected)
"Thick Barrier (E=3.0, a=2.2)",3.0,5.0,2.2,0.000579,0.999421,-0.2651,0.0,1.547963,-1.26397,1.998452,3.993809,-0.6847,Region I (Incident/Reflected)
"Thick Barrier (E=3.0, a=2.2)",3.0,5.0,2.2,0.000579,0.999421,-0.2249,0.0,1.5351,-1.253429,1.981822,3.927617,-0.6847,Region I (Incident/Reflected)
"Thick Barrier (E=3.0, a=2.2)",3.0,5.0,2.2,0.000579,0.999421,-0.1847,0.0,1.507393,-1.230769,1.946028,3.787026,-0.6847,Region I (Incident/Reflected)
"Thick Barrier (E=3.0, a=2.2)",3.0,5.0,2.2,0.000579,0.999421,-0.1446,0.0,1.46511,-1.196208,1.891418,3.577463,-0.6847,Region I (Incident/Reflected)
"Thick Barrier (E=3.0, a=2.2)",3.0,5.0,2.2,0.000579,0.999421,-0.1044,0.0,1.408661,-1.150081,1.818519,3.307011,-0.6847,Region I (Incident/Reflected)
"Thick Barrier (E=3.0, a=2.2)",3.0,5.0,2.2,0.000579,0.999421,-0.0643,0.0,1.33859,-1.092832,1.728036,2.986107,-0.6847,Region I (Incident/Reflected)
"Thick Barrier (E=3.0, a=2.2)",3.0,5.0,2.2,0.000579,0.999421,-0.0241,0.0,1.255577,-1.025017,1.620843,2.627132,-0.6846,Region I (Incident/Reflected)
"Thick Barrier (E=3.0, a=2.2)",3.0,5.0,2.2,0.000579,0.999421,0.0161,5.0,1.161953,-0.94854,1.499955,2.249865,-0.6846,Region II (Barrier)
"Thick Barrier (E=3.0, a=2.2)",3.0,5.0,2.2,0.000579,0.999421,0.0562,5.0,1.072292,-0.875298,1.38418,1.915955,-0.6846,Region II (Barrier)
"Thick Barrier (E=3.0, a=2.2)",3.0,5.0,2.2,0.000579,0.999421,0.0964,5.0,0.989552,-0.807705,1.277341,1.631599,-0.6846,Region II (Barrier)
"Thick Barrier (E=3.0, a=2.2)",3.0,5.0,2.2,0.000579,0.999421,0.1365,5.0,0.913199,-0.745326,1.178746,1.389443,-0.6845,Region II (Barrier)
"Thick Barrier (E=3.0, a=2.2)",3.0,5.0,2.2,0.000579,0.999421,0.1767,5.0,0.842741,-0.687758,1.08776,1.183223,-0.6845,Region II (Barrier)
"Thick Barrier (E=3.0, a=2.2)",3.0,5.0,2.2,0.000579,0.999421,0.2169,5.0,0.777723,-0.634629,1.003796,1.007607,-0.6844,Region II (Barrier)
"Thick Barrier (E=3.0, a=2.2)",3.0,5.0,2.2,0.000579,0.999421,0.257,5.0,0.717725,-0.585597,0.926311,0.858053,-0.6844,Region II (Barrier)
"Thick Barrier (E=3.0, a=2.2)",3.0,5.0,2.2,0.000579,0.999421,0.2972,5.0,0.66236,-0.540345,0.854806,0.730693,-0.6843,Region II (Barrier)
"Thick Barrier (E=3.0, a=2.2)",3.0,5.0,2.2,0.000579,0.999421,0.3373,5.0,0.611271,-0.498581,0.788818,0.622234,-0.6842,Region II (Barrier)
"Thick Barrier (E=3.0, a=2.2)",3.0,5.0,2.2,0.000579,0.999421,0.3775,5.0,0.564127,-0.460035,0.727923,0.529871,-0.6841,Region II (Barrier)
"Thick Barrier (E=3.0, a=2.2)",3.0,5.0,2.2,0.000579,0.999421,0.4177,5.0,0.520625,-0.424459,0.671725,0.451215,-0.684,Region II (Barrier)
"Thick Barrier (E=3.0, a=2.2)",3.0,5.0,2.2,0.000579,0.999421,0.4578,5.0,0.480483,-0.391622,0.619864,0.384232,-0.6839,Region II (Barrier)
"Thick Barrier (E=3.0, a=2.2)",3.0,5.0,2.2,0.000579,0.999421,0.498,5.0,0.443443,-0.361314,0.572004,0.327189,-0.6837,Region II (Barrier)
"Thick Barrier (E=3.0, a=2.2)",3.0,5.0,2.2,0.000579,0.999421,0.5382,5.0,0.409265,-0.333337,0.527837,0.278612,-0.6835,Region II (Barrier)
"Thick Barrier (E=3.0, a=2.2)",3.0,5.0,2.2,0.000579,0.999421,0.5783,5.0,0.377729,-0.307513,0.487076,0.237243,-0.6833,Region II (Barrier)
"Thick Barrier (E=3.0, a=2.2)",3.0,5.0,2.2,0.000579,0.999421,0.6185,5.0,0.348631,-0.283673,0.44946,0.202014,-0.683,Region II (Barrier)
"Thick Barrier (E=3.0, a=2.2)",3.0,5.0,2.2,0.000579,0.999421,0.6586,5.0,0.321784,-0.261665,0.414745,0.172013,-0.6827,Region II (Barrier)
"Thick Barrier (E=3.0, a=2.2)",3.0,5.0,2.2,0.000579,0.999421,0.6988,5.0,0.297014,-0.241345,0.382707,0.146465,-0.6824,Region II (Barrier)
"Thick Barrier (E=3.0, a=2.2)",3.0,5.0,2.2,0.000579,0.999421,0.739,5.0,0.274161,-0.222584,0.35314,0.124708,-0.6819,Region II (Barrier)
"Thick Barrier (E=3.0, a=2.2)",3.0,5.0,2.2,0.000579,0.999421,0.7791,5.0,0.253078,-0.205259,0.325852,0.106179,-0.6814,Region II (Barrier)
"Thick Barrier (E=3.0, a=2.2)",3.0,5.0,2.2,0.000579,0.999421,0.8193,5.0,0.233628,-0.189259,0.300668,0.090401,-0.6809,Region II (Barrier)
"Thick Barrier (E=3.0, a=2.2)",3.0,5.0,2.2,0.000579,0.999421,0.8594,5.0,0.215686,-0.174481,0.277424,0.076964,-0.6802,Region II (Barrier)
"Thick Barrier (E=3.0, a=2.2)",3.0,5.0,2.2,0.000579,0.999421,0.8996,5.0,0.199137,-0.160829,0.255972,0.065521,-0.6794,Region II (Barrier)
"Thick Barrier (E=3.0, a=2.2)",3.0,5.0,2.2,0.000579,0.999421,0.9398,5.0,0.183873,-0.148215,0.236172,0.055777,-0.6784,Region II (Barrier)
"Thick Barrier (E=3.0, a=2.2)",3.0,5.0,2.2,0.000579,0.999421,0.9799,5.0,0.169796,-0.136558,0.217896,0.047479,-0.6773,Region II (Barrier)
"Thick Barrier (E=3.0, a=2.2)",3.0,5.0,2.2,0.000579,0.999421,1.0201,5.0,0.156815,-0.125783,0.201028,0.040412,-0.676,Region II (Barrier)
"Thick Barrier (E=3.0, a=2.2)",3.0,5.0,2.2,0.000579,0.999421,1.0602,5.0,0.144846,-0.115819,0.185457,0.034394,-0.6745,Region II (Barrier)
"Thick Barrier (E=3.0, a=2.2)",3.0,5.0,2.2,0.000579,0.999421,1.1004,5.0,0.133812,-0.106603,0.171085,0.02927,-0.6727,Region II (Barrier)
"Thick Barrier (E=3.0, a=2.2)",3.0,5.0,2.2,0.000579,0.999421,1.1406,5.0,0.123642,-0.098075,0.157817,0.024906,-0.6706,Region II (Barrier)
"Thick Barrier (E=3.0, a=2.2)",3.0,5.0,2.2,0.000579,0.999421,1.1807,5.0,0.11427,-0.09018,0.145569,0.02119,-0.6681,Region II (Barrier)
"Thick Barrier (E=3.0, a=2.2)",3.0,5.0,2.2,0.000579,0.999421,1.2209,5.0,0.105636,-0.082867,0.134261,0.018026,-0.6652,Region II (Barrier)
"Thick Barrier (E=3.0, a=2.2)",3.0,5.0,2.2,0.000579,0.999421,1.261,5.0,0.097684,-0.07609,0.123821,0.015332,-0.6618,Region II (Barrier)
"Thick Barrier (E=3.0, a=2.2)",3.0,5.0,2.2,0.000579,0.999421,1.3012,5.0,0.090362,-0.069803,0.114183,0.013038,-0.6577,Region II (Barrier)
"Thick Barrier (E=3.0, a=2.2)",3.0,5.0,2.2,0.000579,0.999421,1.3414,5.0,0.083623,-0.063967,0.105283,0.011085,-0.653,Region II (Barrier)
"Thick Barrier (E=3.0, a=2.2)",3.0,5.0,2.2,0.000579,0.999421,1.3815,5.0,0.077424,-0.058544,0.097066,0.009422,-0.6474,Region II (Barrier)
"Thick Barrier (E=3.0, a=2.2)",3.0,5.0,2.2,0.000579,0.999421,1.4217,5.0,0.071725,-0.053498,0.08948,0.008007,-0.6409,Region II (Barrier)
"Thick Barrier (E=3.0, a=2.2)",3.0,5.0,2.2,0.000579,0.999421,1.4618,5.0,0.066489,-0.048798,0.082475,0.006802,-0.6331,Region II (Barrier)
"Thick Barrier (E=3.0, a=2.2)",3.0,5.0,2.2,0.000579,0.999421,1.502,5.0,0.061682,-0.044413,0.076008,0.005777,-0.624,Region II (Barrier)
"Thick Barrier (E=3.0, a=2.2)",3.0,5.0,2.2,0.000579,0.999421,1.5422,5.0,0.057274,-0.040315,0.07004,0.004906,-0.6133,Region II (Barrier)
"Thick Barrier (E=3.0, a=2.2)",3.0,5.0,2.2,0.000579,0.999421,1.5823,5.0,0.053235,-0.036477,0.064533,0.004165,-0.6007,Region II (Barrier)
"Thick Barrier (E=3.0, a=2.2)",3.0,5.0,2.2,0.000579,0.999421,1.6225,5.0,0.049539,-0.032875,0.059455,0.003535,-0.5859,Region II (Barrier)
"Thick Barrier (E=3.0, a=2.2)",3.0,5.0,2.2,0.000579,0.999421,1.6627,5.0,0.046164,-0.029484,0.054776,0.003,-0.5684,Region II (Barrier)
"Thick Barrier (E=3.0, a=2.2)",3.0,5.0,2.2,0.000579,0.999421,1.7028,5.0,0.043086,-0.026284,0.050471,0.002547,-0.5478,Region II (Barrier)
"Thick Barrier (E=3.0, a=2.2)",3.0,5.0,2.2,0.000579,0.999421,1.743,5.0,0.040287,-0.023254,0.046516,0.002164,-0.5235,Region II (Barrier)
"Thick Barrier (E=3.0, a=2.2)",3.0,5.0,2.2,0.000579,0.999421,1.7831,5.0,0.037747,-0.020373,0.042894,0.00184,-0.4949,Region II (Barrier)
"Thick Barrier (E=3.0, a=2.2)",3.0,5.0,2.2,0.000579,0.999421,1.8233,5.0,0.035451,-0.017625,0.039591,0.001567,-0.4614,Region II (Barrier)
"Thick Barrier (E=3.0, a=2.2)",3.0,5.0,2.2,0.000579,0.999421,1.8635,5.0,0.033384,-0.01499,0.036595,0.001339,-0.422,Region II (Barrier)
"Thick Barrier (E=3.0, a=2.2)",3.0,5.0,2.2,0.000579,0.999421,1.9036,5.0,0.031533,-0.012451,0.033902,0.001149,-0.3761,Region II (Barrier)
"Thick Barrier (E=3.0, a=2.2)",3.0,5.0,2.2,0.000579,0.999421,1.9438,5.0,0.029885,-0.009994,0.031512,0.000993,-0.3227,Region II (Barrier)
"Thick Barrier (E=3.0, a=2.2)",3.0,5.0,2.2,0.000579,0.999421,1.9839,5.0,0.02843,-0.0076,0.029428,0.000866,-0.2612,Region II (Barrier)
"Thick Barrier (E=3.0, a=2.2)",3.0,5.0,2.2,0.000579,0.999421,2.0241,5.0,0.027159,-0.005256,0.027662,0.000765,-0.1912,Region II (Barrier)
"Thick Barrier (E=3.0, a=2.2)",3.0,5.0,2.2,0.000579,0.999421,2.0643,5.0,0.026062,-0.002946,0.026228,0.000688,-0.1125,Region II (Barrier)
"Thick Barrier (E=3.0, a=2.2)",3.0,5.0,2.2,0.000579,0.999421,2.1044,5.0,0.025134,-0.000654,0.025143,0.000632,-0.026,Region II (Barrier)
"Thick Barrier (E=3.0, a=2.2)",3.0,5.0,2.2,0.000579,0.999421,2.1446,5.0,0.024369,0.001633,0.024423,0.000597,0.0669,Region II (Barrier)
"Thick Barrier (E=3.0, a=2.2)",3.0,5.0,2.2,0.000579,0.999421,2.1847,5.0,0.02376,0.003931,0.024083,0.00058,0.1639,Region II (Barrier)
"Thick Barrier (E=3.0, a=2.2)",3.0,5.0,2.2,0.000579,0.999421,2.2249,0.0,0.023233,0.006237,0.024055,0.000579,0.2623,Region III (Transmitted)
"Thick Barrier (E=3.0, a=2.2)",3.0,5.0,2.2,0.000579,0.999421,2.2651,0.0,0.022508,0.008489,0.024055,0.000579,0.3607,Region III (Transmitted)
"Thick Barrier (E=3.0, a=2.2)",3.0,5.0,2.2,0.000579,0.999421,2.3052,0.0,0.021565,0.010659,0.024055,0.000579,0.459,Region III (Transmitted)
"Thick Barrier (E=3.0, a=2.2)",3.0,5.0,2.2,0.000579,0.999421,2.3454,0.0,0.020414,0.012725,0.024055,0.000579,0.5574,Region III (Transmitted)
"Thick Barrier (E=3.0, a=2.2)",3.0,5.0,2.2,0.000579,0.999421,2.3855,0.0,0.019065,0.014668,0.024055,0.000579,0.6558,Region III (Transmitted)
"Thick Barrier (E=3.0, a=2.2)",3.0,5.0,2.2,0.000579,0.999421,2.4257,0.0,0.017533,0.01647,0.024055,0.000579,0.7542,Region III (Transmitted)
"Thick Barrier (E=3.0, a=2.2)",3.0,5.0,2.2,0.000579,0.999421,2.4659,0.0,0.01583,0.018112,0.024055,0.000579,0.8525,Region III (Transmitted)
"Thick Barrier (E=3.0, a=2.2)",3.0,5.0,2.2,0.000579,0.999421,2.506,0.0,0.013975,0.01958,0.024055,0.000579,0.9509,Region III (Transmitted)
"Thick Barrier (E=3.0, a=2.2)",3.0,5.0,2.2,0.000579,0.999421,2.5462,0.0,0.011984,0.020857,0.024055,0.000579,1.0493,Region III (Transmitted)
"Thick Barrier (E=3.0, a=2.2)",3.0,5.0,2.2,0.000579,0.999421,2.5863,0.0,0.009878,0.021934,0.024055,0.000579,1.1476,Region III (Transmitted)
"Thick Barrier (E=3.0, a=2.2)",3.0,5.0,2.2,0.000579,0.999421,2.6265,0.0,0.007676,0.022798,0.024055,0.000579,1.246,Region III (Transmitted)
"Thick Barrier (E=3.0, a=2.2)",3.0,5.0,2.2,0.000579,0.999421,2.6667,0.0,0.0054,0.023441,0.024055,0.000579,1.3444,Region III (Transmitted)
"Thick Barrier (E=3.0, a=2.2)",3.0,5.0,2.2,0.000579,0.999421,2.7068,0.0,0.003071,0.023858,0.024055,0.000579,1.4428,Region III (Transmitted)
"Thick Barrier (E=3.0, a=2.2)",3.0,5.0,2.2,0.000579,0.999421,2.747,0.0,0.000713,0.024045,0.024055,0.000579,1.5411,Region III (Transmitted)
"Thick Barrier (E=3.0, a=2.2)",3.0,5.0,2.2,0.000579,0.999421,2.7871,0.0,-0.001652,0.023998,0.024055,0.000579,1.6395,Region III (Transmitted)
"Thick Barrier (E=3.0, a=2.2)",3.0,5.0,2.2,0.000579,0.999421,2.8273,0.0,-0.004001,0.02372,0.024055,0.000579,1.7379,Region III (Transmitted)
"Thick Barrier (E=3.0, a=2.2)",3.0,5.0,2.2,0.000579,0.999421,2.8675,0.0,-0.006311,0.023213,0.024055,0.000579,1.8363,Region III (Transmitted)
"Thick Barrier (E=3.0, a=2.2)",3.0,5.0,2.2,0.000579,0.999421,2.9076,0.0,-0.00856,0.022481,0.024055,0.000579,1.9346,Region III (Transmitted)
"Thick Barrier (E=3.0, a=2.2)",3.0,5.0,2.2,0.000579,0.999421,2.9478,0.0,-0.010727,0.021531,0.024055,0.000579,2.033,Region III (Transmitted)
"Thick Barrier (E=3.0, a=2.2)",3.0,5.0,2.2,0.000579,0.999421,2.988,0.0,-0.01279,0.020373,0.024055,0.000579,2.1314,Region III (Transmitted)
"Thick Barrier (E=3.0, a=2.2)",3.0,5.0,2.2,0.000579,0.999421,3.0281,0.0,-0.014729,0.019019,0.024055,0.000579,2.2298,Region III (Transmitted)
"Thick Barrier (E=3.0, a=2.2)",3.0,5.0,2.2,0.000579,0.999421,3.0683,0.0,-0.016526,0.01748,0.024055,0.000579,2.3281,Region III (Transmitted)
"Thick Barrier (E=3.0, a=2.2)",3.0,5.0,2.2,0.000579,0.999421,3.1084,0.0,-0.018162,0.015773,0.024055,0.000579,2.4265,Region III (Transmitted)
"Thick Barrier (E=3.0, a=2.2)",3.0,5.0,2.2,0.000579,0.999421,3.1486,0.0,-0.019624,0.013913,0.024055,0.000579,2.5249,Region III (Transmitted)
"Thick Barrier (E=3.0, a=2.2)",3.0,5.0,2.2,0.000579,0.999421,3.1888,0.0,-0.020895,0.011918,0.024055,0.000579,2.6232,Region III (Transmitted)
"Thick Barrier (E=3.0, a=2.2)",3.0,5.0,2.2,0.000579,0.999421,3.2289,0.0,-0.021965,0.009808,0.024055,0.000579,2.7216,Region III (Transmitted)
"Thick Barrier (E=3.0, a=2.2)",3.0,5.0,2.2,0.000579,0.999421,3.2691,0.0,-0.022822,0.007604,0.024055,0.000579,2.82,Region III (Transmitted)
"Thick Barrier (E=3.0, a=2.2)",3.0,5.0,2.2,0.000579,0.999421,3.3092,0.0,-0.023458,0.005325,0.024055,0.000579,2.9184,Region III (Transmitted)
"Thick Barrier (E=3.0, a=2.2)",3.0,5.0,2.2,0.000579,0.999421,3.3494,0.0,-0.023868,0.002996,0.024055,0.000579,3.0167,Region III (Transmitted)
"Thick Barrier (E=3.0, a=2.2)",3.0,5.0,2.2,0.000579,0.999421,3.3896,0.0,-0.024047,0.000637,0.024055,0.000579,3.1151,Region III (Transmitted)
"Thick Barrier (E=3.0, a=2.2)",3.0,5.0,2.2,0.000579,0.999421,3.4297,0.0,-0.023993,-0.001728,0.024055,0.000579,-3.0697,Region III (Transmitted)
"Thick Barrier (E=3.0, a=2.2)",3.0,5.0,2.2,0.000579,0.999421,3.4699,0.0,-0.023707,-0.004076,0.024055,0.000579,-2.9713,Region III (Transmitted)
"Thick Barrier (E=3.0, a=2.2)",3.0,5.0,2.2,0.000579,0.999421,3.51,0.0,-0.023192,-0.006385,0.024055,0.000579,-2.873,Region III (Transmitted)
"Thick Barrier (E=3.0, a=2.2)",3.0,5.0,2.2,0.000579,0.999421,3.5502,0.0,-0.022453,-0.008632,0.024055,0.000579,-2.7746,Region III (Transmitted)
"Thick Barrier (E=3.0, a=2.2)",3.0,5.0,2.2,0.000579,0.999421,3.5904,0.0,-0.021497,-0.010795,0.024055,0.000579,-2.6762,Region III (Transmitted)
"Thick Barrier (E=3.0, a=2.2)",3.0,5.0,2.2,0.000579,0.999421,3.6305,0.0,-0.020333,-0.012854,0.024055,0.000579,-2.5778,Region III (Transmitted)
"Thick Barrier (E=3.0, a=2.2)",3.0,5.0,2.2,0.000579,0.999421,3.6707,0.0,-0.018972,-0.014789,0.024055,0.000579,-2.4795,Region III (Transmitted)
"Thick Barrier (E=3.0, a=2.2)",3.0,5.0,2.2,0.000579,0.999421,3.7108,0.0,-0.017428,-0.016581,0.024055,0.000579,-2.3811,Region III (Transmitted)
"Thick Barrier (E=3.0, a=2.2)",3.0,5.0,2.2,0.000579,0.999421,3.751,0.0,-0.015715,-0.018212,0.024055,0.000579,-2.2827,Region III (Transmitted)
"Thick Barrier (E=3.0, a=2.2)",3.0,5.0,2.2,0.000579,0.999421,3.7912,0.0,-0.01385,-0.019668,0.024055,0.000579,-2.1843,Region III (Transmitted)
"Thick Barrier (E=3.0, a=2.2)",3.0,5.0,2.2,0.000579,0.999421,3.8313,0.0,-0.011852,-0.020933,0.024055,0.000579,-2.086,Region III (Transmitted)
"Thick Barrier (E=3.0, a=2.2)",3.0,5.0,2.2,0.000579,0.999421,3.8715,0.0,-0.009738,-0.021996,0.024055,0.000579,-1.9876,Region III (Transmitted)
"Thick Barrier (E=3.0, a=2.2)",3.0,5.0,2.2,0.000579,0.999421,3.9116,0.0,-0.007531,-0.022846,0.024055,0.000579,-1.8892,Region III (Transmitted)
"Thick Barrier (E=3.0, a=2.2)",3.0,5.0,2.2,0.000579,0.999421,3.9518,0.0,-0.005251,-0.023475,0.024055,0.000579,-1.7909,Region III (Transmitted)
"Thick Barrier (E=3.0, a=2.2)",3.0,5.0,2.2,0.000579,0.999421,3.992,0.0,-0.00292,-0.023877,0.024055,0.000579,-1.6925,Region III (Transmitted)
"Thick Barrier (E=3.0, a=2.2)",3.0,5.0,2.2,0.000579,0.999421,4.0321,0.0,-0.000561,-0.024049,0.024055,0.000579,-1.5941,Region III (Transmitted)
"Thick Barrier (E=3.0, a=2.2)",3.0,5.0,2.2,0.000579,0.999421,4.0723,0.0,0.001804,-0.023988,0.024055,0.000579,-1.4957,Region III (Transmitted)
"Thick Barrier (E=3.0, a=2.2)",3.0,5.0,2.2,0.000579,0.999421,4.1124,0.0,0.004151,-0.023694,0.024055,0.000579,-1.3974,Region III (Transmitted)
"Thick Barrier (E=3.0, a=2.2)",3.0,5.0,2.2,0.000579,0.999421,4.1526,0.0,0.006458,-0.023172,0.024055,0.000579,-1.299,Region III (Transmitted)
"Thick Barrier (E=3.0, a=2.2)",3.0,5.0,2.2,0.000579,0.999421,4.1928,0.0,0.008703,-0.022426,0.024055,0.000579,-1.2006,Region III (Transmitted)
"Thick Barrier (E=3.0, a=2.2)",3.0,5.0,2.2,0.000579,0.999421,4.2329,0.0,0.010863,-0.021463,0.024055,0.000579,-1.1022,Region III (Transmitted)
"Thick Barrier (E=3.0, a=2.2)",3.0,5.0,2.2,0.000579,0.999421,4.2731,0.0,0.012919,-0.020292,0.024055,0.000579,-1.0039,Region III (Transmitted)
"Thick Barrier (E=3.0, a=2.2)",3.0,5.0,2.2,0.000579,0.999421,4.3133,0.0,0.014849,-0.018925,0.024055,0.000579,-0.9055,Region III (Transmitted)
"Thick Barrier (E=3.0, a=2.2)",3.0,5.0,2.2,0.000579,0.999421,4.3534,0.0,0.016636,-0.017375,0.024055,0.000579,-0.8071,Region III (Transmitted)
"Thick Barrier (E=3.0, a=2.2)",3.0,5.0,2.2,0.000579,0.999421,4.3936,0.0,0.018262,-0.015657,0.024055,0.000579,-0.7087,Region III (Transmitted)
"Thick Barrier (E=3.0, a=2.2)",3.0,5.0,2.2,0.000579,0.999421,4.4337,0.0,0.019712,-0.013788,0.024055,0.000579,-0.6104,Region III (Transmitted)
"Thick Barrier (E=3.0, a=2.2)",3.0,5.0,2.2,0.000579,0.999421,4.4739,0.0,0.020971,-0.011785,0.024055,0.000579,-0.512,Region III (Transmitted)
"Thick Barrier (E=3.0, a=2.2)",3.0,5.0,2.2,0.000579,0.999421,4.5141,0.0,0.022027,-0.009669,0.024055,0.000579,-0.4136,Region III (Transmitted)
"Thick Barrier (E=3.0, a=2.2)",3.0,5.0,2.2,0.000579,0.999421,4.5542,0.0,0.02287,-0.007459,0.024055,0.000579,-0.3153,Region III (Transmitted)
"Thick Barrier (E=3.0, a=2.2)",3.0,5.0,2.2,0.000579,0.999421,4.5944,0.0,0.023492,-0.005176,0.024055,0.000579,-0.2169,Region III (Transmitted)
"Thick Barrier (E=3.0, a=2.2)",3.0,5.0,2.2,0.000579,0.999421,4.6345,0.0,0.023887,-0.002844,0.024055,0.000579,-0.1185,Region III (Transmitted)
"Thick Barrier (E=3.0, a=2.2)",3.0,5.0,2.2,0.000579,0.999421,4.6747,0.0,0.02405,-0.000484,0.024055,0.000579,-0.0201,Region III (Transmitted)
"Thick Barrier (E=3.0, a=2.2)",3.0,5.0,2.2,0.000579,0.999421,4.7149,0.0,0.023982,0.00188,0.024055,0.000579,0.0782,Region III (Transmitted)
"Thick Barrier (E=3.0, a=2.2)",3.0,5.0,2.2,0.000579,0.999421,4.755,0.0,0.023681,0.004226,0.024055,0.000579,0.1766,Region III (Transmitted)
"Thick Barrier (E=3.0, a=2.2)",3.0,5.0,2.2,0.000579,0.999421,4.7952,0.0,0.023151,0.006532,0.024055,0.000579,0.275,Region III (Transmitted)
"Thick Barrier (E=3.0, a=2.2)",3.0,5.0,2.2,0.000579,0.999421,4.8353,0.0,0.022398,0.008774,0.024055,0.000579,0.3734,Region III (Transmitted)
"Thick Barrier (E=3.0, a=2.2)",3.0,5.0,2.2,0.000579,0.999421,4.8755,0.0,0.021428,0.010931,0.024055,0.000579,0.4717,Region III (Transmitted)
"Thick Barrier (E=3.0, a=2.2)",3.0,5.0,2.2,0.000579,0.999421,4.9157,0.0,0.020251,0.012983,0.024055,0.000579,0.5701,Region III (Transmitted)
"Thick Barrier (E=3.0, a=2.2)",3.0,5.0,2.2,0.000579,0.999421,4.9558,0.0,0.018878,0.014909,0.024055,0.000579,0.6685,Region III (Transmitted)
"Thick Barrier (E=3.0, a=2.2)",3.0,5.0,2.2,0.000579,0.999421,4.996,0.0,0.017322,0.016691,0.024055,0.000579,0.7668,Region III (Transmitted)
"Thick Barrier (E=3.0, a=2.2)",3.0,5.0,2.2,0.000579,0.999421,5.0361,0.0,0.015599,0.018312,0.024055,0.000579,0.8652,Region III (Transmitted)
"Thick Barrier (E=3.0, a=2.2)",3.0,5.0,2.2,0.000579,0.999421,5.0763,0.0,0.013725,0.019755,0.024055,0.000579,0.9636,Region III (Transmitted)
"Thick Barrier (E=3.0, a=2.2)",3.0,5.0,2.2,0.000579,0.999421,5.1165,0.0,0.011719,0.021008,0.024055,0.000579,1.062,Region III (Transmitted)
"Thick Barrier (E=3.0, a=2.2)",3.0,5.0,2.2,0.000579,0.999421,5.1566,0.0,0.009599,0.022057,0.024055,0.000579,1.1603,Region III (Transmitted)
"Thick Barrier (E=3.0, a=2.2)",3.0,5.0,2.2,0.000579,0.999421,5.1968,0.0,0.007386,0.022893,0.024055,0.000579,1.2587,Region III (Transmitted)
"Thick Barrier (E=3.0, a=2.2)",3.0,5.0,2.2,0.000579,0.999421,5.2369,0.0,0.005102,0.023508,0.024055,0.000579,1.3571,Region III (Transmitted)
"Thick Barrier (E=3.0, a=2.2)",3.0,5.0,2.2,0.000579,0.999421,5.2771,0.0,0.002768,0.023895,0.024055,0.000579,1.4555,Region III (Transmitted)
"Thick Barrier (E=3.0, a=2.2)",3.0,5.0,2.2,0.000579,0.999421,5.3173,0.0,0.000408,0.024052,0.024055,0.000579,1.5538,Region III (Transmitted)
"Thick Barrier (E=3.0, a=2.2)",3.0,5.0,2.2,0.000579,0.999421,5.3574,0.0,-0.001956,0.023976,0.024055,0.000579,1.6522,Region III (Transmitted)
"Thick Barrier (E=3.0, a=2.2)",3.0,5.0,2.2,0.000579,0.999421,5.3976,0.0,-0.004301,0.023668,0.024055,0.000579,1.7506,Region III (Transmitted)
"Thick Barrier (E=3.0, a=2.2)",3.0,5.0,2.2,0.000579,0.999421,5.4378,0.0,-0.006605,0.023131,0.024055,0.000579,1.849,Region III (Transmitted)
"Thick Barrier (E=3.0, a=2.2)",3.0,5.0,2.2,0.000579,0.999421,5.4779,0.0,-0.008845,0.02237,0.024055,0.000579,1.9473,Region III (Transmitted)
"Thick Barrier (E=3.0, a=2.2)",3.0,5.0,2.2,0.000579,0.999421,5.5181,0.0,-0.010999,0.021393,0.024055,0.000579,2.0457,Region III (Transmitted)
"Thick Barrier (E=3.0, a=2.2)",3.0,5.0,2.2,0.000579,0.999421,5.5582,0.0,-0.013047,0.02021,0.024055,0.000579,2.1441,Region III (Transmitted)
"Thick Barrier (E=3.0, a=2.2)",3.0,5.0,2.2,0.000579,0.999421,5.5984,0.0,-0.014969,0.01883,0.024055,0.000579,2.2424,Region III (Transmitted)
"Thick Barrier (E=3.0, a=2.2)",3.0,5.0,2.2,0.000579,0.999421,5.6386,0.0,-0.016746,0.017269,0.024055,0.000579,2.3408,Region III (Transmitted)
"Thick Barrier (E=3.0, a=2.2)",3.0,5.0,2.2,0.000579,0.999421,5.6787,0.0,-0.018361,0.015541,0.024055,0.000579,2.4392,Region III (Transmitted)
"Thick Barrier (E=3.0, a=2.2)",3.0,5.0,2.2,0.000579,0.999421,5.7189,0.0,-0.019799,0.013663,0.024055,0.000579,2.5376,Region III (Transmitted)
"Thick Barrier (E=3.0, a=2.2)",3.0,5.0,2.2,0.000579,0.999421,5.759,0.0,-0.021045,0.011652,0.024055,0.000579,2.6359,Region III (Transmitted)
"Thick Barrier (E=3.0, a=2.2)",3.0,5.0,2.2,0.000579,0.999421,5.7992,0.0,-0.022088,0.009529,0.024055,0.000579,2.7343,Region III (Transmitted)
"Thick Barrier (E=3.0, a=2.2)",3.0,5.0,2.2,0.000579,0.999421,5.8394,0.0,-0.022917,0.007313,0.024055,0.000579,2.8327,Region III (Transmitted)
"Thick Barrier (E=3.0, a=2.2)",3.0,5.0,2.2,0.000579,0.999421,5.8795,0.0,-0.023524,0.005027,0.024055,0.000579,2.9311,Region III (Transmitted)
"Thick Barrier (E=3.0, a=2.2)",3.0,5.0,2.2,0.000579,0.999421,5.9197,0.0,-0.023904,0.002692,0.024055,0.000579,3.0294,Region III (Transmitted)
"Thick Barrier (E=3.0, a=2.2)",3.0,5.0,2.2,0.000579,0.999421,5.9598,0.0,-0.024053,0.000332,0.024055,0.000579,3.1278,Region III (Transmitted)
"Thick Barrier (E=3.0, a=2.2)",3.0,5.0,2.2,0.000579,0.999421,6.0,0.0,-0.023969,-0.002032,0.024055,0.000579,-3.057,Region III (Transmitted)
"High Barrier (E=3.0, V0=8.0)",3.0,8.0,1.5,0.000284,0.999716,-4.0,0.0,-1.051401,1.357182,1.716796,2.947388,2.2299,Region I (Incident/Reflected)
"High Barrier (E=3.0, V0=8.0)",3.0,8.0,1.5,0.000284,0.999716,-3.9598,0.0,-0.984637,1.270974,1.607758,2.584885,2.2299,Region I (Incident/Reflected)
"High Barrier (E=3.0, V0=8.0)",3.0,8.0,1.5,0.000284,0.999716,-3.9197,0.0,-0.908352,1.172477,1.483174,2.199804,2.2299,Region I (Incident/Reflected)
"High Barrier (E=3.0, V0=8.0)",3.0,8.0,1.5,0.000284,0.999716,-3.8795,0.0,-0.823283,1.062642,1.344248,1.807003,2.23,Region I (Incident/Reflected)
"High Barrier (E=3.0, V0=8.0)",3.0,8.0,1.5,0.000284,0.999716,-3.8394,0.0,-0.730254,0.942532,1.192324,1.421637,2.23,Region I (Incident/Reflected)
"High Barrier (E=3.0, V0=8.0)",3.0,8.0,1.5,0.000284,0.999716,-3.7992,0.0,-0.630164,0.813308,1.028871,1.058576,2.23,Region I (Incident/Reflected)
"High Barrier (E=3.0, V0=8.0)",3.0,8.0,1.5,0.000284,0.999716,-3.759,0.0,-0.52398,0.67622,0.85547,0.731828,2.23,Region I (Incident/Reflected)
"High Barrier (E=3.0, V0=8.0)",3.0,8.0,1.5,0.000284,0.999716,-3.7189,0.0,-0.41273,0.532593,0.673796,0.454001,2.2301,Region I (Incident/Reflected)
"High Barrier (E=3.0, V0=8.0)",3.0,8.0,1.5,0.000284,0.999716,-3.6787,0.0,-0.297489,0.383816,0.485607,0.235814,2.2302,Region I (Incident/Reflected)
"High Barrier (E=3.0, V0=8.0)",3.0,8.0,1.5,0.000284,0.999716,-3.6386,0.0,-0.179371,0.231328,0.292723,0.085687,2.2304,Region I (Incident/Reflected)
"High Barrier (E=3.0, V0=8.0)",3.0,8.0,1.5,0.000284,0.999716,-3.5984,0.0,-0.059519,0.076604,0.097008,0.009411,2.2313,Region I (Incident/Reflected)
"High Barrier (E=3.0, V0=8.0)",3.0,8.0,1.5,0.000284,0.999716,-3.5582,0.0,0.060909,-0.078862,0.099645,0.009929,-0.9131,Region I (Incident/Reflected)
"High Barrier (E=3.0, V0=8.0)",3.0,8.0,1.5,0.000284,0.999716,-3.5181,0.0,0.180747,-0.233565,0.295334,0.087222,-0.9122,Region I (Incident/Reflected)
"High Barrier (E=3.0, V0=8.0)",3.0,8.0,1.5,0.000284,0.999716,-3.4779,0.0,0.298838,-0.386009,0.488168,0.238308,-0.912,Region I (Incident/Reflected)
"High Barrier (E=3.0, V0=8.0)",3.0,8.0,1.5,0.000284,0.999716,-3.4378,0.0,0.41404,-0.534721,0.676281,0.457356,-0.9119,Region I (Incident/Reflected)
"High Barrier (E=3.0, V0=8.0)",3.0,8.0,1.5,0.000284,0.999716,-3.3976,0.0,0.525238,-0.678263,0.857855,0.735915,-0.9119,Region I (Incident/Reflected)
"High Barrier (E=3.0, V0=8.0)",3.0,8.0,1.5,0.000284,0.999716,-3.3574,0.0,0.631357,-0.815246,1.031134,1.063237,-0.9118,Region I (Incident/Reflected)
"High Barrier (E=3.0, V0=8.0)",3.0,8.0,1.5,0.000284,0.999716,-3.3173,0.0,0.731371,-0.944346,1.194442,1.426692,-0.9118,Region I (Incident/Reflected)
"High Barrier (E=3.0, V0=8.0)",3.0,8.0,1.5,0.000284,0.999716,-3.2771,0.0,0.824313,-1.064315,1.346201,1.812258,-0.9118,Region I (Incident/Reflected)
"High Barrier (E=3.0, V0=8.0)",3.0,8.0,1.5,0.000284,0.999716,-3.2369,0.0,0.909284,-1.173992,1.484943,2.205056,-0.9118,Region I (Incident/Reflected)
"High Barrier (E=3.0, V0=8.0)",3.0,8.0,1.5,0.000284,0.999716,-3.1968,0.0,0.985464,-1.272318,1.609326,2.589931,-0.9118,Region I (Incident/Reflected)
"High Barrier (E=3.0, V0=8.0)",3.0,8.0,1.5,0.000284,0.999716,-3.1566,0.0,1.052114,-1.358341,1.718148,2.952033,-0.9118,Region I (Incident/Reflected)
"High Barrier (E=3.0, V0=8.0)",3.0,8.0,1.5,0.000284,0.999716,-3.1165,0.0,1.108591,-1.431229,1.810357,3.277391,-0.9118,Region I (Incident/Reflected)
"High Barrier (E=3.0, V0=8.0)",3.0,8.0,1.5,0.000284,0.999716,-3.0763,0.0,1.154348,-1.490278,1.88506,3.55345,-0.9117,Region I (Incident/Reflected)
"High Barrier (E=3.0, V0=8.0)",3.0,8.0,1.5,0.000284,0.999716,-3.0361,0.0,1.188944,-1.534918,1.941535,3.76956,-0.9117,Region I (Incident/Reflected)
"High Barrier (E=3.0, V0=8.0)",3.0,8.0,1.5,0.000284,0.999716,-2.996,0.0,1.212043,-1.564715,1.979237,3.917381,-0.9117,Region I (Incident/Reflected)
"High Barrier (E=3.0, V0=8.0)",3.0,8.0,1.5,0.000284,0.999716,-2.9558,0.0,1.223422,-1.579382,1.997801,3.99121,-0.9117,Region I (Incident/Reflected)
"High Barrier (E=3.0, V0=8.0)",3.0,8.0,1.5,0.000284,0.999716,-2.9157,0.0,1.222972,-1.578778,1.997048,3.988199,-0.9117,Region I (Incident/Reflected)
"High Barrier (E=3.0, V0=8.0)",3.0,8.0,1.5,0.000284,0.999716,-2.8755,0.0,1.210696,-1.562907,1.976983,3.908464,-0.9117,Region I (Incident/Reflected)
"High Barrier (E=3.0, V0=8.0)",3.0,8.0,1.5,0.000284,0.999716,-2.8353,0.0,1.186713,-1.531924,1.937803,3.75508,-0.9117,Region I (Incident/Reflected)
"High Barrier (E=3.0, V0=8.0)",3.0,8.0,1.5,0.000284,0.999716,-2.7952,0.0,1.151255,-1.486129,1.879885,3.533967,-0.9117,Region I (Incident/Reflected)
"High Barrier (E=3.0, V0=8.0)",3.0,8.0,1.5,0.000284,0.999716,-2.755,0.0,1.104666,-1.425963,1.803789,3.253656,-0.9117,Region I (Incident/Reflected)
"High Barrier (E=3.0, V0=8.0)",3.0,8.0,1.5,0.000284,0.999716,-2.7149,0.0,1.047394,-1.352009,1.710252,2.924963,-0.9117,Region I (Incident/Reflected)
"High Barrier (E=3.0, V0=8.0)",3.0,8.0,1.5,0.000284,0.999716,-2.6747,0.0,0.979996,-1.264982,1.600178,2.560569,-0.9117,Region I (Incident/Reflected)
"High Barrier (E=3.0, V0=8.0)",3.0,8.0,1.5,0.000284,0.999716,-2.6345,0.0,0.903121,-1.165723,1.474631,2.174536,-0.9117,Region I (Incident/Reflected)
"High Barrier (E=3.0, V0=8.0)",3.0,8.0,1.5,0.000284,0.999716,-2.5944,0.0,0.817513,-1.055192,1.334825,1.781757,-0.9116,Region I (Incident/Reflected)
"High Barrier (E=3.0, V0=8.0)",3.0,8.0,1.5,0.000284,0.999716,-2.5542,0.0,0.724,-0.934458,1.182111,1.397387,-0.9116,Region I (Incident/Reflected)
"High Barrier (E=3.0, V0=8.0)",3.0,8.0,1.5,0.000284,0.999716,-2.5141,0.0,0.623487,-0.804688,1.017968,1.036259,-0.9116,Region I (Incident/Reflected)
"High Barrier (E=3.0, V0=8.0)",3.0,8.0,1.5,0.000284,0.999716,-2.4739,0.0,0.516945,-0.667137,0.843981,0.712304,-0.9116,Region I (Incident/Reflected)
"High Barrier (E=3.0, V0=8.0)",3.0,8.0,1.5,0.000284,0.999716,-2.4337,0.0,0.405404,-0.523136,0.661834,0.438024,-0.9115,Region I (Incident/Reflected)
"High Barrier (E=3.0, V0=8.0)",3.0,8.0,1.5,0.000284,0.999716,-2.3936,0.0,0.289944,-0.374076,0.473286,0.224,-0.9114,Region I (Incident/Reflected)
"High Barrier (E=3.0, V0=8.0)",3.0,8.0,1.5,0.000284,0.999716,-2.3534,0.0,0.171679,-0.221399,0.280163,0.078491,-0.9112,Region I (Incident/Reflected)
"High Barrier (E=3.0, V0=8.0)",3.0,8.0,1.5,0.000284,0.999716,-2.3133,0.0,0.051755,-0.066581,0.08433,0.007112,-0.91,Region I (Incident/Reflected)
"High Barrier (E=3.0, V0=8.0)",3.0,8.0,1.5,0.000284,0.999716,-2.2731,0.0,-0.06867,0.088881,0.112318,0.012615,2.2286,Region I (Incident/Reflected)
"High Barrier (E=3.0, V0=8.0)",3.0,8.0,1.5,0.000284,0.999716,-2.2329,0.0,-0.18843,0.243483,0.30788,0.09479,2.2294,Region I (Incident/Reflected)
"High Barrier (E=3.0, V0=8.0)",3.0,8.0,1.5,0.000284,0.999716,-2.1928,0.0,-0.306369,0.395731,0.500465,0.250465,2.2296,Region I (Incident/Reflected)
"High Barrier (E=3.0, V0=8.0)",3.0,8.0,1.5,0.000284,0.999716,-2.1526,0.0,-0.421346,0.544152,0.68821,0.473634,2.2297,Region I (Incident/Reflected)
"High Barrier (E=3.0, V0=8.0)",3.0,8.0,1.5,0.000284,0.999716,-2.1124,0.0,-0.532248,0.687312,0.869302,0.755685,2.2297,Region I (Incident/Reflected)
"High Barrier (E=3.0, V0=8.0)",3.0,8.0,1.5,0.000284,0.999716,-2.0723,0.0,-0.638003,0.823826,1.041987,1.085737,2.2298,Region I (Incident/Reflected)
"High Barrier (E=3.0, V0=8.0)",3.0,8.0,1.5,0.000284,0.999716,-2.0321,0.0,-0.73759,0.952373,1.204597,1.451054,2.2298,Region I (Incident/Reflected)
"High Barrier (E=3.0, V0=8.0)",3.0,8.0,1.5,0.000284,0.999716,-1.992,0.0,-0.830044,1.071712,1.355559,1.837541,2.2298,Region I (Incident/Reflected)
"High Barrier (E=3.0, V0=8.0)",3.0,8.0,1.5,0.000284,0.999716,-1.9518,0.0,-0.914472,1.180688,1.493414,2.230285,2.2298,Region I (Incident/Reflected)
"High Barrier (E=3.0, V0=8.0)",3.0,8.0,1.5,0.000284,0.999716,-1.9116,0.0,-0.990058,1.278248,1.616828,2.614132,2.2298,Region I (Incident/Reflected)
"High Barrier (E=3.0, V0=8.0)",3.0,8.0,1.5,0.000284,0.999716,-1.8715,0.0,-1.056071,1.363447,1.724608,2.974273,2.2298,Region I (Incident/Reflected)
"High Barrier (E=3.0, V0=8.0)",3.0,8.0,1.5,0.000284,0.999716,-1.8313,0.0,-1.111871,1.435463,1.815712,3.296812,2.2298,Region I (Incident/Reflected)
"High Barrier (E=3.0, V0=8.0)",3.0,8.0,1.5,0.000284,0.999716,-1.7912,0.0,-1.156921,1.493598,1.88926,3.569302,2.2298,Region I (Incident/Reflected)
"High Barrier (E=3.0, V0=8.0)",3.0,8.0,1.5,0.000284,0.999716,-1.751,0.0,-1.190784,1.537291,1.944539,3.781231,2.2299,Region I (Incident/Reflected)
"High Barrier (E=3.0, V0=8.0)",3.0,8.0,1.5,0.000284,0.999716,-1.7108,0.0,-1.213133,1.56612,1.981015,3.924422,2.2299,Region I (Incident/Reflected)
"High Barrier (E=3.0, V0=8.0)",3.0,8.0,1.5,0.000284,0.999716,-1.6707,0.0,-1.223751,1.579805,1.998337,3.993349,2.2299,Region I (Incident/Reflected)
"High Barrier (E=3.0, V0=8.0)",3.0,8.0,1.5,0.000284,0.999716,-1.6305,0.0,-1.222536,1.578214,1.996335,3.985353,2.2299,Region I (Incident/Reflected)
"High Barrier (E=3.0, V0=8.0)",3.0,8.0,1.5,0.000284,0.999716,-1.5904,0.0,-1.2095,1.561362,1.97503,3.900742,2.2299,Region I (Incident/Reflected)
"High Barrier (E=3.0, V0=8.0)",3.0,8.0,1.5,0.000284,0.999716,-1.5502,0.0,-1.184769,1.529413,1.934627,3.742782,2.2299,Region I (Incident/Reflected)
"High Barrier (E=3.0, V0=8.0)",3.0,8.0,1.5,0.000284,0.999716,-1.51,0.0,-1.148582,1.482676,1.875518,3.517566,2.2299,Region I (Incident/Reflected)
"High Barrier (E=3.0, V0=8.0)",3.0,8.0,1.5,0.000284,0.999716,-1.4699,0.0,-1.101288,1.421601,1.798273,3.233785,2.2299,Region I (Incident/Reflected)
"High Barrier (E=3.0, V0=8.0)",3.0,8.0,1.5,0.000284,0.999716,-1.4297,0.0,-1.043346,1.346781,1.70364,2.902389,2.2299,Region I (Incident/Reflected)
"High Barrier (E=3.0, V0=8.0)",3.0,8.0,1.5,0.000284,0.999716,-1.3896,0.0,-0.975315,1.258938,1.592534,2.536163,2.2299,Region I (Incident/Reflected)
"High Barrier (E=3.0, V0=8.0)",3.0,8.0,1.5,0.000284,0.999716,-1.3494,0.0,-0.897853,1.158921,1.466028,2.149239,2.2299,Region I (Incident/Reflected)
"High Barrier (E=3.0, V0=8.0)",3.0,8.0,1.5,0.000284,0.999716,-1.3092,0.0,-0.81171,1.047699,1.325347,1.756546,2.23,Region I (Incident/Reflected)
"High Barrier (E=3.0, V0=8.0)",3.0,8.0,1.5,0.000284,0.999716,-1.2691,0.0,-0.717717,0.926346,1.171851,1.373235,2.23,Region I (Incident/Reflected)
"High Barrier (E=3.0, V0=8.0)",3.0,8.0,1.5,0.000284,0.999716,-1.2289,0.0,-0.616785,0.796035,1.007024,1.014097,2.23,Region I (Incident/Reflected)
"High Barrier (E=3.0, V0=8.0)",3.0,8.0,1.5,0.000284,0.999716,-1.1888,0.0,-0.509889,0.658028,0.832459,0.692988,2.23,Region I (Incident/Reflected)
"High Barrier (E=3.0, V0=8.0)",3.0,8.0,1.5,0.000284,0.999716,-1.1486,0.0,-0.398063,0.513657,0.649844,0.422298,2.2301,Region I (Incident/Reflected)
"High Barrier (E=3.0, V0=8.0)",3.0,8.0,1.5,0.000284,0.999716,-1.1084,0.0,-0.282387,0.36432,0.460946,0.212472,2.2302,Region I (Incident/Reflected)
"High Barrier (E=3.0, V0=8.0)",3.0,8.0,1.5,0.000284,0.999716,-1.0683,0.0,-0.163981,0.21146,0.267591,0.071605,2.2304,Region I (Incident/Reflected)
"High Barrier (E=3.0, V0=8.0)",3.0,8.0,1.5,0.000284,0.999716,-1.0281,0.0,-0.043989,0.056556,0.071649,0.005134,2.2319,Region I (Incident/Reflected)
"High Barrier (E=3.0, V0=8.0)",3.0,8.0,1.5,0.000284,0.999716,-0.988,0.0,0.076428,-0.098896,0.124987,0.015622,-0.9129,Region I (Incident/Reflected)
"High Barrier (E=3.0, V0=8.0)",3.0,8.0,1.5,0.000284,0.999716,-0.9478,0.0,0.196106,-0.253391,0.320413,0.102665,-0.9122,Region I (Incident/Reflected)
"High Barrier (E=3.0, V0=8.0)",3.0,8.0,1.5,0.000284,0.999716,-0.9076,0.0,0.313888,-0.405436,0.512742,0.262904,-0.912,Region I (Incident/Reflected)
"High Barrier (E=3.0, V0=8.0)",3.0,8.0,1.5,0.000284,0.999716,-0.8675,0.0,0.428634,-0.553561,0.700112,0.490157,-0.9119,Region I (Incident/Reflected)
"High Barrier (E=3.0, V0=8.0)",3.0,8.0,1.5,0.000284,0.999716,-0.8273,0.0,0.539236,-0.696333,0.880713,0.775656,-0.9119,Region I (Incident/Reflected)
"High Barrier (E=3.0, V0=8.0)",3.0,8.0,1.5,0.000284,0.999716,-0.7871,0.0,0.644624,-0.832372,1.052798,1.108384,-0.9118,Region I (Incident/Reflected)
"High Barrier (E=3.0, V0=8.0)",3.0,8.0,1.5,0.000284,0.999716,-0.747,0.0,0.743779,-0.960363,1.214703,1.475504,-0.9118,Region I (Incident/Reflected)
"High Barrier (E=3.0, V0=8.0)",3.0,8.0,1.5,0.000284,0.999716,-0.7068,0.0,0.835742,-1.079067,1.364862,1.86285,-0.9118,Region I (Incident/Reflected)
"High Barrier (E=3.0, V0=8.0)",3.0,8.0,1.5,0.000284,0.999716,-0.6667,0.0,0.919623,-1.187337,1.501824,2.255476,-0.9118,Region I (Incident/Reflected)
"High Barrier (E=3.0, V0=8.0)",3.0,8.0,1.5,0.000284,0.999716,-0.6265,0.0,0.994613,-1.284126,1.624264,2.638235,-0.9118,Region I (Incident/Reflected)
"High Barrier (E=3.0, V0=8.0)",3.0,8.0,1.5,0.000284,0.999716,-0.5863,0.0,1.059985,-1.368499,1.730999,2.996356,-0.9118,Region I (Incident/Reflected)
"High Barrier (E=3.0, V0=8.0)",3.0,8.0,1.5,0.000284,0.999716,-0.5462,0.0,1.115107,-1.439639,1.820995,3.316023,-0.9118,Region I (Incident/Reflected)
"High Barrier (E=3.0, V0=8.0)",3.0,8.0,1.5,0.000284,0.999716,-0.506,0.0,1.159447,-1.496858,1.893384,3.584901,-0.9117,Region I (Incident/Reflected)
"High Barrier (E=3.0, V0=8.0)",3.0,8.0,1.5,0.000284,0.999716,-0.4659,0.0,1.192576,-1.539603,1.947464,3.792616,-0.9117,Region I (Incident/Reflected)
"High Barrier (E=3.0, V0=8.0)",3.0,8.0,1.5,0.000284,0.999716,-0.4257,0.0,1.214173,-1.567462,1.982713,3.931153,-0.9117,Region I (Incident/Reflected)
"High Barrier (E=3.0, V0=8.0)",3.0,8.0,1.5,0.000284,0.999716,-0.3855,0.0,1.22403,-1.580164,1.998791,3.995166,-0.9117,Region I (Incident/Reflected)
"High Barrier (E=3.0, V0=8.0)",3.0,8.0,1.5,0.000284,0.999716,-0.3454,0.0,1.222051,-1.577586,1.995542,3.982187,-0.9117,Region I (Incident/Reflected)
"High Barrier (E=3.0, V0=8.0)",3.0,8.0,1.5,0.000284,0.999716,-0.3052,0.0,1.208256,-1.559754,1.972996,3.892715,-0.9117,Region I (Incident/Reflected)
"High Barrier (E=3.0, V0=8.0)",3.0,8.0,1.5,0.000284,0.999716,-0.2651,0.0,1.182777,-1.52684,1.931373,3.730202,-0.9117,Region I (Incident/Reflected)
"High Barrier (E=3.0, V0=8.0)",3.0,8.0,1.5,0.000284,0.999716,-0.2249,0.0,1.145861,-1.479163,1.871075,3.500921,-0.9117,Region I (Incident/Reflected)
"High Barrier (E=3.0, V0=8.0)",3.0,8.0,1.5,0.000284,0.999716,-0.1847,0.0,1.097866,-1.417182,1.792684,3.213716,-0.9117,Region I (Incident/Reflected)
"High Barrier (E=3.0, V0=8.0)",3.0,8.0,1.5,0.000284,0.999716,-0.1446,0.0,1.039255,-1.341499,1.696959,2.879669,-0.9117,Region I (Incident/Reflected)
"High Barrier (E=3.0, V0=8.0)",3.0,8.0,1.5,0.000284,0.999716,-0.1044,0.0,0.970595,-1.252843,1.584825,2.511671,-0.9117,Region I (Incident/Reflected)
"High Barrier (E=3.0, V0=8.0)",3.0,8.0,1.5,0.000284,0.999716,-0.0643,0.0,0.89255,-1.152074,1.457367,2.123919,-0.9117,Region I (Incident/Reflected)
"High Barrier (E=3.0, V0=8.0)",3.0,8.0,1.5,0.000284,0.999716,-0.0241,0.0,0.805874,-1.040164,1.315817,1.731374,-0.9116,Region I (Incident/Reflected)
"High Barrier (E=3.0, V0=8.0)",3.0,8.0,1.5,0.000284,0.999716,0.0161,8.0,0.712928,-0.920162,1.164029,1.354964,-0.9116,Region II (Barrier)
"High Barrier (E=3.0, V0=8.0)",3.0,8.0,1.5,0.000284,0.999716,0.0562,8.0,0.627923,-0.810408,1.025207,1.051049,-0.9116,Region II (Barrier)
"High Barrier (E=3.0, V0=8.0)",3.0,8.0,1.5,0.000284,0.999716,0.0964,8.0,0.55306,-0.713743,0.902942,0.815305,-0.9116,Region II (Barrier)
"High Barrier (E=3.0, V0=8.0)",3.0,8.0,1.5,0.000284,0.999716,0.1365,8.0,0.487128,-0.628606,0.79526,0.632439,-0.9115,Region II (Barrier)
"High Barrier (E=3.0, V0=8.0)",3.0,8.0,1.5,0.000284,0.999716,0.1767,8.0,0.429064,-0.55362,0.700422,0.490591,-0.9115,Region II (Barrier)
"High Barrier (E=3.0, V0=8.0)",3.0,8.0,1.5,0.000284,0.999716,0.2169,8.0,0.377929,-0.487576,0.616896,0.380561,-0.9114,Region II (Barrier)
"High Barrier (E=3.0, V0=8.0)",3.0,8.0,1.5,0.000284,0.999716,0.257,8.0,0.332899,-0.429407,0.543334,0.295211,-0.9113,Region II (Barrier)
"High Barrier (E=3.0, V0=8.0)",3.0,8.0,1.5,0.000284,0.999716,0.2972,8.0,0.293244,-0.378172,0.478546,0.229006,-0.9112,Region II (Barrier)
"High Barrier (E=3.0, V0=8.0)",3.0,8.0,1.5,0.000284,0.999716,0.3373,8.0,0.258326,-0.333045,0.421487,0.177651,-0.9111,Region II (Barrier)
"High Barrier (E=3.0, V0=8.0)",3.0,8.0,1.5,0.000284,0.999716,0.3775,8.0,0.22758,-0.293297,0.371236,0.137816,-0.9109,Region II (Barrier)
"High Barrier (E=3.0, V0=8.0)",3.0,8.0,1.5,0.000284,0.999716,0.4177,8.0,0.200509,-0.258286,0.326979,0.106916,-0.9107,Region II (Barrier)
"High Barrier (E=3.0, V0=8.0)",3.0,8.0,1.5,0.000284,0.999716,0.4578,8.0,0.176677,-0.227446,0.288004,0.082947,-0.9104,Region II (Barrier)
"High Barrier (E=3.0, V0=8.0)",3.0,8.0,1.5,0.000284,0.999716,0.498,8.0,0.155698,-0.20028,0.253681,0.064354,-0.91,Region II (Barrier)
"High Barrier (E=3.0, V0=8.0)",3.0,8.0,1.5,0.000284,0.999716,0.5382,8.0,0.137233,-0.176348,0.223454,0.049932,-0.9095,Region II (Barrier)
"High Barrier (E=3.0, V0=8.0)",3.0,8.0,1.5,0.000284,0.999716,0.5783,8.0,0.120985,-0.155265,0.196836,0.038745,-0.9089,Region II (Barrier)
"High Barrier (E=3.0, V0=8.0)",3.0,8.0,1.5,0.000284,0.999716,0.6185,8.0,0.106691,-0.136689,0.173398,0.030067,-0.908,Region II (Barrier)
"High Barrier (E=3.0, V0=8.0)",3.0,8.0,1.5,0.000284,0.999716,0.6586,8.0,0.09412,-0.120321,0.15276,0.023336,-0.907,Region II (Barrier)
"High Barrier (E=3.0, V0=8.0)",3.0,8.0,1.5,0.000284,0.999716,0.6988,8.0,0.083069,-0.105895,0.134589,0.018114,-0.9056,Region II (Barrier)
"High Barrier (E=3.0, V0=8.0)",3.0,8.0,1.5,0.000284,0.999716,0.739,8.0,0.07336,-0.09318,0.118593,0.014064,-0.9039,Region II (Barrier)
"High Barrier (E=3.0, V0=8.0)",3.0,8.0,1.5,0.000284,0.999716,0.7791,8.0,0.064835,-0.08197,0.104512,0.010923,-0.9016,Region II (Barrier)
"High Barrier (E=3.0, V0=8.0)",3.0,8.0,1.5,0.000284,0.999716,0.8193,8.0,0.057358,-0.072084,0.09212,0.008486,-0.8987,Region II (Barrier)
"High Barrier (E=3.0, V0=8.0)",3.0,8.0,1.5,0.000284,0.999716,0.8594,8.0,0.050807,-0.063362,0.081217,0.006596,-0.8949,Region II (Barrier)
"High Barrier (E=3.0, V0=8.0)",3.0,8.0,1.5,0.000284,0.999716,0.8996,8.0,0.045077,-0.055664,0.071627,0.00513,-0.8901,Region II (Barrier)
"High Barrier (E=3.0, V0=8.0)",3.0,8.0,1.5,0.000284,0.999716,0.9398,8.0,0.040074,-0.048864,0.063195,0.003994,-0.8839,Region II (Barrier)
"High Barrier (E=3.0, V0=8.0)",3.0,8.0,1.5,0.000284,0.999716,0.9799,8.0,0.035719,-0.042854,0.055788,0.003112,-0.876,Region II (Barrier)
"High Barrier (E=3.0, V0=8.0)",3.0,8.0,1.5,0.000284,0.999716,1.0201,8.0,0.031941,-0.037535,0.049286,0.002429,-0.8658,Region II (Barrier)
"High Barrier (E=3.0, V0=8.0)",3.0,8.0,1.5,0.000284,0.999716,1.0602,8.0,0.028678,-0.032823,0.043587,0.0019,-0.8527,Region II (Barrier)
"High Barrier (E=3.0, V0=8.0)",3.0,8.0,1.5,0.000284,0.999716,1.1004,8.0,0.025879,-0.028641,0.038601,0.00149,-0.836,Region II (Barrier)
"High Barrier (E=3.0, V0=8.0)",3.0,8.0,1.5,0.000284,0.999716,1.1406,8.0,0.023498,-0.024922,0.034253,0.001173,-0.8148,Region II (Barrier)
"High Barrier (E=3.0, V0=8.0)",3.0,8.0,1.5,0.000284,0.999716,1.1807,8.0,0.021496,-0.021605,0.030477,0.000929,-0.7879,Region II (Barrier)
"High Barrier (E=3.0, V0=8.0)",3.0,8.0,1.5,0.000284,0.999716,1.2209,8.0,0.019841,-0.018637,0.027222,0.000741,-0.7541,Region II (Barrier)
"High Barrier (E=3.0, V0=8.0)",3.0,8.0,1.5,0.000284,0.999716,1.261,8.0,0.018507,-0.01597,0.024445,0.000598,-0.7119,Region II (Barrier)
"High Barrier (E=3.0, V0=8.0)",3.0,8.0,1.5,0.000284,0.999716,1.3012,8.0,0.017472,-0.013561,0.022117,0.000489,-0.66,Region II (Barrier)
"High Barrier (E=3.0, V0=8.0)",3.0,8.0,1.5,0.000284,0.999716,1.3414,8.0,0.016719,-0.011371,0.020219,0.000409,-0.5973,Region II (Barrier)
"High Barrier (E=3.0, V0=8.0)",3.0,8.0,1.5,0.000284,0.999716,1.3815,8.0,0.016235,-0.009365,0.018743,0.000351,-0.5232,Region II (Barrier)
"High Barrier (E=3.0, V0=8.0)",3.0,8.0,1.5,0.000284,0.999716,1.4217,8.0,0.016015,-0.007509,0.017688,0.000313,-0.4385,Region II (Barrier)
"High Barrier (E=3.0, V0=8.0)",3.0,8.0,1.5,0.000284,0.999716,1.4618,8.0,0.016052,-0.005776,0.01706,0.000291,-0.3454,Region II (Barrier)
"High Barrier (E=3.0, V0=8.0)",3.0,8.0,1.5,0.000284,0.999716,1.502,0.0,0.016349,-0.004135,0.016863,0.000284,-0.2477,Region III (Transmitted)
"High Barrier (E=3.0, V0=8.0)",3.0,8.0,1.5,0.000284,0.999716,1.5422,0.0,0.016676,-0.002509,0.016863,0.000284,-0.1494,Region III (Transmitted)
"High Barrier (E=3.0, V0=8.0)",3.0,8.0,1.5,0.000284,0.999716,1.5823,0.0,0.016842,-0.000859,0.016863,0.000284,-0.051,Region III (Transmitted)
"High Barrier (E=3.0, V0=8.0)",3.0,8.0,1.5,0.000284,0.999716,1.6225,0.0,0.016845,0.000799,0.016863,0.000284,0.0474,Region III (Transmitted)
"High Barrier (E=3.0, V0=8.0)",3.0,8.0,1.5,0.000284,0.999716,1.6627,0.0,0.016685,0.002449,0.016863,0.000284,0.1458,Region III (Transmitted)
"High Barrier (E=3.0, V0=8.0)",3.0,8.0,1.5,0.000284,0.999716,1.7028,0.0,0.016363,0.004076,0.016863,0.000284,0.2441,Region III (Transmitted)
"High Barrier (E=3.0, V0=8.0)",3.0,8.0,1.5,0.000284,0.999716,1.743,0.0,0.015884,0.005664,0.016863,0.000284,0.3425,Region III (Transmitted)
"High Barrier (E=3.0, V0=8.0)",3.0,8.0,1.5,0.000284,0.999716,1.7831,0.0,0.015251,0.007196,0.016863,0.000284,0.4409,Region III (Transmitted)
"High Barrier (E=3.0, V0=8.0)",3.0,8.0,1.5,0.000284,0.999716,1.8233,0.0,0.01447,0.008659,0.016863,0.000284,0.5393,Region III (Transmitted)
"High Barrier (E=3.0, V0=8.0)",3.0,8.0,1.5,0.000284,0.999716,1.8635,0.0,0.01355,0.010039,0.016863,0.000284,0.6376,Region III (Transmitted)
"High Barrier (E=3.0, V0=8.0)",3.0,8.0,1.5,0.000284,0.999716,1.9036,0.0,0.012498,0.011321,0.016863,0.000284,0.736,Region III (Transmitted)
"High Barrier (E=3.0, V0=8.0)",3.0,8.0,1.5,0.000284,0.999716,1.9438,0.0,0.011326,0.012494,0.016863,0.000284,0.8344,Region III (Transmitted)
"High Barrier (E=3.0, V0=8.0)",3.0,8.0,1.5,0.000284,0.999716,1.9839,0.0,0.010044,0.013546,0.016863,0.000284,0.9328,Region III (Transmitted)
"High Barrier (E=3.0, V0=8.0)",3.0,8.0,1.5,0.000284,0.999716,2.0241,0.0,0.008665,0.014467,0.016863,0.000284,1.0311,Region III (Transmitted)
"High Barrier (E=3.0, V0=8.0)",3.0,8.0,1.5,0.000284,0.999716,2.0643,0.0,0.007203,0.015248,0.016863,0.000284,1.1295,Region III (Transmitted)
"High Barrier (E=3.0, V0=8.0)",3.0,8.0,1.5,0.000284,0.999716,2.1044,0.0,0.00567,0.015882,0.016863,0.000284,1.2279,Region III (Transmitted)
"High Barrier (E=3.0, V0=8.0)",3.0,8.0,1.5,0.000284,0.999716,2.1446,0.0,0.004083,0.016362,0.016863,0.000284,1.3262,Region III (Transmitted)
"High Barrier (E=3.0, V0=8.0)",3.0,8.0,1.5,0.000284,0.999716,2.1847,0.0,0.002456,0.016684,0.016863,0.000284,1.4246,Region III (Transmitted)
"High Barrier (E=3.0, V0=8.0)",3.0,8.0,1.5,0.000284,0.999716,2.2249,0.0,0.000806,0.016844,0.016863,0.000284,1.523,Region III (Transmitted)
"High Barrier (E=3.0, V0=8.0)",3.0,8.0,1.5,0.000284,0.999716,2.2651,0.0,-0.000852,0.016842,0.016863,0.000284,1.6214,Region III (Transmitted)
"High Barrier (E=3.0, V0=8.0)",3.0,8.0,1.5,0.000284,0.999716,2.3052,0.0,-0.002502,0.016677,0.016863,0.000284,1.7197,Region III (Transmitted)
"High Barrier (E=3.0, V0=8.0)",3.0,8.0,1.5,0.000284,0.999716,2.3454,0.0,-0.004128,0.01635,0.016863,0.000284,1.8181,Region III (Transmitted)
"High Barrier (E=3.0, V0=8.0)",3.0,8.0,1.5,0.000284,0.999716,2.3855,0.0,-0.005714,0.015866,0.016863,0.000284,1.9165,Region III (Transmitted)
"High Barrier (E=3.0, V0=8.0)",3.0,8.0,1.5,0.000284,0.999716,2.4257,0.0,-0.007245,0.015228,0.016863,0.000284,2.0149,Region III (Transmitted)
"High Barrier (E=3.0, V0=8.0)",3.0,8.0,1.5,0.000284,0.999716,2.4659,0.0,-0.008705,0.014443,0.016863,0.000284,2.1132,Region III (Transmitted)
"High Barrier (E=3.0, V0=8.0)",3.0,8.0,1.5,0.000284,0.999716,2.506,0.0,-0.010082,0.013518,0.016863,0.000284,2.2116,Region III (Transmitted)
"High Barrier (E=3.0, V0=8.0)",3.0,8.0,1.5,0.000284,0.999716,2.5462,0.0,-0.011361,0.012462,0.016863,0.000284,2.31,Region III (Transmitted)
"High Barrier (E=3.0, V0=8.0)",3.0,8.0,1.5,0.000284,0.999716,2.5863,0.0,-0.01253,0.011286,0.016863,0.000284,2.4083,Region III (Transmitted)
"High Barrier (E=3.0, V0=8.0)",3.0,8.0,1.5,0.000284,0.999716,2.6265,0.0,-0.013578,0.010001,0.016863,0.000284,2.5067,Region III (Transmitted)
"High Barrier (E=3.0, V0=8.0)",3.0,8.0,1.5,0.000284,0.999716,2.6667,0.0,-0.014494,0.008619,0.016863,0.000284,2.6051,Region III (Transmitted)
"High Barrier (E=3.0, V0=8.0)",3.0,8.0,1.5,0.000284,0.999716,2.7068,0.0,-0.015271,0.007154,0.016863,0.000284,2.7035,Region III (Transmitted)
"High Barrier (E=3.0, V0=8.0)",3.0,8.0,1.5,0.000284,0.999716,2.747,0.0,-0.0159,0.00562,0.016863,0.000284,2.8018,Region III (Transmitted)
"High Barrier (E=3.0, V0=8.0)",3.0,8.0,1.5,0.000284,0.999716,2.7871,0.0,-0.016375,0.004031,0.016863,0.000284,2.9002,Region III (Transmitted)
"High Barrier (E=3.0, V0=8.0)",3.0,8.0,1.5,0.000284,0.999716,2.8273,0.0,-0.016691,0.002403,0.016863,0.000284,2.9986,Region III (Transmitted)
"High Barrier (E=3.0, V0=8.0)",3.0,8.0,1.5,0.000284,0.999716,2.8675,0.0,-0.016847,0.000752,0.016863,0.000284,3.097,Region III (Transmitted)
"High Barrier (E=3.0, V0=8.0)",3.0,8.0,1.5,0.000284,0.999716,2.9076,0.0,-0.016839,-0.000906,0.016863,0.000284,-3.0879,Region III (Transmitted)
"High Barrier (E=3.0, V0=8.0)",3.0,8.0,1.5,0.000284,0.999716,2.9478,0.0,-0.016669,-0.002555,0.016863,0.000284,-2.9895,Region III (Transmitted)
"High Barrier (E=3.0, V0=8.0)",3.0,8.0,1.5,0.000284,0.999716,2.988,0.0,-0.016337,-0.00418,0.016863,0.000284,-2.8911,Region III (Transmitted)
"High Barrier (E=3.0, V0=8.0)",3.0,8.0,1.5,0.000284,0.999716,3.0281,0.0,-0.015848,-0.005764,0.016863,0.000284,-2.7927,Region III (Transmitted)
"High Barrier (E=3.0, V0=8.0)",3.0,8.0,1.5,0.000284,0.999716,3.0683,0.0,-0.015205,-0.007293,0.016863,0.000284,-2.6944,Region III (Transmitted)
"High Barrier (E=3.0, V0=8.0)",3.0,8.0,1.5,0.000284,0.999716,3.1084,0.0,-0.014415,-0.008751,0.016863,0.000284,-2.596,Region III (Transmitted)
"High Barrier (E=3.0, V0=8.0)",3.0,8.0,1.5,0.000284,0.999716,3.1486,0.0,-0.013486,-0.010125,0.016863,0.000284,-2.4976,Region III (Transmitted)
"High Barrier (E=3.0, V0=8.0)",3.0,8.0,1.5,0.000284,0.999716,3.1888,0.0,-0.012426,-0.0114,0.016863,0.000284,-2.3992,Region III (Transmitted)
"High Barrier (E=3.0, V0=8.0)",3.0,8.0,1.5,0.000284,0.999716,3.2289,0.0,-0.011247,-0.012565,0.016863,0.000284,-2.3009,Region III (Transmitted)
"High Barrier (E=3.0, V0=8.0)",3.0,8.0,1.5,0.000284,0.999716,3.2691,0.0,-0.009958,-0.013609,0.016863,0.000284,-2.2025,Region III (Transmitted)
"High Barrier (E=3.0, V0=8.0)",3.0,8.0,1.5,0.000284,0.999716,3.3092,0.0,-0.008573,-0.014522,0.016863,0.000284,-2.1041,Region III (Transmitted)
"High Barrier (E=3.0, V0=8.0)",3.0,8.0,1.5,0.000284,0.999716,3.3494,0.0,-0.007106,-0.015293,0.016863,0.000284,-2.0057,Region III (Transmitted)
"High Barrier (E=3.0, V0=8.0)",3.0,8.0,1.5,0.000284,0.999716,3.3896,0.0,-0.005569,-0.015917,0.016863,0.000284,-1.9074,Region III (Transmitted)
"High Barrier (E=3.0, V0=8.0)",3.0,8.0,1.5,0.000284,0.999716,3.4297,0.0,-0.003979,-0.016387,0.016863,0.000284,-1.809,Region III (Transmitted)
"High Barrier (E=3.0, V0=8.0)",3.0,8.0,1.5,0.000284,0.999716,3.4699,0.0,-0.00235,-0.016699,0.016863,0.000284,-1.7106,Region III (Transmitted)
"High Barrier (E=3.0, V0=8.0)",3.0,8.0,1.5,0.000284,0.999716,3.51,0.0,-0.000699,-0.016849,0.016863,0.000284,-1.6123,Region III (Transmitted)
"High Barrier (E=3.0, V0=8.0)",3.0,8.0,1.5,0.000284,0.999716,3.5502,0.0,0.000959,-0.016836,0.016863,0.000284,-1.5139,Region III (Transmitted)
"High Barrier (E=3.0, V0=8.0)",3.0,8.0,1.5,0.000284,0.999716,3.5904,0.0,0.002608,-0.016661,0.016863,0.000284,-1.4155,Region III (Transmitted)
"High Barrier (E=3.0, V0=8.0)",3.0,8.0,1.5,0.000284,0.999716,3.6305,0.0,0.004232,-0.016324,0.016863,0.000284,-1.3171,Region III (Transmitted)
"High Barrier (E=3.0, V0=8.0)",3.0,8.0,1.5,0.000284,0.999716,3.6707,0.0,0.005815,-0.015829,0.016863,0.000284,-1.2188,Region III (Transmitted)
"High Barrier (E=3.0, V0=8.0)",3.0,8.0,1.5,0.000284,0.999716,3.7108,0.0,0.007341,-0.015182,0.016863,0.000284,-1.1204,Region III (Transmitted)
"High Barrier (E=3.0, V0=8.0)",3.0,8.0,1.5,0.000284,0.999716,3.751,0.0,0.008797,-0.014387,0.016863,0.000284,-1.022,Region III (Transmitted)
"High Barrier (E=3.0, V0=8.0)",3.0,8.0,1.5,0.000284,0.999716,3.7912,0.0,0.010167,-0.013454,0.016863,0.000284,-0.9236,Region III (Transmitted)
"High Barrier (E=3.0, V0=8.0)",3.0,8.0,1.5,0.000284,0.999716,3.8313,0.0,0.011439,-0.01239,0.016863,0.000284,-0.8253,Region III (Transmitted)
"High Barrier (E=3.0, V0=8.0)",3.0,8.0,1.5,0.000284,0.999716,3.8715,0.0,0.012601,-0.011207,0.016863,0.000284,-0.7269,Region III (Transmitted)
"High Barrier (E=3.0, V0=8.0)",3.0,8.0,1.5,0.000284,0.999716,3.9116,0.0,0.013641,-0.009915,0.016863,0.000284,-0.6285,Region III (Transmitted)
"High Barrier (E=3.0, V0=8.0)",3.0,8.0,1.5,0.000284,0.999716,3.9518,0.0,0.014549,-0.008527,0.016863,0.000284,-0.5302,Region III (Transmitted)
"High Barrier (E=3.0, V0=8.0)",3.0,8.0,1.5,0.000284,0.999716,3.992,0.0,0.015316,-0.007057,0.016863,0.000284,-0.4318,Region III (Transmitted)
"High Barrier (E=3.0, V0=8.0)",3.0,8.0,1.5,0.000284,0.999716,4.0321,0.0,0.015935,-0.005519,0.016863,0.000284,-0.3334,Region III (Transmitted)
"High Barrier (E=3.0, V0=8.0)",3.0,8.0,1.5,0.000284,0.999716,4.0723,0.0,0.0164,-0.003927,0.016863,0.000284,-0.235,Region III (Transmitted)
"High Barrier (E=3.0, V0=8.0)",3.0,8.0,1.5,0.000284,0.999716,4.1124,0.0,0.016706,-0.002297,0.016863,0.000284,-0.1367,Region III (Transmitted)
"High Barrier (E=3.0, V0=8.0)",3.0,8.0,1.5,0.000284,0.999716,4.1526,0.0,0.016851,-0.000645,0.016863,0.000284,-0.0383,Region III (Transmitted)
"High Barrier (E=3.0, V0=8.0)",3.0,8.0,1.5,0.000284,0.999716,4.1928,0.0,0.016833,0.001013,0.016863,0.000284,0.0601,Region III (Transmitted)
"High Barrier (E=3.0, V0=8.0)",3.0,8.0,1.5,0.000284,0.999716,4.2329,0.0,0.016652,0.002661,0.016863,0.000284,0.1585,Region III (Transmitted)
"High Barrier (E=3.0, V0=8.0)",3.0,8.0,1.5,0.000284,0.999716,4.2731,0.0,0.01631,0.004284,0.016863,0.000284,0.2568,Region III (Transmitted)
"High Barrier (E=3.0, V0=8.0)",3.0,8.0,1.5,0.000284,0.999716,4.3133,0.0,0.015811,0.005865,0.016863,0.000284,0.3552,Region III (Transmitted)
"High Barrier (E=3.0, V0=8.0)",3.0,8.0,1.5,0.000284,0.999716,4.3534,0.0,0.015158,0.007389,0.016863,0.000284,0.4536,Region III (Transmitted)
"High Barrier (E=3.0, V0=8.0)",3.0,8.0,1.5,0.000284,0.999716,4.3936,0.0,0.014359,0.008842,0.016863,0.000284,0.552,Region III (Transmitted)
"High Barrier (E=3.0, V0=8.0)",3.0,8.0,1.5,0.000284,0.999716,4.4337,0.0,0.013421,0.01021,0.016863,0.000284,0.6503,Region III (Transmitted)
"High Barrier (E=3.0, V0=8.0)",3.0,8.0,1.5,0.000284,0.999716,4.4739,0.0,0.012354,0.011479,0.016863,0.000284,0.7487,Region III (Transmitted)
"High Barrier (E=3.0, V0=8.0)",3.0,8.0,1.5,0.000284,0.999716,4.5141,0.0,0.011167,0.012637,0.016863,0.000284,0.8471,Region III (Transmitted)
"High Barrier (E=3.0, V0=8.0)",3.0,8.0,1.5,0.000284,0.999716,4.5542,0.0,0.009872,0.013672,0.016863,0.000284,0.9454,Region III (Transmitted)
"High Barrier (E=3.0, V0=8.0)",3.0,8.0,1.5,0.000284,0.999716,4.5944,0.0,0.008481,0.014576,0.016863,0.000284,1.0438,Region III (Transmitted)
"High Barrier (E=3.0, V0=8.0)",3.0,8.0,1.5,0.000284,0.999716,4.6345,0.0,0.007009,0.015338,0.016863,0.000284,1.1422,Region III (Transmitted)
"High Barrier (E=3.0, V0=8.0)",3.0,8.0,1.5,0.000284,0.999716,4.6747,0.0,0.005468,0.015952,0.016863,0.000284,1.2406,Region III (Transmitted)
"High Barrier (E=3.0, V0=8.0)",3.0,8.0,1.5,0.000284,0.999716,4.7149,0.0,0.003875,0.016412,0.016863,0.000284,1.3389,Region III (Transmitted)
"High Barrier (E=3.0, V0=8.0)",3.0,8.0,1.5,0.000284,0.999716,4.755,0.0,0.002244,0.016713,0.016863,0.000284,1.4373,Region III (Transmitted)
"High Barrier (E=3.0, V0=8.0)",3.0,8.0,1.5,0.000284,0.999716,4.7952,0.0,0.000592,0.016853,0.016863,0.000284,1.5357,Region III (Transmitted)
"High Barrier (E=3.0, V0=8.0)",3.0,8.0,1.5,0.000284,0.999716,4.8353,0.0,-0.001066,0.01683,0.016863,0.000284,1.6341,Region III (Transmitted)
"High Barrier (E=3.0, V0=8.0)",3.0,8.0,1.5,0.000284,0.999716,4.8755,0.0,-0.002714,0.016644,0.016863,0.000284,1.7324,Region III (Transmitted)
"High Barrier (E=3.0, V0=8.0)",3.0,8.0,1.5,0.000284,0.999716,4.9157,0.0,-0.004335,0.016297,0.016863,0.000284,1.8308,Region III (Transmitted)
"High Barrier (E=3.0, V0=8.0)",3.0,8.0,1.5,0.000284,0.999716,4.9558,0.0,-0.005915,0.015792,0.016863,0.000284,1.9292,Region III (Transmitted)
"High Barrier (E=3.0, V0=8.0)",3.0,8.0,1.5,0.000284,0.999716,4.996,0.0,-0.007437,0.015135,0.016863,0.000284,2.0275,Region III (Transmitted)
"High Barrier (E=3.0, V0=8.0)",3.0,8.0,1.5,0.000284,0.999716,5.0361,0.0,-0.008888,0.014331,0.016863,0.000284,2.1259,Region III (Transmitted)
"High Barrier (E=3.0, V0=8.0)",3.0,8.0,1.5,0.000284,0.999716,5.0763,0.0,-0.010252,0.013389,0.016863,0.000284,2.2243,Region III (Transmitted)
"High Barrier (E=3.0, V0=8.0)",3.0,8.0,1.5,0.000284,0.999716,5.1165,0.0,-0.011518,0.012317,0.016863,0.000284,2.3227,Region III (Transmitted)
"High Barrier (E=3.0, V0=8.0)",3.0,8.0,1.5,0.000284,0.999716,5.1566,0.0,-0.012672,0.011127,0.016863,0.000284,2.421,Region III (Transmitted)
"High Barrier (E=3.0, V0=8.0)",3.0,8.0,1.5,0.000284,0.999716,5.1968,0.0,-0.013703,0.009828,0.016863,0.000284,2.5194,Region III (Transmitted)
"High Barrier (E=3.0, V0=8.0)",3.0,8.0,1.5,0.000284,0.999716,5.2369,0.0,-0.014602,0.008435,0.016863,0.000284,2.6178,Region III (Transmitted)
"High Barrier (E=3.0, V0=8.0)",3.0,8.0,1.5,0.000284,0.999716,5.2771,0.0,-0.01536,0.00696,0.016863,0.000284,2.7162,Region III (Transmitted)
"High Barrier (E=3.0, V0=8.0)",3.0,8.0,1.5,0.000284,0.999716,5.3173,0.0,-0.01597,0.005418,0.016863,0.000284,2.8145,Region III (Transmitted)
"High Barrier (E=3.0, V0=8.0)",3.0,8.0,1.5,0.000284,0.999716,5.3574,0.0,-0.016424,0.003823,0.016863,0.000284,2.9129,Region III (Transmitted)
"High Barrier (E=3.0, V0=8.0)",3.0,8.0,1.5,0.000284,0.999716,5.3976,0.0,-0.01672,0.002191,0.016863,0.000284,3.0113,Region III (Transmitted)
"High Barrier (E=3.0, V0=8.0)",3.0,8.0,1.5,0.000284,0.999716,5.4378,0.0,-0.016855,0.000539,0.016863,0.000284,3.1097,Region III (Transmitted)
"High Barrier (E=3.0, V0=8.0)",3.0,8.0,1.5,0.000284,0.999716,5.4779,0.0,-0.016826,-0.001119,0.016863,0.000284,-3.0752,Region III (Transmitted)
"High Barrier (E=3.0, V0=8.0)",3.0,8.0,1.5,0.000284,0.999716,5.5181,0.0,-0.016635,-0.002767,0.016863,0.000284,-2.9768,Region III (Transmitted)
"High Barrier (E=3.0, V0=8.0)",3.0,8.0,1.5,0.000284,0.999716,5.5582,0.0,-0.016283,-0.004387,0.016863,0.000284,-2.8784,Region III (Transmitted)
"High Barrier (E=3.0, V0=8.0)",3.0,8.0,1.5,0.000284,0.999716,5.5984,0.0,-0.015773,-0.005965,0.016863,0.000284,-2.78,Region III (Transmitted)
"High Barrier (E=3.0, V0=8.0)",3.0,8.0,1.5,0.000284,0.999716,5.6386,0.0,-0.015111,-0.007485,0.016863,0.000284,-2.6817,Region III (Transmitted)
"High Barrier (E=3.0, V0=8.0)",3.0,8.0,1.5,0.000284,0.999716,5.6787,0.0,-0.014303,-0.008933,0.016863,0.000284,-2.5833,Region III (Transmitted)
"High Barrier (E=3.0, V0=8.0)",3.0,8.0,1.5,0.000284,0.999716,5.7189,0.0,-0.013356,-0.010295,0.016863,0.000284,-2.4849,Region III (Transmitted)
"High Barrier (E=3.0, V0=8.0)",3.0,8.0,1.5,0.000284,0.999716,5.759,0.0,-0.012281,-0.011557,0.016863,0.000284,-2.3865,Region III (Transmitted)
"High Barrier (E=3.0, V0=8.0)",3.0,8.0,1.5,0.000284,0.999716,5.7992,0.0,-0.011086,-0.012707,0.016863,0.000284,-2.2882,Region III (Transmitted)
"High Barrier (E=3.0, V0=8.0)",3.0,8.0,1.5,0.000284,0.999716,5.8394,0.0,-0.009785,-0.013735,0.016863,0.000284,-2.1898,Region III (Transmitted)
"High Barrier (E=3.0, V0=8.0)",3.0,8.0,1.5,0.000284,0.999716,5.8795,0.0,-0.008388,-0.014629,0.016863,0.000284,-2.0914,Region III (Transmitted)
"High Barrier (E=3.0, V0=8.0)",3.0,8.0,1.5,0.000284,0.999716,5.9197,0.0,-0.006911,-0.015382,0.016863,0.000284,-1.9931,Region III (Transmitted)
"High Barrier (E=3.0, V0=8.0)",3.0,8.0,1.5,0.000284,0.999716,5.9598,0.0,-0.005367,-0.015987,0.016863,0.000284,-1.8947,Region III (Transmitted)
"High Barrier (E=3.0, V0=8.0)",3.0,8.0,1.5,0.000284,0.999716,6.0,0.0,-0.003771,-0.016436,0.016863,0.000284,-1.7963,Region III (Transmitted)
